order_id,date,region,store_id,category,product,units,unit_price,revenue,customer_segment,channel,seasonal_factor
ORD-00536998,2022-01-01,Region 38,4,Beauty,Serum,7,36.09,252.63,Retail,Wholesale,1.0
ORD-00757967,2022-01-01,Region 45,260,Apparel,Sneakers,10,42.12,421.2,Enterprise,Retail,1.0
ORD-00570441,2022-01-02,Region 36,389,Electronics,Smartphone,12,472.26,5667.12,SMB,Online Store,1.0
ORD-00120000,2022-01-02,Region 41,151,Home,Blender,16,162.17,2594.72,Wholesale,Retail,1.0
ORD-00389654,2022-01-02,Region 55,517,Sports,Water Bottle,6,78.86,473.16,SMB,Online Store,1.0
ORD-00204280,2022-01-02,Region 43,293,Books,Cookbook,3,26.9,80.7,Wholesale,Retail,1.0
ORD-00310042,2022-01-03,Region 10,323,Sports,Water Bottle,5,107.04,535.2,Enterprise,Online Store,1.0
ORD-00119619,2022-01-04,Region 05,140,Toys,Board Game,1,46.15,46.15,Wholesale,Retail,1.0
ORD-00863388,2022-01-04,Region 31,309,Beauty,Lipstick,12,31.32,375.84,Wholesale,Retail,1.0
ORD-00437248,2022-01-04,Region 15,309,Grocery,Milk Powder,18,19.06,343.08,Wholesale,Wholesale,1.0
ORD-00745783,2022-01-05,Region 37,403,Apparel,Jacket,16,79.68,1274.88,SMB,Online Store,1.0
ORD-00967937,2022-01-05,Region 32,538,Toys,Puzzle,11,40.92,450.12,Retail,Online Store,1.0
ORD-00768102,2022-01-05,Region 34,522,Beauty,Serum,15,33.06,495.9,SMB,Wholesale,1.0
ORD-00911554,2022-01-05,Region 20,514,Books,Journal,6,18.04,108.24,Enterprise,Online Store,1.0
ORD-00899589,2022-01-05,Region 11,473,Home,Curtains,11,165.54,1820.94,SMB,Online Store,1.0
ORD-00646878,2022-01-06,Region 14,167,Apparel,T-Shirt,15,78.95,1184.25,Enterprise,Online Store,1.0
ORD-00769185,2022-01-06,Region 27,4,Toys,Board Game,3,53.55,160.65,Retail,Wholesale,1.0
ORD-00494094,2022-01-06,Region 50,535,Apparel,Jacket,13,52.47,682.11,Wholesale,Wholesale,1.0
ORD-00347117,2022-01-06,Region 18,461,Toys,Board Game,18,29.12,524.16,SMB,Retail,1.0
ORD-00456700,2022-01-07,Region 39,9,Grocery,Cooking Oil,15,27.11,406.65,Retail,Retail,1.0
ORD-00642003,2022-01-07,Region 13,438,Sports,Water Bottle,15,74.51,1117.65,SMB,Online Store,1.0
ORD-00966082,2022-01-07,Region 35,333,Toys,Building Blocks,15,39.44,591.6,SMB,Online Store,1.0
ORD-00922910,2022-01-07,Region 05,241,Beauty,Serum,2,36.29,72.58,SMB,Wholesale,1.0
ORD-00347648,2022-01-07,Region 02,424,Beauty,Lipstick,6,27.25,163.5,Enterprise,Online Store,1.0
ORD-00501230,2022-01-07,Region 50,530,Electronics,Smartphone,1,653.77,653.77,Retail,Retail,1.0
ORD-00317815,2022-01-08,Region 51,475,Home,Blender,15,106.17,1592.55,Wholesale,Wholesale,1.0
ORD-00310670,2022-01-08,Region 25,288,Books,Journal,4,27.43,109.72,Enterprise,Retail,1.0
ORD-00488706,2022-01-08,Region 05,311,Sports,Dumbbells,6,100.97,605.82,SMB,Online Store,1.0
ORD-00665873,2022-01-08,Region 39,512,Books,Journal,14,20.43,286.02,Retail,Retail,1.0
ORD-00739481,2022-01-08,Region 03,409,Books,Textbook,9,32.85,295.65,Wholesale,Wholesale,1.0
ORD-00463475,2022-01-09,Region 17,554,Apparel,Sneakers,2,53.45,106.9,Retail,Retail,1.0
ORD-00918192,2022-01-09,Region 37,517,Home,Curtains,5,117.14,585.7,Enterprise,Retail,1.0
ORD-00519048,2022-01-09,Region 03,265,Sports,Dumbbells,16,104.62,1673.92,Retail,Wholesale,1.0
ORD-00610634,2022-01-09,Region 09,159,Electronics,Headphones,7,498.25,3487.75,Retail,Retail,1.0
ORD-00397547,2022-01-10,Region 47,60,Apparel,Jacket,2,74.86,149.72,Wholesale,Retail,1.0
ORD-00217175,2022-01-10,Region 30,421,Home,Lamp,18,203.83,3668.94,Wholesale,Online Store,1.0
ORD-00194047,2022-01-10,Region 27,543,Sports,Water Bottle,16,70.2,1123.2,Enterprise,Wholesale,1.0
ORD-00408296,2022-01-10,Region 13,62,Electronics,Smartphone,12,672.11,8065.32,Enterprise,Retail,1.0
ORD-00136059,2022-01-10,Region 26,324,Apparel,T-Shirt,11,52.3,575.3,Enterprise,Wholesale,1.0
ORD-00806075,2022-01-10,Region 08,586,Electronics,Smartphone,6,462.94,2777.64,Retail,Online Store,1.0
ORD-00719800,2022-01-11,Region 33,590,Beauty,Lipstick,17,39.05,663.85,Wholesale,Online Store,1.0
ORD-00478457,2022-01-11,Region 27,87,Toys,Puzzle,8,29.17,233.36,Wholesale,Retail,1.0
ORD-00959375,2022-01-11,Region 08,178,Electronics,Smartphone,13,649.22,8439.86,Wholesale,Retail,1.0
ORD-00934981,2022-01-12,Region 51,574,Beauty,Serum,14,34.74,486.36,Wholesale,Wholesale,1.0
ORD-00677118,2022-01-12,Region 37,221,Electronics,Laptop,8,573.12,4584.96,Retail,Wholesale,1.0
ORD-00281980,2022-01-12,Region 24,558,Books,Journal,16,18.47,295.52,Enterprise,Retail,1.0
ORD-00529244,2022-01-12,Region 40,232,Sports,Treadmill,20,65.74,1314.8,Wholesale,Online Store,1.0
ORD-00689151,2022-01-12,Region 23,420,Electronics,Laptop,9,386.89,3482.01,Retail,Retail,1.0
ORD-00723028,2022-01-13,Region 38,512,Electronics,Laptop,14,565.99,7923.86,Retail,Retail,1.0
ORD-00300348,2022-01-13,Region 48,436,Sports,Treadmill,12,93.89,1126.68,Enterprise,Online Store,1.0
ORD-00037915,2022-01-13,Region 13,130,Electronics,Tablet,5,612.35,3061.75,SMB,Wholesale,1.0
ORD-00367242,2022-01-13,Region 53,49,Electronics,Tablet,2,398.17,796.34,Retail,Wholesale,1.0
ORD-00167821,2022-01-14,Region 42,427,Electronics,Smartphone,2,583.59,1167.18,SMB,Wholesale,1.0
ORD-00496445,2022-01-14,Region 34,295,Home,Sofa,1,118.87,118.87,Wholesale,Wholesale,1.0
ORD-00974038,2022-01-14,Region 28,394,Books,Textbook,12,21.43,257.16,Wholesale,Wholesale,1.0
ORD-00754011,2022-01-15,Region 30,32,Grocery,Rice,18,25.78,464.04,Enterprise,Online Store,1.0
ORD-00347381,2022-01-15,Region 43,586,Home,Curtains,10,116.53,1165.3,Retail,Wholesale,1.0
ORD-00116535,2022-01-15,Region 49,74,Apparel,T-Shirt,3,79.55,238.65,Retail,Retail,1.0
ORD-00514340,2022-01-16,Region 19,255,Home,Lamp,15,179.91,2698.65,Retail,Wholesale,1.0
ORD-00575838,2022-01-16,Region 08,79,Books,Novel,8,34.79,278.32,Retail,Retail,1.0
ORD-00032294,2022-01-16,Region 20,456,Home,Sofa,20,136.07,2721.4,SMB,Online Store,1.0
ORD-00312459,2022-01-16,Region 26,195,Toys,Action Figure,10,41.23,412.3,SMB,Retail,1.0
ORD-00910142,2022-01-16,Region 53,193,Electronics,Smartphone,2,571.48,1142.96,Enterprise,Online Store,1.0
ORD-00173009,2022-01-16,Region 46,197,Electronics,Laptop,6,447.61,2685.66,Retail,Wholesale,1.0
ORD-00663615,2022-01-16,Region 45,504,Toys,Building Blocks,8,41.9,335.2,Retail,Online Store,1.0
ORD-00461353,2022-01-16,Region 18,454,Home,Curtains,20,197.97,3959.4,Retail,Online Store,1.0
ORD-00316892,2022-01-17,Region 36,258,Apparel,Jeans,12,46.41,556.92,Wholesale,Wholesale,1.0
ORD-00083371,2022-01-17,Region 28,229,Home,Sofa,14,183.77,2572.78,Wholesale,Wholesale,1.0
ORD-00626955,2022-01-17,Region 16,548,Grocery,Coffee,7,16.98,118.86,Wholesale,Wholesale,1.0
ORD-00984025,2022-01-17,Region 35,357,Apparel,Jacket,16,65.59,1049.44,Wholesale,Online Store,1.0
ORD-00040810,2022-01-17,Region 48,236,Sports,Water Bottle,6,80.28,481.68,Retail,Online Store,1.0
ORD-00237301,2022-01-18,Region 41,164,Toys,Building Blocks,1,41.04,41.04,SMB,Online Store,1.0
ORD-00977563,2022-01-19,Region 13,169,Beauty,Lipstick,15,39.5,592.5,Wholesale,Wholesale,1.0
ORD-00743301,2022-01-20,Region 19,370,Books,Cookbook,14,34.23,479.22,Enterprise,Retail,1.0
ORD-00997822,2022-01-20,Region 12,257,Apparel,Jeans,2,56.83,113.66,SMB,Retail,1.0
ORD-00008654,2022-01-20,Region 19,255,Beauty,Lipstick,6,41.8,250.8,Wholesale,Retail,1.0
ORD-00062932,2022-01-20,Region 06,432,Apparel,T-Shirt,20,60.57,1211.4,Wholesale,Online Store,1.0
ORD-00234995,2022-01-20,Region 05,560,Apparel,T-Shirt,16,69.52,1112.32,Wholesale,Online Store,1.0
ORD-00059157,2022-01-21,Region 02,217,Beauty,Serum,19,48.65,924.35,Wholesale,Retail,1.0
ORD-00977238,2022-01-21,Region 32,476,Books,Cookbook,17,34.91,593.47,SMB,Online Store,1.0
ORD-00913275,2022-01-21,Region 31,63,Home,Lamp,3,106.23,318.69,Wholesale,Online Store,1.0
ORD-00797881,2022-01-21,Region 11,572,Home,Curtains,9,204.72,1842.48,Enterprise,Retail,1.0
ORD-00337047,2022-01-22,Region 45,85,Toys,Building Blocks,19,55.64,1057.16,Enterprise,Retail,1.0
ORD-00328816,2022-01-22,Region 05,263,Grocery,Milk Powder,6,27.48,164.88,Retail,Online Store,1.0
ORD-00299768,2022-01-22,Region 07,72,Books,Cookbook,15,31.59,473.85,SMB,Online Store,1.0
ORD-00305340,2022-01-22,Region 29,408,Electronics,Tablet,19,363.11,6899.09,SMB,Retail,1.0
ORD-00188734,2022-01-23,Region 29,598,Sports,Yoga Mat,7,93.23,652.61,Wholesale,Retail,1.0
ORD-00609125,2022-01-23,Region 41,42,Beauty,Moisturizer,6,27.49,164.94,Retail,Retail,1.0
ORD-00632151,2022-01-23,Region 15,494,Beauty,Moisturizer,3,29.55,88.65,SMB,Retail,1.0
ORD-00075772,2022-01-23,Region 39,532,Grocery,Rice,19,19.65,373.35,Retail,Wholesale,1.0
ORD-00116803,2022-01-23,Region 03,373,Books,Cookbook,5,26.52,132.6,Retail,Online Store,1.0
ORD-00005896,2022-01-24,Region 01,375,Toys,Board Game,1,39.95,39.95,Wholesale,Online Store,1.0
ORD-00505614,2022-01-24,Region 47,89,Home,Lamp,18,158.02,2844.36,SMB,Retail,1.0
ORD-00258041,2022-01-24,Region 45,368,Books,Journal,10,32.59,325.9,SMB,Wholesale,1.0
ORD-00563589,2022-01-25,Region 24,172,Toys,Board Game,17,34.59,588.03,Wholesale,Wholesale,1.0
ORD-00462287,2022-01-25,Region 26,215,Grocery,Coffee,2,20.73,41.46,Wholesale,Retail,1.0
ORD-00062054,2022-01-25,Region 06,600,Home,Sofa,13,143.92,1870.96,SMB,Wholesale,1.0
ORD-00878902,2022-01-25,Region 45,441,Books,Textbook,7,26.37,184.59,Wholesale,Wholesale,1.0
ORD-00587408,2022-01-25,Region 02,346,Electronics,Smartphone,4,587.57,2350.28,Retail,Online Store,1.0
ORD-00329883,2022-01-25,Region 15,3,Home,Blender,19,198.83,3777.77,Wholesale,Online Store,1.0
ORD-00475398,2022-01-26,Region 53,226,Home,Curtains,10,108.29,1082.9,Retail,Retail,1.0
ORD-00226939,2022-01-26,Region 42,582,Home,Blender,5,129.55,647.75,Retail,Retail,1.0
ORD-00361302,2022-01-26,Region 28,447,Electronics,Tablet,11,413.88,4552.68,Wholesale,Wholesale,1.0
ORD-00582766,2022-01-27,Region 11,209,Electronics,Smartphone,8,379.16,3033.28,SMB,Retail,1.0
ORD-00491520,2022-01-27,Region 24,280,Electronics,Headphones,6,663.29,3979.74,Enterprise,Wholesale,1.0
ORD-00780381,2022-01-27,Region 33,581,Electronics,Smartphone,17,391.99,6663.83,Retail,Wholesale,1.0
ORD-00426547,2022-01-27,Region 27,501,Home,Lamp,12,158.22,1898.64,Wholesale,Retail,1.0
ORD-00528245,2022-01-27,Region 25,304,Toys,Action Figure,4,37.83,151.32,Enterprise,Online Store,1.0
ORD-00934514,2022-01-27,Region 15,318,Grocery,Rice,13,26.7,347.1,Wholesale,Wholesale,1.0
ORD-00930040,2022-01-27,Region 16,490,Toys,Board Game,19,31.5,598.5,Retail,Retail,1.0
ORD-00863830,2022-01-27,Region 04,530,Sports,Yoga Mat,14,87.36,1223.04,Enterprise,Online Store,1.0
ORD-00818396,2022-01-28,Region 49,178,Home,Curtains,10,136.39,1363.9,Enterprise,Online Store,1.0
ORD-00592065,2022-01-28,Region 52,253,Home,Curtains,16,140.78,2252.48,Retail,Retail,1.0
ORD-00224483,2022-01-28,Region 06,551,Books,Journal,16,24.19,387.04,SMB,Retail,1.0
ORD-00787089,2022-01-28,Region 44,79,Home,Lamp,6,181.76,1090.56,Retail,Retail,1.0
ORD-00420486,2022-01-28,Region 06,314,Books,Journal,4,30.91,123.64,Enterprise,Wholesale,1.0
ORD-00871465,2022-01-29,Region 05,355,Apparel,Sneakers,3,79.96,239.88,Enterprise,Wholesale,1.0
ORD-00731260,2022-01-29,Region 24,272,Beauty,Moisturizer,10,45.26,452.6,Retail,Wholesale,1.0
ORD-00365517,2022-01-29,Region 09,243,Toys,Building Blocks,8,39.39,315.12,SMB,Online Store,1.0
ORD-00311235,2022-01-29,Region 09,254,Grocery,Cooking Oil,16,16.58,265.28,Retail,Wholesale,1.0
ORD-00666193,2022-01-29,Region 53,394,Beauty,Shampoo,7,44.99,314.93,Wholesale,Online Store,1.0
ORD-00177048,2022-01-29,Region 54,443,Toys,Action Figure,2,55.48,110.96,SMB,Retail,1.0
ORD-00941419,2022-01-29,Region 31,113,Sports,Yoga Mat,3,96.37,289.11,Retail,Online Store,1.0
ORD-00443958,2022-01-30,Region 26,274,Home,Lamp,16,155.9,2494.4,Retail,Retail,1.0
ORD-00484361,2022-01-30,Region 04,542,Beauty,Lipstick,5,43.99,219.95,SMB,Online Store,1.0
ORD-00972632,2022-01-30,Region 10,258,Home,Curtains,9,131.91,1187.19,Enterprise,Wholesale,1.0
ORD-00877837,2022-01-30,Region 42,155,Electronics,Tablet,2,444.62,889.24,SMB,Online Store,1.0
ORD-00314007,2022-01-31,Region 18,244,Electronics,Laptop,7,525.32,3677.24,Wholesale,Retail,1.0
ORD-00997088,2022-01-31,Region 54,191,Beauty,Shampoo,12,31.67,380.04,SMB,Online Store,1.0
ORD-00184403,2022-01-31,Region 10,394,Grocery,Coffee,14,19.79,277.06,Wholesale,Online Store,1.0
ORD-00125145,2022-02-01,Region 09,457,Books,Novel,1,30.17,30.17,Wholesale,Retail,1.0
ORD-00508727,2022-02-01,Region 03,582,Apparel,Jacket,6,46.29,277.74,SMB,Wholesale,1.0
ORD-00231025,2022-02-02,Region 49,316,Sports,Water Bottle,1,93.59,93.59,Wholesale,Retail,1.0
ORD-00018007,2022-02-02,Region 42,8,Electronics,Tablet,9,526.35,4737.15,SMB,Retail,1.0
ORD-00245201,2022-02-02,Region 38,598,Books,Journal,20,23.85,477.0,Retail,Online Store,1.0
ORD-00711713,2022-02-02,Region 50,7,Sports,Water Bottle,8,78.15,625.2,SMB,Retail,1.0
ORD-00010968,2022-02-03,Region 34,581,Home,Sofa,10,201.91,2019.1,SMB,Retail,1.0
ORD-00601776,2022-02-03,Region 35,367,Apparel,T-Shirt,4,60.9,243.6,Retail,Online Store,1.0
ORD-00726107,2022-02-03,Region 23,186,Grocery,Cooking Oil,4,16.72,66.88,Wholesale,Online Store,1.0
ORD-00279262,2022-02-03,Region 38,385,Sports,Dumbbells,18,101.65,1829.7,SMB,Online Store,1.0
ORD-00653725,2022-02-03,Region 32,311,Grocery,Milk Powder,6,19.92,119.52,Wholesale,Online Store,1.0
ORD-00028189,2022-02-04,Region 52,468,Toys,Puzzle,5,37.31,186.55,Enterprise,Wholesale,1.0
ORD-00439308,2022-02-04,Region 27,232,Electronics,Headphones,11,351.42,3865.62,SMB,Online Store,1.0
ORD-00221791,2022-02-05,Region 17,435,Toys,Building Blocks,3,51.5,154.5,SMB,Retail,1.0
ORD-00194882,2022-02-05,Region 24,565,Grocery,Rice,15,26.12,391.8,Enterprise,Online Store,1.0
ORD-00585351,2022-02-05,Region 28,415,Grocery,Coffee,4,25.34,101.36,Enterprise,Online Store,1.0
ORD-00406379,2022-02-05,Region 40,54,Home,Sofa,10,174.79,1747.9,Retail,Retail,1.0
ORD-00593080,2022-02-06,Region 10,198,Beauty,Moisturizer,2,33.07,66.14,SMB,Wholesale,1.0
ORD-00067079,2022-02-06,Region 06,20,Electronics,Smartphone,20,698.79,13975.8,SMB,Wholesale,1.0
ORD-00811400,2022-02-06,Region 20,597,Sports,Dumbbells,8,100.73,805.84,Wholesale,Retail,1.0
ORD-00234061,2022-02-06,Region 06,555,Electronics,Smartphone,19,551.28,10474.32,Wholesale,Online Store,1.0
ORD-00550111,2022-02-06,Region 06,326,Electronics,Smartphone,1,460.53,460.53,SMB,Wholesale,1.0
ORD-00292992,2022-02-06,Region 22,7,Toys,Board Game,16,29.55,472.8,Retail,Retail,1.0
ORD-00942596,2022-02-07,Region 11,335,Electronics,Laptop,3,426.0,1278.0,SMB,Wholesale,1.0
ORD-00668744,2022-02-07,Region 43,217,Apparel,Jeans,2,47.38,94.76,SMB,Online Store,1.0
ORD-00525060,2022-02-08,Region 15,96,Apparel,Jacket,12,74.97,899.64,Enterprise,Wholesale,1.0
ORD-00844572,2022-02-08,Region 28,551,Electronics,Tablet,5,692.62,3463.1,Retail,Retail,1.0
ORD-00427016,2022-02-08,Region 19,158,Books,Journal,12,23.87,286.44,Retail,Wholesale,1.0
ORD-00260901,2022-02-09,Region 43,25,Books,Novel,5,29.75,148.75,Retail,Retail,1.0
ORD-00412807,2022-02-09,Region 18,527,Books,Journal,3,23.61,70.83,Enterprise,Wholesale,1.0
ORD-00942184,2022-02-09,Region 18,74,Apparel,Jacket,3,82.29,246.87,Retail,Wholesale,1.0
ORD-00810532,2022-02-09,Region 16,273,Sports,Treadmill,8,102.35,818.8,Wholesale,Online Store,1.0
ORD-00784149,2022-02-10,Region 47,137,Electronics,Headphones,12,593.79,7125.48,SMB,Retail,1.0
ORD-00511497,2022-02-10,Region 46,579,Apparel,T-Shirt,6,52.47,314.82,Enterprise,Retail,1.0
ORD-00101247,2022-02-10,Region 23,517,Sports,Dumbbells,1,72.62,72.62,SMB,Retail,1.0
ORD-00444344,2022-02-10,Region 27,574,Toys,Board Game,12,33.69,404.28,Retail,Online Store,1.0
ORD-00119560,2022-02-10,Region 42,387,Books,Novel,3,31.85,95.55,SMB,Wholesale,1.0
ORD-00701334,2022-02-11,Region 12,594,Sports,Yoga Mat,16,99.58,1593.28,Wholesale,Wholesale,1.0
ORD-00334865,2022-02-11,Region 20,530,Beauty,Shampoo,11,47.09,517.99,Enterprise,Wholesale,1.0
ORD-00817692,2022-02-11,Region 41,409,Sports,Yoga Mat,13,107.59,1398.67,Enterprise,Retail,1.0
ORD-00628517,2022-02-11,Region 45,483,Electronics,Smartphone,10,516.51,5165.1,Retail,Wholesale,1.0
ORD-00405956,2022-02-12,Region 20,84,Apparel,Jeans,16,63.73,1019.68,SMB,Wholesale,1.0
ORD-00679691,2022-02-12,Region 05,367,Books,Journal,14,21.05,294.7,Enterprise,Retail,1.0
ORD-00256729,2022-02-12,Region 42,92,Toys,Building Blocks,16,55.23,883.68,SMB,Retail,1.0
ORD-00308291,2022-02-13,Region 55,551,Apparel,Jeans,19,59.32,1127.08,SMB,Wholesale,1.0
ORD-00238857,2022-02-13,Region 52,382,Beauty,Moisturizer,8,25.89,207.12,Wholesale,Online Store,1.0
ORD-00679897,2022-02-13,Region 46,140,Home,Blender,18,153.82,2768.76,Enterprise,Online Store,1.0
ORD-00756521,2022-02-14,Region 06,26,Sports,Yoga Mat,9,98.29,884.61,SMB,Retail,1.0
ORD-00775602,2022-02-14,Region 51,132,Apparel,Sneakers,9,77.78,700.02,SMB,Wholesale,1.0
ORD-00563994,2022-02-14,Region 11,328,Grocery,Cooking Oil,18,15.06,271.08,SMB,Online Store,1.0
ORD-00624256,2022-02-14,Region 11,478,Apparel,Jacket,6,54.68,328.08,Wholesale,Online Store,1.0
ORD-00099322,2022-02-15,Region 14,482,Beauty,Shampoo,9,44.32,398.88,Enterprise,Online Store,1.0
ORD-00602368,2022-02-15,Region 40,222,Grocery,Rice,10,20.73,207.3,Retail,Online Store,1.0
ORD-00632682,2022-02-16,Region 45,215,Beauty,Moisturizer,7,41.5,290.5,Wholesale,Wholesale,1.0
ORD-00401376,2022-02-17,Region 54,255,Electronics,Laptop,1,601.38,601.38,Enterprise,Online Store,1.0
ORD-00515396,2022-02-17,Region 19,473,Sports,Water Bottle,20,80.61,1612.2,SMB,Online Store,1.0
ORD-00573357,2022-02-17,Region 51,281,Grocery,Rice,19,18.02,342.38,Wholesale,Retail,1.0
ORD-00012315,2022-02-17,Region 48,420,Books,Journal,17,28.48,484.16,SMB,Retail,1.0
ORD-00752925,2022-02-17,Region 38,292,Electronics,Smartphone,4,434.97,1739.88,Enterprise,Wholesale,1.0
ORD-00173511,2022-02-18,Region 17,326,Toys,Action Figure,4,39.92,159.68,Wholesale,Retail,1.0
ORD-00816846,2022-02-18,Region 02,77,Books,Novel,6,22.58,135.48,SMB,Retail,1.0
ORD-00835631,2022-02-18,Region 50,34,Toys,Puzzle,7,43.67,305.69,Wholesale,Online Store,1.0
ORD-00957892,2022-02-18,Region 46,58,Beauty,Serum,18,42.24,760.32,Wholesale,Online Store,1.0
ORD-00901398,2022-02-19,Region 24,194,Beauty,Shampoo,1,26.58,26.58,Enterprise,Retail,1.0
ORD-00958880,2022-02-19,Region 42,291,Toys,Puzzle,9,42.3,380.7,Retail,Online Store,1.0
ORD-00819383,2022-02-19,Region 04,424,Beauty,Serum,12,33.37,400.44,SMB,Wholesale,1.0
ORD-00107113,2022-02-20,Region 29,351,Grocery,Cooking Oil,18,27.1,487.8,Retail,Retail,1.0
ORD-00924112,2022-02-20,Region 21,223,Home,Lamp,11,193.17,2124.87,Retail,Retail,1.0
ORD-00521264,2022-02-20,Region 22,15,Books,Cookbook,8,23.47,187.76,Enterprise,Retail,1.0
ORD-00168208,2022-02-20,Region 04,67,Home,Lamp,12,148.16,1777.92,Retail,Wholesale,1.0
ORD-00600969,2022-02-20,Region 23,29,Beauty,Moisturizer,4,34.26,137.04,Enterprise,Retail,1.0
ORD-00616821,2022-02-20,Region 52,305,Beauty,Serum,17,45.83,779.11,Retail,Online Store,1.0
ORD-00138666,2022-02-21,Region 51,163,Books,Journal,7,18.28,127.96,Wholesale,Retail,1.0
ORD-00350454,2022-02-21,Region 18,457,Apparel,Sneakers,19,49.75,945.25,Enterprise,Retail,1.0
ORD-00353443,2022-02-21,Region 44,383,Electronics,Laptop,10,364.47,3644.7,SMB,Retail,1.0
ORD-00828852,2022-02-21,Region 03,578,Electronics,Headphones,19,564.14,10718.66,SMB,Wholesale,1.0
ORD-00409042,2022-02-21,Region 15,280,Grocery,Cooking Oil,17,23.96,407.32,Wholesale,Wholesale,1.0
ORD-00474533,2022-02-21,Region 15,368,Grocery,Rice,12,15.77,189.24,Wholesale,Retail,1.0
ORD-00889145,2022-02-22,Region 37,470,Beauty,Serum,20,31.35,627.0,Retail,Wholesale,1.0
ORD-00594065,2022-02-22,Region 26,537,Toys,Action Figure,15,52.58,788.7,SMB,Online Store,1.0
ORD-00245250,2022-02-23,Region 21,355,Books,Textbook,7,21.22,148.54,SMB,Wholesale,1.0
ORD-00702500,2022-02-23,Region 29,87,Home,Sofa,2,176.36,352.72,Wholesale,Retail,1.0
ORD-00243209,2022-02-23,Region 30,440,Sports,Yoga Mat,19,91.99,1747.81,Wholesale,Online Store,1.0
ORD-00150875,2022-02-24,Region 04,401,Beauty,Shampoo,8,41.85,334.8,Retail,Wholesale,1.0
ORD-00133616,2022-02-24,Region 06,460,Electronics,Laptop,6,354.45,2126.7,Enterprise,Online Store,1.0
ORD-00199856,2022-02-24,Region 09,311,Apparel,Sneakers,15,51.04,765.6,SMB,Online Store,1.0
ORD-00454939,2022-02-24,Region 30,511,Grocery,Cooking Oil,7,17.21,120.47,Enterprise,Retail,1.0
ORD-00995506,2022-02-25,Region 47,280,Apparel,Jacket,3,44.56,133.68,Wholesale,Wholesale,1.0
ORD-00105415,2022-02-25,Region 13,192,Beauty,Moisturizer,12,44.7,536.4,Retail,Online Store,1.0
ORD-00781123,2022-02-25,Region 31,182,Toys,Building Blocks,4,39.47,157.88,Retail,Retail,1.0
ORD-00612789,2022-02-25,Region 02,324,Electronics,Laptop,1,512.49,512.49,Wholesale,Wholesale,1.0
ORD-00516606,2022-02-26,Region 02,301,Beauty,Moisturizer,15,27.58,413.7,Wholesale,Wholesale,1.0
ORD-00687420,2022-02-27,Region 40,594,Beauty,Shampoo,18,32.38,582.84,Retail,Online Store,1.0
ORD-00894338,2022-02-27,Region 14,330,Apparel,T-Shirt,18,62.99,1133.82,Retail,Online Store,1.0
ORD-00207390,2022-02-28,Region 41,427,Apparel,Sneakers,15,64.55,968.25,Wholesale,Retail,1.0
ORD-00197108,2022-02-28,Region 05,9,Toys,Action Figure,4,33.7,134.8,SMB,Retail,1.0
ORD-00618812,2022-02-28,Region 13,70,Books,Textbook,3,32.15,96.45,SMB,Retail,1.0
ORD-00386368,2022-02-28,Region 10,198,Beauty,Serum,15,29.99,449.85,Wholesale,Wholesale,1.0
ORD-00887064,2022-02-28,Region 21,266,Electronics,Laptop,20,544.91,10898.2,SMB,Online Store,1.0
ORD-00337454,2022-03-01,Region 38,268,Home,Curtains,17,106.14,1804.38,Enterprise,Retail,1.0
ORD-00012902,2022-03-01,Region 24,289,Electronics,Smartphone,19,534.34,10152.46,SMB,Retail,1.0
ORD-00272355,2022-03-01,Region 30,93,Toys,Board Game,20,28.99,579.8,SMB,Wholesale,1.0
ORD-00518361,2022-03-01,Region 35,326,Books,Textbook,8,24.22,193.76,Wholesale,Wholesale,1.0
ORD-00391133,2022-03-01,Region 54,316,Sports,Water Bottle,13,78.94,1026.22,Enterprise,Wholesale,1.0
ORD-00796943,2022-03-01,Region 17,600,Apparel,Sneakers,4,69.66,278.64,Wholesale,Wholesale,1.0
ORD-00700350,2022-03-02,Region 42,535,Home,Curtains,20,179.87,3597.4,SMB,Online Store,1.0
ORD-00063224,2022-03-02,Region 17,347,Apparel,Sneakers,7,77.83,544.81,Wholesale,Online Store,1.0
ORD-00260208,2022-03-02,Region 07,69,Home,Blender,2,110.03,220.06,SMB,Retail,1.0
ORD-00816466,2022-03-02,Region 31,128,Apparel,Jacket,5,66.24,331.2,Retail,Wholesale,1.0
ORD-00209808,2022-03-02,Region 03,496,Apparel,Jacket,14,45.44,636.16,Enterprise,Wholesale,1.0
ORD-00174578,2022-03-02,Region 39,466,Beauty,Lipstick,10,32.57,325.7,Enterprise,Online Store,1.0
ORD-00148031,2022-03-03,Region 33,314,Sports,Yoga Mat,1,68.49,68.49,Enterprise,Wholesale,1.0
ORD-00516201,2022-03-03,Region 41,238,Electronics,Smartphone,11,550.37,6054.07,Wholesale,Retail,1.0
ORD-00767860,2022-03-03,Region 26,363,Toys,Board Game,11,31.36,344.96,Wholesale,Wholesale,1.0
ORD-00212220,2022-03-03,Region 37,290,Electronics,Tablet,4,581.78,2327.12,Wholesale,Wholesale,1.0
ORD-00678239,2022-03-03,Region 04,57,Toys,Building Blocks,15,46.92,703.8,Wholesale,Online Store,1.0
ORD-00047160,2022-03-03,Region 54,468,Beauty,Lipstick,5,27.1,135.5,Enterprise,Wholesale,1.0
ORD-00649238,2022-03-04,Region 05,548,Grocery,Cooking Oil,6,24.74,148.44,Retail,Wholesale,1.0
ORD-00889659,2022-03-04,Region 13,440,Beauty,Serum,12,31.34,376.08,SMB,Retail,1.0
ORD-00456377,2022-03-04,Region 45,221,Grocery,Rice,13,14.9,193.7,Wholesale,Wholesale,1.0
ORD-00107761,2022-03-04,Region 28,84,Electronics,Laptop,18,631.36,11364.48,Retail,Retail,1.0
ORD-00333659,2022-03-04,Region 43,263,Electronics,Headphones,18,697.34,12552.12,SMB,Retail,1.0
ORD-00293188,2022-03-04,Region 51,590,Toys,Action Figure,9,50.09,450.81,Retail,Wholesale,1.0
ORD-00064290,2022-03-04,Region 03,41,Beauty,Moisturizer,2,30.1,60.2,SMB,Wholesale,1.0
ORD-00914020,2022-03-04,Region 03,293,Apparel,Jacket,15,63.17,947.55,Enterprise,Online Store,1.0
ORD-00942741,2022-03-05,Region 47,380,Sports,Yoga Mat,8,87.91,703.28,Wholesale,Retail,1.0
ORD-00317176,2022-03-05,Region 50,441,Grocery,Rice,1,23.86,23.86,Retail,Online Store,1.0
ORD-00484770,2022-03-05,Region 46,474,Grocery,Coffee,4,18.48,73.92,Enterprise,Retail,1.0
ORD-00572722,2022-03-05,Region 34,309,Toys,Building Blocks,8,50.47,403.76,Enterprise,Wholesale,1.0
ORD-00889827,2022-03-06,Region 15,391,Books,Novel,9,24.06,216.54,Wholesale,Wholesale,1.0
ORD-00162708,2022-03-06,Region 17,371,Beauty,Moisturizer,20,24.6,492.0,Enterprise,Wholesale,1.0
ORD-00149483,2022-03-06,Region 40,176,Beauty,Lipstick,9,38.77,348.93,Retail,Retail,1.0
ORD-00919547,2022-03-06,Region 28,430,Toys,Building Blocks,2,45.02,90.04,Retail,Retail,1.0
ORD-00562203,2022-03-06,Region 50,286,Books,Textbook,3,34.97,104.91,SMB,Wholesale,1.0
ORD-00278962,2022-03-06,Region 01,349,Home,Curtains,11,110.89,1219.79,Retail,Online Store,1.0
ORD-00800890,2022-03-07,Region 41,535,Beauty,Shampoo,7,25.77,180.39,Wholesale,Retail,1.0
ORD-00172790,2022-03-07,Region 38,407,Toys,Puzzle,17,36.2,615.4,SMB,Online Store,1.0
ORD-00982752,2022-03-07,Region 53,560,Beauty,Shampoo,2,36.93,73.86,Wholesale,Retail,1.0
ORD-00748491,2022-03-07,Region 18,113,Electronics,Laptop,5,601.71,3008.55,SMB,Retail,1.0
ORD-00920623,2022-03-08,Region 17,83,Electronics,Laptop,6,626.73,3760.38,SMB,Wholesale,1.0
ORD-00359448,2022-03-08,Region 47,594,Beauty,Shampoo,3,42.83,128.49,Enterprise,Online Store,1.0
ORD-00670048,2022-03-08,Region 32,544,Grocery,Milk Powder,2,26.26,52.52,Enterprise,Wholesale,1.0
ORD-00074181,2022-03-08,Region 49,527,Toys,Puzzle,11,42.81,470.91,Wholesale,Online Store,1.0
ORD-00489290,2022-03-08,Region 55,562,Beauty,Shampoo,11,30.99,340.89,Retail,Online Store,1.0
ORD-00003918,2022-03-08,Region 28,18,Apparel,Jacket,13,60.81,790.53,Enterprise,Online Store,1.0
ORD-00190336,2022-03-09,Region 50,166,Electronics,Laptop,10,361.27,3612.7,Enterprise,Wholesale,1.0
ORD-00271702,2022-03-09,Region 15,400,Grocery,Milk Powder,6,24.91,149.46,Enterprise,Online Store,1.0
ORD-00738539,2022-03-09,Region 05,411,Grocery,Coffee,16,20.37,325.92,SMB,Online Store,1.0
ORD-00206176,2022-03-09,Region 41,244,Books,Novel,5,20.4,102.0,Wholesale,Retail,1.0
ORD-00106694,2022-03-09,Region 31,571,Toys,Building Blocks,6,44.1,264.6,Retail,Retail,1.0
ORD-00728495,2022-03-10,Region 01,300,Home,Curtains,2,178.19,356.38,Enterprise,Retail,1.0
ORD-00014226,2022-03-10,Region 46,389,Apparel,T-Shirt,15,67.34,1010.1,Retail,Retail,1.0
ORD-00782691,2022-03-10,Region 46,519,Home,Curtains,1,107.93,107.93,Wholesale,Online Store,1.0
ORD-00974158,2022-03-10,Region 22,508,Toys,Building Blocks,15,45.48,682.2,Enterprise,Wholesale,1.0
ORD-00510014,2022-03-10,Region 49,499,Apparel,Jeans,8,69.35,554.8,Enterprise,Online Store,1.0
ORD-00275734,2022-03-10,Region 06,43,Toys,Puzzle,2,44.68,89.36,Wholesale,Wholesale,1.0
ORD-00325798,2022-03-11,Region 07,134,Electronics,Laptop,10,384.96,3849.6,SMB,Wholesale,1.0
ORD-00242991,2022-03-11,Region 20,403,Sports,Dumbbells,18,77.09,1387.62,Retail,Online Store,1.0
ORD-00858501,2022-03-11,Region 31,277,Grocery,Rice,8,22.66,181.28,SMB,Online Store,1.0
ORD-00235879,2022-03-11,Region 11,549,Sports,Yoga Mat,17,99.03,1683.51,SMB,Wholesale,1.0
ORD-00458352,2022-03-12,Region 17,21,Sports,Dumbbells,6,110.72,664.32,Enterprise,Retail,1.0
ORD-00903553,2022-03-12,Region 07,163,Electronics,Headphones,2,564.84,1129.68,Retail,Online Store,1.0
ORD-00277800,2022-03-12,Region 54,68,Sports,Dumbbells,8,85.54,684.32,SMB,Online Store,1.0
ORD-00800268,2022-03-12,Region 52,377,Electronics,Laptop,16,652.73,10443.68,Enterprise,Retail,1.0
ORD-00743971,2022-03-12,Region 10,495,Books,Novel,7,18.05,126.35,Wholesale,Wholesale,1.0
ORD-00234684,2022-03-12,Region 24,151,Apparel,T-Shirt,13,69.9,908.7,Enterprise,Online Store,1.0
ORD-00626412,2022-03-13,Region 28,87,Grocery,Rice,10,16.1,161.0,Wholesale,Wholesale,1.0
ORD-00589157,2022-03-13,Region 09,281,Grocery,Rice,4,25.41,101.64,Enterprise,Wholesale,1.0
ORD-00290067,2022-03-13,Region 29,71,Apparel,Jacket,11,80.39,884.29,Enterprise,Online Store,1.0
ORD-00887125,2022-03-13,Region 44,452,Sports,Yoga Mat,14,73.65,1031.1,SMB,Wholesale,1.0
ORD-00179643,2022-03-14,Region 27,381,Grocery,Rice,6,15.11,90.66,Retail,Wholesale,1.0
ORD-00950086,2022-03-14,Region 50,70,Sports,Dumbbells,15,73.11,1096.65,SMB,Online Store,1.0
ORD-00349138,2022-03-14,Region 02,389,Electronics,Smartphone,4,499.48,1997.92,Enterprise,Wholesale,1.0
ORD-00785624,2022-03-14,Region 44,48,Apparel,Jeans,20,62.63,1252.6,SMB,Online Store,1.0
ORD-00822044,2022-03-15,Region 07,506,Toys,Action Figure,9,32.52,292.68,Enterprise,Online Store,1.0
ORD-00764645,2022-03-15,Region 18,498,Books,Textbook,17,23.25,395.25,Retail,Wholesale,1.0
ORD-00008469,2022-03-15,Region 53,53,Grocery,Milk Powder,12,24.54,294.48,Enterprise,Wholesale,1.0
ORD-00139052,2022-03-15,Region 52,43,Books,Journal,15,24.65,369.75,SMB,Wholesale,1.0
ORD-00265879,2022-03-16,Region 40,142,Toys,Puzzle,15,53.15,797.25,Wholesale,Online Store,1.0
ORD-00593182,2022-03-16,Region 22,413,Books,Journal,9,34.64,311.76,Retail,Online Store,1.0
ORD-00459214,2022-03-17,Region 09,240,Books,Textbook,16,20.39,326.24,Retail,Online Store,1.0
ORD-00072114,2022-03-17,Region 52,322,Apparel,Jeans,7,42.65,298.55,Wholesale,Retail,1.0
ORD-00045875,2022-03-17,Region 07,323,Home,Curtains,2,176.44,352.88,SMB,Retail,1.0
ORD-00842675,2022-03-17,Region 19,333,Electronics,Smartphone,18,578.57,10414.26,Enterprise,Wholesale,1.0
ORD-00233441,2022-03-17,Region 32,26,Home,Blender,2,206.16,412.32,Enterprise,Wholesale,1.0
ORD-00253943,2022-03-17,Region 15,365,Sports,Treadmill,5,85.09,425.45,Enterprise,Wholesale,1.0
ORD-00308611,2022-03-17,Region 19,244,Home,Curtains,8,120.79,966.32,Enterprise,Wholesale,1.0
ORD-00465740,2022-03-17,Region 47,14,Grocery,Rice,20,16.09,321.8,Wholesale,Retail,1.0
ORD-00996666,2022-03-18,Region 04,483,Electronics,Smartphone,14,593.5,8309.0,Retail,Wholesale,1.0
ORD-00982815,2022-03-18,Region 46,42,Electronics,Laptop,18,615.32,11075.76,Retail,Online Store,1.0
ORD-00819127,2022-03-18,Region 08,140,Beauty,Lipstick,8,28.16,225.28,Retail,Wholesale,1.0
ORD-00530568,2022-03-18,Region 38,165,Electronics,Tablet,9,436.47,3928.23,SMB,Online Store,1.0
ORD-00648611,2022-03-18,Region 11,533,Sports,Dumbbells,15,100.95,1514.25,SMB,Wholesale,1.0
ORD-00344498,2022-03-18,Region 19,279,Books,Novel,8,19.96,159.68,Enterprise,Online Store,1.0
ORD-00274777,2022-03-18,Region 17,355,Electronics,Laptop,8,455.9,3647.2,SMB,Online Store,1.0
ORD-00137624,2022-03-18,Region 38,304,Sports,Dumbbells,7,57.08,399.56,SMB,Wholesale,1.0
ORD-00478021,2022-03-18,Region 25,585,Apparel,Sneakers,8,70.96,567.68,Enterprise,Retail,1.0
ORD-00244518,2022-03-19,Region 55,226,Beauty,Lipstick,12,46.16,553.92,SMB,Wholesale,1.0
ORD-00607946,2022-03-19,Region 13,546,Grocery,Cooking Oil,2,25.05,50.1,SMB,Wholesale,1.0
ORD-00066112,2022-03-19,Region 10,532,Beauty,Serum,8,47.66,381.28,Enterprise,Retail,1.0
ORD-00760154,2022-03-19,Region 27,382,Apparel,Jeans,7,46.98,328.86,Enterprise,Retail,1.0
ORD-00765786,2022-03-19,Region 18,140,Apparel,T-Shirt,7,44.95,314.65,SMB,Wholesale,1.0
ORD-00131552,2022-03-20,Region 42,270,Grocery,Rice,13,20.85,271.05,Enterprise,Retail,1.0
ORD-00086343,2022-03-20,Region 45,563,Books,Textbook,16,20.66,330.56,Enterprise,Wholesale,1.0
ORD-00127888,2022-03-20,Region 48,207,Home,Lamp,6,136.15,816.9,Retail,Wholesale,1.0
ORD-00482042,2022-03-20,Region 18,569,Electronics,Headphones,17,533.4,9067.8,Wholesale,Retail,1.0
ORD-00032234,2022-03-20,Region 24,456,Books,Textbook,14,18.44,258.16,SMB,Online Store,1.0
ORD-00989984,2022-03-21,Region 28,76,Sports,Dumbbells,14,98.67,1381.38,SMB,Retail,1.0
ORD-00740968,2022-03-21,Region 02,551,Books,Textbook,1,25.36,25.36,Retail,Wholesale,1.0
ORD-00769425,2022-03-21,Region 16,369,Apparel,T-Shirt,5,74.08,370.4,Retail,Online Store,1.0
ORD-00864764,2022-03-21,Region 27,207,Grocery,Milk Powder,3,17.88,53.64,SMB,Online Store,1.0
ORD-00124950,2022-03-21,Region 37,330,Home,Sofa,19,124.57,2366.83,Retail,Online Store,1.0
ORD-00905860,2022-03-21,Region 51,281,Grocery,Cooking Oil,11,27.78,305.58,Retail,Retail,1.0
ORD-00442079,2022-03-21,Region 04,241,Apparel,Jeans,3,56.37,169.11,Enterprise,Wholesale,1.0
ORD-00581836,2022-03-22,Region 13,189,Toys,Action Figure,10,34.26,342.6,Retail,Wholesale,1.0
ORD-00851693,2022-03-22,Region 15,221,Books,Textbook,14,24.93,349.02,Wholesale,Online Store,1.0
ORD-00238562,2022-03-22,Region 45,483,Beauty,Moisturizer,1,27.34,27.34,Wholesale,Wholesale,1.0
ORD-00937700,2022-03-22,Region 05,95,Grocery,Coffee,13,17.94,233.22,Enterprise,Retail,1.0
ORD-00894170,2022-03-23,Region 13,418,Grocery,Rice,14,27.41,383.74,Enterprise,Online Store,1.0
ORD-00657732,2022-03-23,Region 20,577,Sports,Dumbbells,3,74.93,224.79,Retail,Wholesale,1.0
ORD-00531787,2022-03-23,Region 42,99,Sports,Treadmill,2,67.7,135.4,Enterprise,Retail,1.0
ORD-00696231,2022-03-23,Region 53,164,Beauty,Moisturizer,8,28.42,227.36,SMB,Retail,1.0
ORD-00985995,2022-03-23,Region 19,474,Apparel,T-Shirt,9,45.19,406.71,Enterprise,Online Store,1.0
ORD-00684401,2022-03-24,Region 11,435,Sports,Yoga Mat,1,88.13,88.13,Wholesale,Wholesale,1.0
ORD-00892518,2022-03-24,Region 34,261,Books,Novel,11,20.17,221.87,Wholesale,Retail,1.0
ORD-00390741,2022-03-24,Region 15,472,Electronics,Laptop,6,537.79,3226.74,SMB,Retail,1.0
ORD-00473883,2022-03-25,Region 01,439,Toys,Puzzle,7,53.06,371.42,Enterprise,Wholesale,1.0
ORD-00081184,2022-03-25,Region 40,90,Beauty,Shampoo,15,47.73,715.95,SMB,Retail,1.0
ORD-00407929,2022-03-26,Region 54,168,Electronics,Tablet,6,425.16,2550.96,Wholesale,Retail,1.0
ORD-00980219,2022-03-26,Region 04,288,Apparel,Jeans,5,62.76,313.8,SMB,Wholesale,1.0
ORD-00969359,2022-03-26,Region 51,160,Sports,Yoga Mat,15,67.46,1011.9,Retail,Online Store,1.0
ORD-00350593,2022-03-26,Region 39,499,Beauty,Moisturizer,19,43.67,829.73,Enterprise,Retail,1.0
ORD-00470148,2022-03-27,Region 46,304,Home,Lamp,14,158.09,2213.26,Wholesale,Wholesale,1.0
ORD-00481188,2022-03-27,Region 31,225,Beauty,Shampoo,2,30.4,60.8,Wholesale,Online Store,1.0
ORD-00964597,2022-03-27,Region 43,169,Toys,Puzzle,2,29.32,58.64,Enterprise,Wholesale,1.0
ORD-00404214,2022-03-27,Region 03,546,Sports,Yoga Mat,18,94.73,1705.14,Wholesale,Online Store,1.0
ORD-00770949,2022-03-27,Region 20,144,Apparel,Jacket,17,53.88,915.96,Retail,Online Store,1.0
ORD-00736863,2022-03-27,Region 30,318,Books,Novel,14,30.23,423.22,Enterprise,Retail,1.0
ORD-00780210,2022-03-28,Region 06,516,Electronics,Headphones,12,571.52,6858.24,SMB,Retail,1.0
ORD-00172569,2022-03-28,Region 14,408,Beauty,Shampoo,6,38.93,233.58,Enterprise,Online Store,1.0
ORD-00659072,2022-03-28,Region 34,100,Apparel,Sneakers,2,69.29,138.58,SMB,Wholesale,1.0
ORD-00506668,2022-03-28,Region 36,557,Home,Blender,19,116.69,2217.11,Wholesale,Online Store,1.0
ORD-00117748,2022-03-28,Region 30,400,Electronics,Tablet,5,374.46,1872.3,Enterprise,Online Store,1.0
ORD-00256258,2022-03-29,Region 18,118,Grocery,Cooking Oil,15,17.34,260.1,Enterprise,Retail,1.0
ORD-00175736,2022-03-29,Region 32,16,Apparel,T-Shirt,14,74.04,1036.56,Wholesale,Online Store,1.0
ORD-00251467,2022-03-29,Region 18,142,Books,Cookbook,11,32.59,358.49,Enterprise,Online Store,1.0
ORD-00655982,2022-03-30,Region 12,62,Toys,Action Figure,9,46.35,417.15,Enterprise,Online Store,1.0
ORD-00675577,2022-03-30,Region 24,185,Sports,Water Bottle,12,64.81,777.72,Retail,Wholesale,1.0
ORD-00488708,2022-03-30,Region 39,348,Home,Sofa,13,188.35,2448.55,Enterprise,Online Store,1.0
ORD-00340825,2022-03-30,Region 55,270,Electronics,Tablet,10,394.42,3944.2,Enterprise,Online Store,1.0
ORD-00962125,2022-03-31,Region 26,321,Electronics,Smartphone,7,631.72,4422.04,Retail,Retail,1.0
ORD-00623504,2022-03-31,Region 42,257,Sports,Yoga Mat,5,62.67,313.35,Wholesale,Wholesale,1.0
ORD-00935997,2022-03-31,Region 30,163,Home,Sofa,5,161.16,805.8,SMB,Wholesale,1.0
ORD-00335549,2022-04-01,Region 17,359,Grocery,Milk Powder,12,20.73,248.76,Retail,Online Store,1.0
ORD-00486979,2022-04-01,Region 15,252,Electronics,Headphones,14,586.08,8205.12,Enterprise,Retail,1.0
ORD-00204991,2022-04-01,Region 27,349,Grocery,Cooking Oil,3,15.65,46.95,SMB,Wholesale,1.0
ORD-00949854,2022-04-01,Region 44,432,Beauty,Moisturizer,6,35.87,215.22,SMB,Online Store,1.0
ORD-00751322,2022-04-01,Region 55,65,Toys,Action Figure,5,44.94,224.7,SMB,Wholesale,1.0
ORD-00730091,2022-04-01,Region 08,133,Home,Lamp,16,191.25,3060.0,Enterprise,Wholesale,1.0
ORD-00442413,2022-04-01,Region 45,468,Grocery,Cooking Oil,5,25.8,129.0,Wholesale,Retail,1.0
ORD-00993477,2022-04-01,Region 01,32,Electronics,Headphones,20,387.19,7743.8,Enterprise,Online Store,1.0
ORD-00104668,2022-04-02,Region 54,309,Apparel,Jeans,5,81.99,409.95,Enterprise,Online Store,1.0
ORD-00576617,2022-04-02,Region 06,135,Apparel,Jeans,2,68.78,137.56,Wholesale,Retail,1.0
ORD-00787783,2022-04-02,Region 41,579,Electronics,Smartphone,15,442.75,6641.25,Retail,Online Store,1.0
ORD-00350658,2022-04-03,Region 39,65,Home,Lamp,12,177.21,2126.52,SMB,Wholesale,1.0
ORD-00472285,2022-04-03,Region 17,347,Home,Curtains,2,134.87,269.74,Enterprise,Online Store,1.0
ORD-00295400,2022-04-03,Region 10,511,Toys,Action Figure,9,29.55,265.95,SMB,Wholesale,1.0
ORD-00859120,2022-04-03,Region 21,30,Toys,Building Blocks,11,43.26,475.86,Wholesale,Retail,1.0
ORD-00317552,2022-04-03,Region 29,426,Electronics,Headphones,7,398.97,2792.79,Wholesale,Retail,1.0
ORD-00650779,2022-04-04,Region 10,219,Home,Lamp,13,122.23,1588.99,SMB,Wholesale,1.0
ORD-00835054,2022-04-04,Region 36,99,Beauty,Serum,18,24.74,445.32,SMB,Retail,1.0
ORD-00961667,2022-04-04,Region 52,308,Books,Novel,17,22.25,378.25,Retail,Online Store,1.0
ORD-00345838,2022-04-04,Region 40,515,Beauty,Lipstick,4,47.14,188.56,SMB,Wholesale,1.0
ORD-00930940,2022-04-04,Region 35,187,Grocery,Coffee,3,14.68,44.04,Retail,Online Store,1.0
ORD-00247828,2022-04-04,Region 04,230,Electronics,Laptop,2,672.68,1345.36,Enterprise,Online Store,1.0
ORD-00388224,2022-04-04,Region 37,407,Electronics,Smartphone,5,568.8,2844.0,Wholesale,Retail,1.0
ORD-00967959,2022-04-05,Region 49,186,Grocery,Coffee,3,22.79,68.37,Retail,Retail,1.0
ORD-00183728,2022-04-05,Region 25,288,Grocery,Cooking Oil,10,19.59,195.9,Enterprise,Wholesale,1.0
ORD-00506531,2022-04-05,Region 02,425,Books,Journal,12,21.37,256.44,Wholesale,Online Store,1.0
ORD-00128970,2022-04-05,Region 52,30,Electronics,Tablet,8,667.71,5341.68,Wholesale,Online Store,1.0
ORD-00912237,2022-04-05,Region 34,5,Apparel,Sneakers,7,73.4,513.8,Wholesale,Online Store,1.0
ORD-00531860,2022-04-05,Region 17,37,Beauty,Lipstick,19,40.01,760.19,Enterprise,Retail,1.0
ORD-00278007,2022-04-06,Region 21,139,Apparel,Jacket,13,78.95,1026.35,Retail,Wholesale,1.0
ORD-00570301,2022-04-06,Region 43,420,Sports,Dumbbells,2,81.98,163.96,Enterprise,Retail,1.0
ORD-00444203,2022-04-06,Region 38,222,Electronics,Smartphone,15,459.48,6892.2,SMB,Online Store,1.0
ORD-00005791,2022-04-07,Region 14,270,Electronics,Laptop,4,465.89,1863.56,Enterprise,Retail,1.0
ORD-00883265,2022-04-07,Region 39,243,Electronics,Laptop,15,547.98,8219.7,Wholesale,Wholesale,1.0
ORD-00961951,2022-04-07,Region 16,166,Apparel,Sneakers,19,70.21,1333.99,Retail,Online Store,1.0
ORD-00919780,2022-04-07,Region 28,512,Grocery,Rice,4,19.33,77.32,Wholesale,Wholesale,1.0
ORD-00673690,2022-04-07,Region 07,479,Home,Blender,7,161.67,1131.69,Wholesale,Wholesale,1.0
ORD-00942794,2022-04-07,Region 01,545,Electronics,Tablet,17,374.37,6364.29,Retail,Online Store,1.0
ORD-00422425,2022-04-08,Region 52,545,Books,Textbook,13,19.8,257.4,Retail,Wholesale,1.0
ORD-00257039,2022-04-08,Region 02,370,Beauty,Lipstick,6,29.21,175.26,Retail,Retail,1.0
ORD-00029037,2022-04-08,Region 49,578,Sports,Water Bottle,16,111.45,1783.2,Wholesale,Online Store,1.0
ORD-00196807,2022-04-08,Region 18,41,Apparel,T-Shirt,13,83.59,1086.67,SMB,Online Store,1.0
ORD-00367574,2022-04-09,Region 03,89,Sports,Dumbbells,9,63.12,568.08,Enterprise,Wholesale,1.0
ORD-00826746,2022-04-09,Region 11,417,Home,Lamp,11,146.18,1607.98,SMB,Online Store,1.0
ORD-00923786,2022-04-09,Region 53,48,Sports,Dumbbells,16,109.5,1752.0,Retail,Wholesale,1.0
ORD-00399397,2022-04-10,Region 07,99,Toys,Building Blocks,1,36.74,36.74,Wholesale,Online Store,1.0
ORD-00965412,2022-04-10,Region 01,226,Books,Journal,18,33.17,597.06,Retail,Retail,1.0
ORD-00888610,2022-04-10,Region 11,565,Books,Cookbook,18,33.84,609.12,SMB,Retail,1.0
ORD-00083950,2022-04-11,Region 20,258,Electronics,Tablet,19,630.94,11987.86,SMB,Wholesale,1.0
ORD-00061335,2022-04-11,Region 29,168,Electronics,Smartphone,6,431.9,2591.4,Retail,Online Store,1.0
ORD-00740128,2022-04-11,Region 22,292,Grocery,Cooking Oil,3,25.04,75.12,Retail,Wholesale,1.0
ORD-00267717,2022-04-11,Region 26,16,Sports,Dumbbells,9,97.24,875.16,Retail,Retail,1.0
ORD-00394960,2022-04-11,Region 32,569,Grocery,Rice,2,14.9,29.8,SMB,Wholesale,1.0
ORD-00751501,2022-04-12,Region 02,414,Sports,Treadmill,9,93.97,845.73,Enterprise,Retail,1.0
ORD-00604706,2022-04-12,Region 12,521,Apparel,Jeans,10,54.81,548.1,SMB,Retail,1.0
ORD-00472315,2022-04-12,Region 44,385,Electronics,Laptop,5,519.59,2597.95,Retail,Retail,1.0
ORD-00189053,2022-04-13,Region 53,559,Sports,Dumbbells,14,100.36,1405.04,Retail,Wholesale,1.0
ORD-00634745,2022-04-13,Region 41,283,Grocery,Coffee,9,18.77,168.93,SMB,Retail,1.0
ORD-00157073,2022-04-13,Region 26,400,Beauty,Lipstick,13,46.95,610.35,Retail,Retail,1.0
ORD-00819256,2022-04-13,Region 43,273,Toys,Puzzle,1,37.21,37.21,SMB,Online Store,1.0
ORD-00077146,2022-04-14,Region 15,423,Beauty,Shampoo,2,37.13,74.26,Enterprise,Online Store,1.0
ORD-00602327,2022-04-14,Region 26,588,Books,Journal,19,21.56,409.64,Retail,Wholesale,1.0
ORD-00785972,2022-04-14,Region 20,88,Apparel,Sneakers,20,48.06,961.2,SMB,Wholesale,1.0
ORD-00491402,2022-04-14,Region 42,141,Apparel,Sneakers,18,76.1,1369.8,Wholesale,Online Store,1.0
ORD-00079691,2022-04-15,Region 28,576,Home,Curtains,16,198.28,3172.48,Retail,Wholesale,1.0
ORD-00930589,2022-04-15,Region 31,55,Sports,Water Bottle,9,107.35,966.15,SMB,Retail,1.0
ORD-00147887,2022-04-15,Region 33,521,Books,Textbook,5,30.39,151.95,SMB,Online Store,1.0
ORD-00287574,2022-04-15,Region 43,196,Apparel,Jeans,5,42.14,210.7,Enterprise,Retail,1.0
ORD-00407490,2022-04-15,Region 43,256,Grocery,Cooking Oil,3,26.64,79.92,Enterprise,Wholesale,1.0
ORD-00448639,2022-04-15,Region 45,313,Electronics,Headphones,19,475.28,9030.32,Enterprise,Retail,1.0
ORD-00770423,2022-04-16,Region 45,240,Grocery,Milk Powder,20,18.42,368.4,Enterprise,Wholesale,1.0
ORD-00376761,2022-04-16,Region 40,98,Books,Novel,1,19.85,19.85,SMB,Retail,1.0
ORD-00056620,2022-04-16,Region 30,192,Apparel,Jacket,13,83.04,1079.52,Enterprise,Online Store,1.0
ORD-00773172,2022-04-17,Region 04,95,Apparel,Sneakers,7,72.59,508.13,Retail,Online Store,1.0
ORD-00085075,2022-04-17,Region 43,157,Apparel,Jacket,1,65.16,65.16,SMB,Online Store,1.0
ORD-00358747,2022-04-17,Region 22,416,Beauty,Serum,10,47.46,474.6,Wholesale,Retail,1.0
ORD-00215339,2022-04-18,Region 13,356,Apparel,Sneakers,15,63.32,949.8,Enterprise,Retail,1.0
ORD-00697366,2022-04-18,Region 28,22,Apparel,T-Shirt,3,50.9,152.7,Wholesale,Wholesale,1.0
ORD-00253417,2022-04-18,Region 35,211,Toys,Action Figure,9,52.34,471.06,SMB,Wholesale,1.0
ORD-00773955,2022-04-18,Region 06,166,Home,Lamp,13,107.0,1391.0,Wholesale,Wholesale,1.0
ORD-00745926,2022-04-19,Region 51,416,Home,Sofa,2,115.34,230.68,Enterprise,Wholesale,1.0
ORD-00431463,2022-04-20,Region 04,42,Grocery,Cooking Oil,10,15.51,155.1,Enterprise,Online Store,1.0
ORD-00232896,2022-04-20,Region 17,590,Sports,Dumbbells,19,83.79,1592.01,Retail,Wholesale,1.0
ORD-00716324,2022-04-20,Region 18,583,Toys,Building Blocks,5,37.7,188.5,Enterprise,Retail,1.0
ORD-00512476,2022-04-20,Region 09,513,Toys,Action Figure,14,55.01,770.14,Wholesale,Wholesale,1.0
ORD-00054414,2022-04-21,Region 13,524,Toys,Action Figure,14,34.68,485.52,SMB,Retail,1.0
ORD-00173032,2022-04-21,Region 39,385,Grocery,Coffee,18,19.63,353.34,SMB,Retail,1.0
ORD-00924727,2022-04-21,Region 22,33,Beauty,Lipstick,14,36.42,509.88,Wholesale,Retail,1.0
ORD-00113341,2022-04-21,Region 18,595,Toys,Board Game,10,48.3,483.0,Enterprise,Retail,1.0
ORD-00570730,2022-04-21,Region 17,272,Grocery,Cooking Oil,20,16.8,336.0,SMB,Online Store,1.0
ORD-00892636,2022-04-21,Region 42,349,Electronics,Tablet,4,651.63,2606.52,Enterprise,Retail,1.0
ORD-00711411,2022-04-21,Region 08,431,Grocery,Milk Powder,1,17.92,17.92,Retail,Wholesale,1.0
ORD-00853786,2022-04-21,Region 37,132,Beauty,Moisturizer,13,46.47,604.11,SMB,Wholesale,1.0
ORD-00651691,2022-04-22,Region 19,455,Grocery,Rice,17,16.94,287.98,Wholesale,Online Store,1.0
ORD-00803684,2022-04-23,Region 11,23,Apparel,Jacket,10,51.56,515.6,Wholesale,Wholesale,1.0
ORD-00412873,2022-04-23,Region 02,188,Electronics,Smartphone,6,529.78,3178.68,Enterprise,Online Store,1.0
ORD-00966084,2022-04-24,Region 32,443,Electronics,Laptop,5,522.2,2611.0,Enterprise,Retail,1.0
ORD-00355609,2022-04-24,Region 17,539,Grocery,Cooking Oil,7,26.76,187.32,Retail,Wholesale,1.0
ORD-00745046,2022-04-24,Region 42,163,Sports,Dumbbells,16,79.81,1276.96,Enterprise,Online Store,1.0
ORD-00961338,2022-04-24,Region 10,431,Home,Blender,10,190.08,1900.8,Retail,Wholesale,1.0
ORD-00143248,2022-04-25,Region 01,69,Grocery,Milk Powder,3,22.14,66.42,Retail,Retail,1.0
ORD-00652480,2022-04-25,Region 38,64,Electronics,Tablet,3,502.57,1507.71,Enterprise,Wholesale,1.0
ORD-00240792,2022-04-25,Region 24,131,Apparel,Jacket,11,74.93,824.23,Wholesale,Online Store,1.0
ORD-00358697,2022-04-25,Region 15,450,Sports,Treadmill,7,58.91,412.37,Retail,Online Store,1.0
ORD-00350427,2022-04-26,Region 30,111,Books,Novel,12,24.52,294.24,Enterprise,Retail,1.0
ORD-00776408,2022-04-26,Region 51,473,Home,Sofa,16,174.91,2798.56,Enterprise,Online Store,1.0
ORD-00536310,2022-04-26,Region 38,216,Books,Journal,7,34.49,241.43,Wholesale,Online Store,1.0
ORD-00540625,2022-04-26,Region 03,331,Beauty,Serum,5,43.23,216.15,Wholesale,Retail,1.0
ORD-00258463,2022-04-26,Region 05,515,Sports,Dumbbells,17,88.99,1512.83,Retail,Online Store,1.0
ORD-00517431,2022-04-26,Region 43,114,Apparel,Sneakers,17,72.68,1235.56,Retail,Retail,1.0
ORD-00435080,2022-04-26,Region 12,437,Apparel,Jacket,17,46.32,787.44,Retail,Retail,1.0
ORD-00290882,2022-04-26,Region 18,64,Beauty,Lipstick,16,40.18,642.88,Enterprise,Online Store,1.0
ORD-00019709,2022-04-26,Region 37,199,Books,Novel,11,20.28,223.08,Wholesale,Wholesale,1.0
ORD-00447420,2022-04-26,Region 01,23,Home,Blender,8,190.84,1526.72,SMB,Online Store,1.0
ORD-00920540,2022-04-26,Region 49,266,Sports,Water Bottle,1,77.23,77.23,Retail,Wholesale,1.0
ORD-00530301,2022-04-28,Region 36,331,Electronics,Smartphone,17,355.1,6036.7,Retail,Online Store,1.0
ORD-00765403,2022-04-28,Region 36,110,Books,Cookbook,10,27.56,275.6,SMB,Wholesale,1.0
ORD-00755480,2022-04-28,Region 39,556,Sports,Yoga Mat,12,65.6,787.2,SMB,Online Store,1.0
ORD-00122338,2022-04-28,Region 05,599,Grocery,Coffee,16,24.74,395.84,Enterprise,Online Store,1.0
ORD-00847423,2022-04-28,Region 08,240,Books,Journal,6,18.5,111.0,Retail,Wholesale,1.0
ORD-00920589,2022-04-29,Region 18,425,Toys,Building Blocks,11,51.89,570.79,Wholesale,Online Store,1.0
ORD-00765524,2022-04-29,Region 55,310,Toys,Building Blocks,15,40.38,605.7,Enterprise,Wholesale,1.0
ORD-00565135,2022-04-29,Region 53,519,Beauty,Shampoo,17,40.72,692.24,Enterprise,Online Store,1.0
ORD-00543681,2022-04-29,Region 17,455,Grocery,Cooking Oil,14,19.15,268.1,Enterprise,Retail,1.0
ORD-00572616,2022-04-29,Region 45,7,Toys,Puzzle,1,54.72,54.72,SMB,Retail,1.0
ORD-00030004,2022-04-29,Region 28,225,Home,Blender,3,209.48,628.44,Retail,Online Store,1.0
ORD-00028163,2022-04-29,Region 32,311,Toys,Puzzle,7,36.5,255.5,Enterprise,Online Store,1.0
ORD-00820973,2022-04-30,Region 54,261,Apparel,Jacket,13,78.82,1024.66,SMB,Retail,1.0
ORD-00931066,2022-04-30,Region 18,143,Books,Novel,17,21.0,357.0,Enterprise,Online Store,1.0
ORD-00003726,2022-04-30,Region 40,73,Apparel,Sneakers,4,78.17,312.68,Wholesale,Online Store,1.0
ORD-00633745,2022-04-30,Region 39,355,Beauty,Moisturizer,2,28.77,57.54,Retail,Retail,1.0
ORD-00983188,2022-04-30,Region 17,512,Grocery,Cooking Oil,16,26.59,425.44,SMB,Wholesale,1.0
ORD-00415729,2022-04-30,Region 32,408,Apparel,Jacket,9,43.09,387.81,SMB,Retail,1.0
ORD-00722349,2022-05-01,Region 03,483,Beauty,Shampoo,11,44.8,492.8,Wholesale,Online Store,1.0
ORD-00616321,2022-05-01,Region 16,430,Apparel,Jacket,18,69.87,1257.66,Retail,Wholesale,1.0
ORD-00606169,2022-05-01,Region 52,377,Books,Textbook,7,26.62,186.34,Retail,Online Store,1.0
ORD-00343301,2022-05-01,Region 26,432,Electronics,Smartphone,18,496.11,8929.98,SMB,Retail,1.0
ORD-00625691,2022-05-01,Region 13,365,Electronics,Smartphone,12,571.09,6853.08,Retail,Online Store,1.0
ORD-00573584,2022-05-01,Region 16,45,Home,Sofa,19,175.53,3335.07,Enterprise,Online Store,1.0
ORD-00334399,2022-05-01,Region 52,595,Books,Cookbook,19,31.54,599.26,Wholesale,Wholesale,1.0
ORD-00311167,2022-05-02,Region 50,212,Apparel,Jeans,1,43.76,43.76,Retail,Wholesale,1.0
ORD-00956397,2022-05-02,Region 53,303,Home,Blender,15,141.13,2116.95,Enterprise,Online Store,1.0
ORD-00265359,2022-05-03,Region 19,96,Grocery,Milk Powder,7,25.01,175.07,Retail,Online Store,1.0
ORD-00823373,2022-05-03,Region 21,136,Sports,Water Bottle,15,72.73,1090.95,Wholesale,Online Store,1.0
ORD-00538356,2022-05-03,Region 29,329,Beauty,Moisturizer,13,37.06,481.78,Enterprise,Wholesale,1.0
ORD-00924110,2022-05-03,Region 12,451,Sports,Treadmill,19,102.64,1950.16,Wholesale,Retail,1.0
ORD-00407066,2022-05-04,Region 51,330,Sports,Water Bottle,16,61.37,981.92,Retail,Retail,1.0
ORD-00489379,2022-05-04,Region 38,390,Home,Lamp,13,115.01,1495.13,Retail,Wholesale,1.0
ORD-00916954,2022-05-04,Region 05,468,Electronics,Smartphone,5,440.06,2200.3,SMB,Retail,1.0
ORD-00604098,2022-05-05,Region 31,550,Grocery,Rice,7,24.85,173.95,Enterprise,Wholesale,1.0
ORD-00730590,2022-05-05,Region 22,35,Electronics,Smartphone,18,545.55,9819.9,SMB,Wholesale,1.0
ORD-00785228,2022-05-05,Region 02,517,Sports,Dumbbells,14,62.38,873.32,Enterprise,Online Store,1.0
ORD-00002722,2022-05-05,Region 30,427,Beauty,Serum,8,41.14,329.12,Wholesale,Online Store,1.0
ORD-00727455,2022-05-05,Region 45,266,Sports,Water Bottle,16,101.23,1619.68,Retail,Online Store,1.0
ORD-00789859,2022-05-05,Region 24,114,Home,Blender,17,162.85,2768.45,Wholesale,Wholesale,1.0
ORD-00895016,2022-05-06,Region 06,223,Beauty,Shampoo,13,38.3,497.9,Wholesale,Online Store,1.0
ORD-00228605,2022-05-06,Region 52,90,Grocery,Coffee,15,24.84,372.6,SMB,Retail,1.0
ORD-00152106,2022-05-06,Region 30,248,Home,Sofa,15,152.32,2284.8,Enterprise,Online Store,1.0
ORD-00404126,2022-05-06,Region 53,527,Grocery,Milk Powder,11,14.93,164.23,Enterprise,Online Store,1.0
ORD-00746075,2022-05-06,Region 21,37,Grocery,Rice,18,17.46,314.28,SMB,Retail,1.0
ORD-00762568,2022-05-06,Region 10,96,Sports,Water Bottle,18,87.16,1568.88,Enterprise,Online Store,1.0
ORD-00413323,2022-05-06,Region 47,170,Apparel,T-Shirt,15,67.26,1008.9,Wholesale,Online Store,1.0
ORD-00384066,2022-05-06,Region 03,502,Apparel,T-Shirt,4,73.95,295.8,Wholesale,Online Store,1.0
ORD-00609998,2022-05-07,Region 14,140,Home,Sofa,7,172.29,1206.03,Wholesale,Online Store,1.0
ORD-00373641,2022-05-07,Region 15,431,Books,Novel,20,29.15,583.0,Enterprise,Wholesale,1.0
ORD-00732745,2022-05-07,Region 11,112,Sports,Treadmill,16,102.27,1636.32,SMB,Online Store,1.0
ORD-00937315,2022-05-07,Region 54,489,Beauty,Lipstick,16,45.79,732.64,Retail,Wholesale,1.0
ORD-00489669,2022-05-07,Region 05,554,Home,Lamp,17,206.31,3507.27,SMB,Retail,1.0
ORD-00181881,2022-05-07,Region 42,243,Toys,Board Game,16,51.69,827.04,Wholesale,Retail,1.0
ORD-00109238,2022-05-07,Region 10,242,Grocery,Cooking Oil,9,27.1,243.9,Retail,Online Store,1.0
ORD-00394905,2022-05-08,Region 05,146,Sports,Yoga Mat,10,89.43,894.3,Wholesale,Retail,1.0
ORD-00724114,2022-05-08,Region 43,120,Electronics,Laptop,16,667.8,10684.8,Retail,Retail,1.0
ORD-00926910,2022-05-08,Region 45,193,Beauty,Moisturizer,9,46.54,418.86,Enterprise,Wholesale,1.0
ORD-00602959,2022-05-08,Region 36,39,Toys,Puzzle,7,48.5,339.5,Retail,Online Store,1.0
ORD-00562329,2022-05-09,Region 17,90,Apparel,Jeans,3,67.06,201.18,Enterprise,Wholesale,1.0
ORD-00532310,2022-05-09,Region 15,335,Toys,Building Blocks,15,35.26,528.9,SMB,Online Store,1.0
ORD-00484376,2022-05-09,Region 07,165,Beauty,Lipstick,4,30.46,121.84,Wholesale,Online Store,1.0
ORD-00656969,2022-05-09,Region 16,32,Grocery,Coffee,5,19.15,95.75,Enterprise,Retail,1.0
ORD-00530361,2022-05-09,Region 24,179,Books,Textbook,17,21.65,368.05,Wholesale,Retail,1.0
ORD-00103660,2022-05-10,Region 10,71,Sports,Yoga Mat,19,110.96,2108.24,SMB,Wholesale,1.0
ORD-00533645,2022-05-10,Region 22,499,Beauty,Moisturizer,7,46.1,322.7,Enterprise,Wholesale,1.0
ORD-00161165,2022-05-10,Region 12,41,Sports,Water Bottle,13,87.5,1137.5,Wholesale,Online Store,1.0
ORD-00786604,2022-05-10,Region 04,35,Sports,Dumbbells,3,60.22,180.66,Enterprise,Online Store,1.0
ORD-00886932,2022-05-10,Region 41,148,Apparel,T-Shirt,2,68.23,136.46,Retail,Online Store,1.0
ORD-00191115,2022-05-10,Region 12,251,Home,Sofa,11,185.89,2044.79,Wholesale,Wholesale,1.0
ORD-00274736,2022-05-10,Region 10,533,Sports,Dumbbells,5,109.65,548.25,SMB,Retail,1.0
ORD-00306234,2022-05-11,Region 45,105,Sports,Yoga Mat,18,80.13,1442.34,SMB,Wholesale,1.0
ORD-00764212,2022-05-11,Region 20,499,Grocery,Rice,1,27.82,27.82,Retail,Retail,1.0
ORD-00470899,2022-05-11,Region 01,139,Sports,Dumbbells,1,85.08,85.08,Retail,Wholesale,1.0
ORD-00467406,2022-05-11,Region 26,80,Sports,Treadmill,18,110.5,1989.0,Enterprise,Retail,1.0
ORD-00693140,2022-05-12,Region 03,102,Home,Curtains,3,209.09,627.27,SMB,Online Store,1.0
ORD-00931747,2022-05-12,Region 42,16,Home,Lamp,10,189.66,1896.6,SMB,Online Store,1.0
ORD-00112654,2022-05-13,Region 35,82,Grocery,Rice,15,20.57,308.55,SMB,Online Store,1.0
ORD-00577929,2022-05-13,Region 10,234,Home,Curtains,9,207.94,1871.46,Retail,Online Store,1.0
ORD-00947556,2022-05-13,Region 08,367,Home,Blender,10,171.88,1718.8,Retail,Online Store,1.0
ORD-00773849,2022-05-13,Region 23,92,Electronics,Smartphone,8,438.8,3510.4,SMB,Online Store,1.0
ORD-00275346,2022-05-13,Region 38,238,Home,Lamp,18,125.85,2265.3,Enterprise,Retail,1.0
ORD-00535709,2022-05-13,Region 25,166,Sports,Water Bottle,15,71.66,1074.9,Enterprise,Wholesale,1.0
ORD-00842882,2022-05-14,Region 15,376,Apparel,T-Shirt,12,64.27,771.24,Retail,Wholesale,1.0
ORD-00574515,2022-05-14,Region 11,65,Electronics,Smartphone,5,360.33,1801.65,Enterprise,Retail,1.0
ORD-00579306,2022-05-14,Region 48,417,Home,Blender,12,118.41,1420.92,Wholesale,Online Store,1.0
ORD-00035473,2022-05-15,Region 44,390,Books,Journal,10,17.95,179.5,SMB,Wholesale,1.0
ORD-00113901,2022-05-15,Region 18,96,Electronics,Headphones,10,559.81,5598.1,Wholesale,Wholesale,1.0
ORD-00900489,2022-05-15,Region 10,308,Beauty,Lipstick,2,27.72,55.44,Enterprise,Wholesale,1.0
ORD-00367426,2022-05-15,Region 47,231,Books,Novel,17,34.19,581.23,SMB,Online Store,1.0
ORD-00428417,2022-05-16,Region 24,449,Sports,Treadmill,16,59.79,956.64,Wholesale,Wholesale,1.0
ORD-00377249,2022-05-16,Region 54,30,Books,Novel,3,33.53,100.59,Wholesale,Retail,1.0
ORD-00643798,2022-05-17,Region 06,268,Books,Journal,12,32.07,384.84,Retail,Online Store,1.0
ORD-00758069,2022-05-17,Region 13,357,Grocery,Rice,14,19.5,273.0,SMB,Online Store,1.0
ORD-00847745,2022-05-17,Region 17,4,Home,Lamp,4,195.33,781.32,Wholesale,Wholesale,1.0
ORD-00540691,2022-05-17,Region 54,225,Beauty,Shampoo,18,31.46,566.28,SMB,Wholesale,1.0
ORD-00268680,2022-05-18,Region 28,93,Grocery,Milk Powder,16,23.42,374.72,Retail,Wholesale,1.0
ORD-00738690,2022-05-18,Region 39,538,Grocery,Milk Powder,1,16.88,16.88,Enterprise,Online Store,1.0
ORD-00755300,2022-05-18,Region 53,244,Toys,Puzzle,1,51.15,51.15,Retail,Retail,1.0
ORD-00310456,2022-05-18,Region 47,156,Toys,Puzzle,15,40.34,605.1,Retail,Retail,1.0
ORD-00319754,2022-05-18,Region 32,15,Home,Lamp,17,207.59,3529.03,SMB,Wholesale,1.0
ORD-00195199,2022-05-18,Region 49,253,Beauty,Lipstick,19,36.55,694.45,SMB,Wholesale,1.0
ORD-00014130,2022-05-18,Region 09,548,Grocery,Cooking Oil,5,25.13,125.65,Enterprise,Wholesale,1.0
ORD-00695297,2022-05-19,Region 42,536,Electronics,Tablet,7,571.65,4001.55,Retail,Online Store,1.0
ORD-00662413,2022-05-19,Region 52,100,Grocery,Cooking Oil,15,23.92,358.8,Wholesale,Retail,1.0
ORD-00587305,2022-05-19,Region 20,84,Home,Sofa,12,193.27,2319.24,Enterprise,Online Store,1.0
ORD-00545543,2022-05-19,Region 07,188,Home,Lamp,13,110.13,1431.69,Wholesale,Retail,1.0
ORD-00383150,2022-05-19,Region 22,528,Books,Novel,7,21.69,151.83,SMB,Wholesale,1.0
ORD-00997104,2022-05-19,Region 14,26,Sports,Treadmill,11,88.48,973.28,Retail,Retail,1.0
ORD-00028108,2022-05-19,Region 23,309,Home,Lamp,6,201.64,1209.84,Wholesale,Retail,1.0
ORD-00546815,2022-05-19,Region 14,112,Sports,Water Bottle,18,77.34,1392.12,SMB,Online Store,1.0
ORD-00295308,2022-05-20,Region 34,543,Sports,Dumbbells,1,71.66,71.66,Retail,Online Store,1.0
ORD-00008681,2022-05-20,Region 34,545,Toys,Building Blocks,15,52.03,780.45,SMB,Wholesale,1.0
ORD-00554157,2022-05-20,Region 26,562,Beauty,Shampoo,10,48.57,485.7,SMB,Wholesale,1.0
ORD-00671408,2022-05-20,Region 07,271,Toys,Puzzle,7,55.42,387.94,Enterprise,Wholesale,1.0
ORD-00525635,2022-05-20,Region 40,256,Books,Textbook,4,28.17,112.68,Enterprise,Wholesale,1.0
ORD-00280765,2022-05-20,Region 14,500,Sports,Treadmill,2,62.22,124.44,Enterprise,Online Store,1.0
ORD-00088846,2022-05-20,Region 28,105,Beauty,Lipstick,7,36.69,256.83,Wholesale,Wholesale,1.0
ORD-00354360,2022-05-20,Region 55,65,Books,Cookbook,5,31.15,155.75,Wholesale,Wholesale,1.0
ORD-00341625,2022-05-20,Region 52,47,Toys,Puzzle,6,42.79,256.74,Wholesale,Online Store,1.0
ORD-00809444,2022-05-20,Region 50,150,Electronics,Headphones,10,615.6,6156.0,Retail,Online Store,1.0
ORD-00556874,2022-05-20,Region 10,198,Toys,Building Blocks,15,53.01,795.15,Enterprise,Wholesale,1.0
ORD-00802582,2022-05-21,Region 29,396,Toys,Building Blocks,17,38.15,648.55,Enterprise,Online Store,1.0
ORD-00083047,2022-05-21,Region 48,91,Books,Textbook,13,30.64,398.32,Enterprise,Wholesale,1.0
ORD-00542145,2022-05-21,Region 29,263,Sports,Dumbbells,17,59.96,1019.32,Retail,Wholesale,1.0
ORD-00765186,2022-05-21,Region 43,71,Grocery,Cooking Oil,19,23.37,444.03,Enterprise,Retail,1.0
ORD-00280610,2022-05-21,Region 43,186,Beauty,Shampoo,2,47.08,94.16,Retail,Retail,1.0
ORD-00580445,2022-05-21,Region 48,326,Grocery,Rice,16,21.34,341.44,SMB,Wholesale,1.0
ORD-00610458,2022-05-22,Region 43,366,Sports,Treadmill,5,88.82,444.1,Enterprise,Retail,1.0
ORD-00347022,2022-05-22,Region 23,183,Sports,Dumbbells,1,108.56,108.56,Wholesale,Wholesale,1.0
ORD-00934968,2022-05-22,Region 25,317,Books,Textbook,3,29.83,89.49,Retail,Retail,1.0
ORD-00398820,2022-05-22,Region 04,309,Toys,Building Blocks,13,38.5,500.5,SMB,Retail,1.0
ORD-00537012,2022-05-22,Region 12,277,Sports,Treadmill,13,95.61,1242.93,Enterprise,Online Store,1.0
ORD-00788007,2022-05-23,Region 23,453,Electronics,Headphones,4,416.31,1665.24,Enterprise,Online Store,1.0
ORD-00175382,2022-05-23,Region 01,483,Toys,Building Blocks,9,55.62,500.58,Wholesale,Retail,1.0
ORD-00487922,2022-05-23,Region 11,367,Electronics,Laptop,8,578.18,4625.44,Retail,Retail,1.0
ORD-00230830,2022-05-23,Region 38,24,Grocery,Rice,19,22.53,428.07,Wholesale,Wholesale,1.0
ORD-00168434,2022-05-23,Region 35,396,Books,Cookbook,12,17.71,212.52,SMB,Wholesale,1.0
ORD-00168063,2022-05-23,Region 25,187,Books,Journal,10,19.07,190.7,Wholesale,Retail,1.0
ORD-00799217,2022-05-24,Region 49,114,Toys,Building Blocks,14,35.72,500.08,SMB,Retail,1.0
ORD-00651553,2022-05-24,Region 53,570,Apparel,T-Shirt,16,51.83,829.28,Retail,Online Store,1.0
ORD-00066756,2022-05-24,Region 31,104,Grocery,Milk Powder,15,16.27,244.05,Wholesale,Wholesale,1.0
ORD-00157415,2022-05-24,Region 33,168,Toys,Board Game,10,55.98,559.8,Enterprise,Online Store,1.0
ORD-00316767,2022-05-25,Region 48,38,Toys,Action Figure,14,50.77,710.78,Enterprise,Wholesale,1.0
ORD-00412241,2022-05-25,Region 30,595,Grocery,Cooking Oil,19,24.33,462.27,SMB,Wholesale,1.0
ORD-00733373,2022-05-25,Region 27,426,Books,Cookbook,6,22.76,136.56,Retail,Retail,1.0
ORD-00877655,2022-05-25,Region 16,243,Toys,Board Game,6,29.06,174.36,SMB,Wholesale,1.0
ORD-00618427,2022-05-25,Region 02,352,Sports,Water Bottle,5,59.77,298.85,Enterprise,Retail,1.0
ORD-00638481,2022-05-25,Region 54,576,Apparel,Jeans,14,79.46,1112.44,Retail,Online Store,1.0
ORD-00461961,2022-05-25,Region 05,177,Apparel,Jeans,7,63.44,444.08,Retail,Retail,1.0
ORD-00250461,2022-05-25,Region 47,425,Apparel,Jeans,13,65.28,848.64,Wholesale,Retail,1.0
ORD-00034188,2022-05-26,Region 16,123,Books,Cookbook,14,30.78,430.92,Retail,Retail,1.0
ORD-00154414,2022-05-26,Region 05,451,Apparel,T-Shirt,1,53.0,53.0,Enterprise,Retail,1.0
ORD-00469782,2022-05-26,Region 33,107,Grocery,Rice,11,18.05,198.55,Enterprise,Retail,1.0
ORD-00378283,2022-05-26,Region 35,504,Electronics,Tablet,1,526.27,526.27,Wholesale,Retail,1.0
ORD-00586844,2022-05-27,Region 17,44,Sports,Water Bottle,15,74.25,1113.75,Retail,Retail,1.0
ORD-00207652,2022-05-27,Region 14,594,Books,Cookbook,18,28.09,505.62,SMB,Online Store,1.0
ORD-00961314,2022-05-28,Region 13,573,Grocery,Rice,9,23.68,213.12,Enterprise,Retail,1.0
ORD-00146195,2022-05-28,Region 39,536,Electronics,Laptop,20,482.53,9650.6,Wholesale,Online Store,1.0
ORD-00201914,2022-05-28,Region 48,374,Electronics,Headphones,20,430.55,8611.0,Enterprise,Retail,1.0
ORD-00349666,2022-05-28,Region 33,500,Beauty,Shampoo,5,32.48,162.4,Retail,Wholesale,1.0
ORD-00115138,2022-05-28,Region 07,125,Home,Sofa,16,194.97,3119.52,Enterprise,Wholesale,1.0
ORD-00999029,2022-05-28,Region 22,367,Apparel,Jeans,7,56.08,392.56,Enterprise,Online Store,1.0
ORD-00756986,2022-05-29,Region 37,581,Books,Novel,20,25.83,516.6,Wholesale,Wholesale,1.0
ORD-00916278,2022-05-29,Region 07,279,Home,Lamp,9,190.25,1712.25,Enterprise,Wholesale,1.0
ORD-00732195,2022-05-29,Region 23,436,Apparel,Jeans,19,46.24,878.56,Wholesale,Wholesale,1.0
ORD-00363263,2022-05-29,Region 53,485,Sports,Water Bottle,6,67.13,402.78,SMB,Online Store,1.0
ORD-00622549,2022-05-29,Region 32,307,Electronics,Tablet,7,655.91,4591.37,SMB,Retail,1.0
ORD-00933259,2022-05-30,Region 13,7,Apparel,Jacket,18,77.16,1388.88,Enterprise,Retail,1.0
ORD-00179129,2022-05-30,Region 47,252,Sports,Water Bottle,17,105.51,1793.67,Retail,Wholesale,1.0
ORD-00632303,2022-05-30,Region 33,153,Electronics,Laptop,12,366.43,4397.16,SMB,Retail,1.0
ORD-00919873,2022-05-30,Region 44,348,Sports,Yoga Mat,17,71.15,1209.55,Retail,Online Store,1.0
ORD-00917988,2022-05-31,Region 51,124,Beauty,Moisturizer,19,37.95,721.05,Wholesale,Retail,1.0
ORD-00948364,2022-05-31,Region 27,316,Books,Journal,12,27.51,330.12,Retail,Wholesale,1.0
ORD-00604609,2022-05-31,Region 37,571,Apparel,Jacket,16,45.14,722.24,Enterprise,Retail,1.0
ORD-00254577,2022-06-01,Region 03,548,Books,Journal,17,22.4,380.8,Wholesale,Online Store,1.0
ORD-00723646,2022-06-01,Region 43,388,Sports,Dumbbells,6,95.26,571.56,Wholesale,Wholesale,1.0
ORD-00031640,2022-06-01,Region 42,179,Beauty,Serum,9,40.3,362.7,SMB,Online Store,1.0
ORD-00886872,2022-06-01,Region 38,366,Electronics,Laptop,3,586.23,1758.69,Retail,Wholesale,1.0
ORD-00252685,2022-06-02,Region 47,552,Apparel,Sneakers,1,61.38,61.38,Retail,Retail,1.0
ORD-00510616,2022-06-02,Region 26,385,Books,Textbook,14,32.97,461.58,Retail,Retail,1.0
ORD-00906039,2022-06-02,Region 48,487,Books,Textbook,3,22.11,66.33,Retail,Retail,1.0
ORD-00916209,2022-06-03,Region 10,299,Toys,Puzzle,13,50.14,651.82,Retail,Online Store,1.0
ORD-00903093,2022-06-03,Region 15,378,Sports,Water Bottle,15,99.88,1498.2,Enterprise,Online Store,1.0
ORD-00345537,2022-06-03,Region 50,70,Grocery,Rice,8,22.44,179.52,SMB,Retail,1.0
ORD-00851269,2022-06-03,Region 48,303,Home,Lamp,14,140.84,1971.76,SMB,Online Store,1.0
ORD-00988493,2022-06-04,Region 45,3,Sports,Water Bottle,15,61.92,928.8,Retail,Retail,1.0
ORD-00251185,2022-06-04,Region 19,486,Electronics,Tablet,18,555.76,10003.68,SMB,Wholesale,1.0
ORD-00178034,2022-06-04,Region 03,258,Sports,Water Bottle,17,56.59,962.03,Enterprise,Online Store,1.0
ORD-00407985,2022-06-04,Region 39,399,Sports,Water Bottle,1,88.55,88.55,Retail,Wholesale,1.0
ORD-00533225,2022-06-04,Region 48,126,Apparel,Jacket,19,58.14,1104.66,Enterprise,Retail,1.0
ORD-00644607,2022-06-04,Region 30,415,Apparel,T-Shirt,4,74.51,298.04,SMB,Wholesale,1.0
ORD-00738781,2022-06-04,Region 05,393,Sports,Water Bottle,10,72.81,728.1,Wholesale,Retail,1.0
ORD-00813498,2022-06-05,Region 50,575,Toys,Building Blocks,20,35.01,700.2,Enterprise,Retail,1.0
ORD-00628854,2022-06-06,Region 16,385,Grocery,Cooking Oil,1,23.83,23.83,Wholesale,Retail,1.0
ORD-00920653,2022-06-06,Region 25,343,Beauty,Serum,20,46.72,934.4,Wholesale,Wholesale,1.0
ORD-00240187,2022-06-06,Region 20,174,Toys,Board Game,20,33.12,662.4,SMB,Online Store,1.0
ORD-00477362,2022-06-06,Region 26,105,Home,Sofa,4,170.81,683.24,Enterprise,Retail,1.0
ORD-00508945,2022-06-07,Region 12,208,Toys,Board Game,11,32.83,361.13,SMB,Wholesale,1.0
ORD-00590711,2022-06-07,Region 16,541,Beauty,Moisturizer,18,32.56,586.08,Enterprise,Wholesale,1.0
ORD-00719740,2022-06-07,Region 51,583,Sports,Dumbbells,1,63.61,63.61,Enterprise,Retail,1.0
ORD-00965385,2022-06-07,Region 15,62,Books,Textbook,11,23.13,254.43,Enterprise,Retail,1.0
ORD-00064221,2022-06-08,Region 54,378,Beauty,Lipstick,9,30.54,274.86,Wholesale,Online Store,1.0
ORD-00516129,2022-06-09,Region 55,210,Beauty,Lipstick,2,32.48,64.96,Enterprise,Retail,1.0
ORD-00042787,2022-06-09,Region 08,239,Sports,Water Bottle,11,72.67,799.37,Enterprise,Wholesale,1.0
ORD-00374688,2022-06-09,Region 09,472,Home,Lamp,19,140.41,2667.79,Wholesale,Online Store,1.0
ORD-00957196,2022-06-09,Region 43,254,Books,Cookbook,9,23.29,209.61,Retail,Wholesale,1.0
ORD-00366137,2022-06-09,Region 52,488,Home,Blender,12,134.21,1610.52,SMB,Wholesale,1.0
ORD-00856828,2022-06-09,Region 48,98,Electronics,Laptop,1,531.64,531.64,Wholesale,Online Store,1.0
ORD-00222601,2022-06-09,Region 20,364,Grocery,Milk Powder,5,22.62,113.1,SMB,Wholesale,1.0
ORD-00695825,2022-06-10,Region 18,381,Electronics,Tablet,10,448.47,4484.7,Retail,Wholesale,1.0
ORD-00060912,2022-06-10,Region 48,38,Toys,Puzzle,19,43.37,824.03,Enterprise,Retail,1.0
ORD-00418258,2022-06-10,Region 40,107,Electronics,Headphones,2,375.21,750.42,Retail,Retail,1.0
ORD-00148417,2022-06-10,Region 09,324,Toys,Board Game,9,41.35,372.15,Retail,Retail,1.0
ORD-00256712,2022-06-10,Region 13,246,Beauty,Lipstick,8,38.21,305.68,Retail,Wholesale,1.0
ORD-00940968,2022-06-11,Region 32,230,Toys,Board Game,12,53.89,646.68,Retail,Online Store,1.0
ORD-00348319,2022-06-11,Region 24,555,Books,Textbook,4,30.61,122.44,Retail,Retail,1.0
ORD-00596499,2022-06-11,Region 03,542,Grocery,Cooking Oil,6,21.97,131.82,SMB,Retail,1.0
ORD-00136152,2022-06-12,Region 26,2,Electronics,Headphones,2,487.02,974.04,SMB,Wholesale,1.0
ORD-00057289,2022-06-12,Region 44,177,Electronics,Smartphone,4,501.05,2004.2,SMB,Online Store,1.0
ORD-00739515,2022-06-12,Region 27,464,Toys,Action Figure,15,41.26,618.9,Wholesale,Wholesale,1.0
ORD-00960203,2022-06-12,Region 48,447,Sports,Dumbbells,17,111.79,1900.43,Enterprise,Retail,1.0
ORD-00707251,2022-06-12,Region 04,62,Sports,Water Bottle,20,77.16,1543.2,Retail,Online Store,1.0
ORD-00430193,2022-06-12,Region 37,464,Electronics,Smartphone,6,515.75,3094.5,Enterprise,Retail,1.0
ORD-00828825,2022-06-12,Region 28,163,Electronics,Laptop,11,487.58,5363.38,Retail,Retail,1.0
ORD-00200614,2022-06-13,Region 05,578,Apparel,Jeans,17,45.31,770.27,SMB,Online Store,1.0
ORD-00928346,2022-06-13,Region 53,393,Electronics,Smartphone,2,626.11,1252.22,Retail,Wholesale,1.0
ORD-00647664,2022-06-13,Region 43,282,Home,Lamp,4,125.49,501.96,Wholesale,Retail,1.0
ORD-00548825,2022-06-13,Region 26,115,Electronics,Headphones,8,596.03,4768.24,SMB,Online Store,1.0
ORD-00410238,2022-06-14,Region 50,380,Toys,Board Game,7,34.85,243.95,Retail,Wholesale,1.0
ORD-00161197,2022-06-14,Region 50,442,Beauty,Moisturizer,13,37.45,486.85,Retail,Online Store,1.0
ORD-00292258,2022-06-14,Region 53,282,Books,Cookbook,20,29.93,598.6,Wholesale,Retail,1.0
ORD-00870386,2022-06-14,Region 06,231,Books,Novel,9,30.42,273.78,Enterprise,Retail,1.0
ORD-00895958,2022-06-14,Region 41,436,Sports,Dumbbells,1,75.29,75.29,Wholesale,Online Store,1.0
ORD-00915734,2022-06-14,Region 41,417,Electronics,Tablet,5,539.62,2698.1,Wholesale,Online Store,1.0
ORD-00416099,2022-06-15,Region 35,398,Grocery,Cooking Oil,13,21.03,273.39,SMB,Online Store,1.0
ORD-00802841,2022-06-15,Region 01,176,Beauty,Serum,6,39.95,239.7,SMB,Wholesale,1.0
ORD-00765443,2022-06-15,Region 49,182,Grocery,Rice,8,17.23,137.84,Wholesale,Online Store,1.0
ORD-00768488,2022-06-15,Region 12,291,Grocery,Coffee,7,18.83,131.81,Enterprise,Wholesale,1.0
ORD-00209582,2022-06-16,Region 49,220,Beauty,Moisturizer,9,35.88,322.92,Retail,Retail,1.0
ORD-00786922,2022-06-16,Region 50,573,Toys,Board Game,18,42.41,763.38,SMB,Wholesale,1.0
ORD-00111650,2022-06-16,Region 50,336,Home,Blender,17,123.9,2106.3,Wholesale,Online Store,1.0
ORD-00167184,2022-06-16,Region 41,463,Grocery,Coffee,10,14.44,144.4,Wholesale,Wholesale,1.0
ORD-00396270,2022-06-16,Region 50,138,Toys,Building Blocks,15,41.47,622.05,Retail,Online Store,1.0
ORD-00449773,2022-06-16,Region 48,105,Grocery,Milk Powder,13,23.57,306.41,Retail,Wholesale,1.0
ORD-00273077,2022-06-16,Region 33,275,Beauty,Lipstick,19,33.37,634.03,Enterprise,Online Store,1.0
ORD-00662042,2022-06-17,Region 37,339,Sports,Yoga Mat,14,109.59,1534.26,Enterprise,Wholesale,1.0
ORD-00344610,2022-06-17,Region 25,74,Apparel,T-Shirt,20,49.65,993.0,Retail,Retail,1.0
ORD-00291714,2022-06-17,Region 49,533,Books,Novel,2,18.1,36.2,Retail,Retail,1.0
ORD-00308919,2022-06-18,Region 46,316,Beauty,Serum,16,36.31,580.96,Retail,Online Store,1.0
ORD-00659442,2022-06-18,Region 31,113,Home,Curtains,10,110.81,1108.1,Retail,Online Store,1.0
ORD-00667075,2022-06-18,Region 50,56,Electronics,Tablet,3,467.38,1402.14,SMB,Retail,1.0
ORD-00218055,2022-06-18,Region 19,192,Books,Cookbook,5,22.39,111.95,Enterprise,Retail,1.0
ORD-00084894,2022-06-19,Region 21,69,Toys,Puzzle,2,32.2,64.4,SMB,Online Store,1.0
ORD-00798653,2022-06-19,Region 53,27,Home,Lamp,20,208.77,4175.4,Wholesale,Online Store,1.0
ORD-00063644,2022-06-19,Region 46,97,Books,Novel,10,29.97,299.7,Enterprise,Online Store,1.0
ORD-00499234,2022-06-19,Region 40,362,Apparel,T-Shirt,13,79.3,1030.9,Wholesale,Online Store,1.0
ORD-00931864,2022-06-19,Region 45,244,Home,Sofa,15,167.26,2508.9,Wholesale,Retail,1.0
ORD-00657858,2022-06-19,Region 37,22,Grocery,Milk Powder,16,26.19,419.04,Wholesale,Wholesale,1.0
ORD-00341406,2022-06-19,Region 01,598,Home,Curtains,11,174.39,1918.29,Enterprise,Wholesale,1.0
ORD-00535513,2022-06-19,Region 15,358,Electronics,Tablet,7,696.32,4874.24,Enterprise,Wholesale,1.0
ORD-00670925,2022-06-19,Region 44,428,Toys,Puzzle,12,35.65,427.8,Wholesale,Retail,1.0
ORD-00145841,2022-06-19,Region 23,347,Apparel,Jacket,11,60.66,667.26,Enterprise,Online Store,1.0
ORD-00245164,2022-06-19,Region 48,435,Apparel,Jeans,10,68.54,685.4,Retail,Wholesale,1.0
ORD-00642839,2022-06-20,Region 22,305,Apparel,Jacket,14,71.68,1003.52,Enterprise,Retail,1.0
ORD-00898951,2022-06-20,Region 17,162,Toys,Board Game,6,52.5,315.0,SMB,Wholesale,1.0
ORD-00266421,2022-06-20,Region 55,542,Apparel,Jacket,5,75.54,377.7,Wholesale,Retail,1.0
ORD-00521180,2022-06-20,Region 11,458,Grocery,Cooking Oil,1,16.33,16.33,SMB,Retail,1.0
ORD-00796040,2022-06-21,Region 23,369,Toys,Board Game,17,42.6,724.2,Retail,Online Store,1.0
ORD-00919743,2022-06-21,Region 09,264,Books,Journal,8,32.86,262.88,Wholesale,Retail,1.0
ORD-00890906,2022-06-21,Region 45,562,Sports,Treadmill,13,56.63,736.19,SMB,Retail,1.0
ORD-00658137,2022-06-21,Region 22,108,Grocery,Milk Powder,17,22.14,376.38,Enterprise,Online Store,1.0
ORD-00681052,2022-06-21,Region 23,72,Beauty,Shampoo,2,48.7,97.4,Retail,Online Store,1.0
ORD-00732300,2022-06-21,Region 54,51,Toys,Puzzle,19,35.11,667.09,Wholesale,Retail,1.0
ORD-00301047,2022-06-22,Region 54,138,Home,Curtains,5,141.03,705.15,SMB,Wholesale,1.0
ORD-00733580,2022-06-22,Region 46,458,Home,Blender,19,130.52,2479.88,SMB,Retail,1.0
ORD-00605206,2022-06-22,Region 49,414,Apparel,Sneakers,8,70.47,563.76,Retail,Retail,1.0
ORD-00345077,2022-06-22,Region 33,364,Home,Curtains,14,182.3,2552.2,Retail,Online Store,1.0
ORD-00137306,2022-06-22,Region 24,338,Sports,Water Bottle,14,94.78,1326.92,Retail,Wholesale,1.0
ORD-00081095,2022-06-22,Region 42,381,Toys,Puzzle,8,31.09,248.72,SMB,Retail,1.0
ORD-00787872,2022-06-23,Region 27,575,Home,Curtains,7,200.29,1402.03,SMB,Online Store,1.0
ORD-00943202,2022-06-23,Region 29,96,Grocery,Rice,20,17.92,358.4,SMB,Online Store,1.0
ORD-00413554,2022-06-23,Region 11,141,Sports,Treadmill,3,75.6,226.8,SMB,Wholesale,1.0
ORD-00559362,2022-06-24,Region 17,570,Toys,Puzzle,15,28.09,421.35,Wholesale,Retail,1.0
ORD-00591508,2022-06-24,Region 02,20,Beauty,Shampoo,15,39.24,588.6,Enterprise,Retail,1.0
ORD-00132693,2022-06-24,Region 25,280,Beauty,Lipstick,4,41.58,166.32,Retail,Retail,1.0
ORD-00547864,2022-06-24,Region 45,498,Sports,Treadmill,10,63.97,639.7,Wholesale,Wholesale,1.0
ORD-00776950,2022-06-24,Region 10,90,Books,Journal,11,26.12,287.32,SMB,Wholesale,1.0
ORD-00641966,2022-06-25,Region 44,444,Apparel,T-Shirt,8,72.15,577.2,Wholesale,Wholesale,1.0
ORD-00553191,2022-06-25,Region 21,199,Grocery,Coffee,6,23.67,142.02,SMB,Wholesale,1.0
ORD-00607627,2022-06-25,Region 27,238,Beauty,Shampoo,16,41.56,664.96,SMB,Online Store,1.0
ORD-00735828,2022-06-25,Region 10,136,Electronics,Tablet,10,390.44,3904.4,SMB,Online Store,1.0
ORD-00386318,2022-06-25,Region 20,54,Grocery,Cooking Oil,6,17.94,107.64,SMB,Online Store,1.0
ORD-00169479,2022-06-25,Region 41,220,Sports,Dumbbells,4,96.0,384.0,SMB,Retail,1.0
ORD-00456902,2022-06-26,Region 31,345,Books,Journal,7,26.87,188.09,Enterprise,Retail,1.0
ORD-00631829,2022-06-26,Region 20,166,Apparel,Sneakers,8,79.21,633.68,SMB,Wholesale,1.0
ORD-00145450,2022-06-26,Region 38,417,Home,Sofa,7,128.37,898.59,Enterprise,Retail,1.0
ORD-00390967,2022-06-26,Region 43,75,Beauty,Serum,7,43.59,305.13,Enterprise,Online Store,1.0
ORD-00436001,2022-06-27,Region 19,28,Books,Novel,11,28.79,316.69,Wholesale,Wholesale,1.0
ORD-00126314,2022-06-27,Region 07,123,Books,Novel,17,34.8,591.6,Retail,Wholesale,1.0
ORD-00200272,2022-06-27,Region 39,530,Books,Novel,6,23.58,141.48,Retail,Wholesale,1.0
ORD-00443178,2022-06-28,Region 21,8,Grocery,Milk Powder,16,18.32,293.12,Retail,Online Store,1.0
ORD-00135857,2022-06-28,Region 20,334,Home,Sofa,3,203.96,611.88,Enterprise,Wholesale,1.0
ORD-00041394,2022-06-28,Region 30,218,Beauty,Shampoo,14,30.36,425.04,Enterprise,Online Store,1.0
ORD-00168474,2022-06-28,Region 31,37,Electronics,Headphones,8,586.36,4690.88,SMB,Wholesale,1.0
ORD-00413768,2022-06-28,Region 34,53,Home,Lamp,6,168.75,1012.5,SMB,Online Store,1.0
ORD-00460319,2022-06-28,Region 03,200,Books,Journal,15,21.91,328.65,Wholesale,Retail,1.0
ORD-00091205,2022-06-29,Region 22,577,Electronics,Laptop,15,487.97,7319.55,SMB,Wholesale,1.0
ORD-00426385,2022-06-29,Region 50,94,Sports,Yoga Mat,13,77.71,1010.23,SMB,Wholesale,1.0
ORD-00232954,2022-06-30,Region 09,33,Sports,Yoga Mat,20,80.94,1618.8,Enterprise,Online Store,1.0
ORD-00671105,2022-06-30,Region 37,381,Grocery,Milk Powder,6,14.18,85.08,Retail,Wholesale,1.0
ORD-00859743,2022-06-30,Region 02,232,Sports,Treadmill,17,80.0,1360.0,Retail,Online Store,1.0
ORD-00286415,2022-06-30,Region 30,552,Apparel,Sneakers,11,83.2,915.2,SMB,Wholesale,1.0
ORD-00226621,2022-06-30,Region 01,315,Grocery,Rice,19,16.97,322.43,Wholesale,Wholesale,1.0
ORD-00248490,2022-06-30,Region 50,240,Apparel,Jacket,12,74.52,894.24,Enterprise,Wholesale,1.0
ORD-00462766,2022-07-01,Region 49,203,Sports,Dumbbells,13,105.33,1369.29,Wholesale,Wholesale,1.0
ORD-00738892,2022-07-01,Region 31,587,Grocery,Rice,8,20.81,166.48,Enterprise,Online Store,1.0
ORD-00207068,2022-07-02,Region 18,303,Apparel,Jeans,10,57.61,576.1,Retail,Retail,1.0
ORD-00714370,2022-07-02,Region 25,189,Grocery,Milk Powder,15,22.11,331.65,Wholesale,Retail,1.0
ORD-00714769,2022-07-02,Region 46,106,Grocery,Milk Powder,13,25.42,330.46,Retail,Wholesale,1.0
ORD-00128365,2022-07-02,Region 38,449,Apparel,Sneakers,4,60.51,242.04,Enterprise,Online Store,1.0
ORD-00611744,2022-07-02,Region 21,316,Beauty,Serum,20,41.05,821.0,Wholesale,Retail,1.0
ORD-00437094,2022-07-03,Region 35,365,Toys,Building Blocks,2,55.59,111.18,Wholesale,Retail,1.0
ORD-00799995,2022-07-03,Region 22,168,Sports,Dumbbells,17,82.32,1399.44,SMB,Wholesale,1.0
ORD-00702556,2022-07-03,Region 49,130,Sports,Treadmill,15,89.42,1341.3,Enterprise,Wholesale,1.0
ORD-00849699,2022-07-04,Region 05,481,Grocery,Rice,13,20.96,272.48,Wholesale,Retail,1.0
ORD-00210050,2022-07-04,Region 09,493,Beauty,Serum,16,28.37,453.92,Enterprise,Online Store,1.0
ORD-00634832,2022-07-04,Region 08,186,Beauty,Moisturizer,12,41.23,494.76,Wholesale,Online Store,1.0
ORD-00681564,2022-07-04,Region 01,408,Sports,Water Bottle,15,68.6,1029.0,Enterprise,Retail,1.0
ORD-00510676,2022-07-04,Region 03,117,Apparel,T-Shirt,18,63.85,1149.3,Wholesale,Retail,1.0
ORD-00851262,2022-07-04,Region 10,458,Home,Blender,4,108.22,432.88,SMB,Retail,1.0
ORD-00577745,2022-07-05,Region 09,561,Home,Curtains,1,192.11,192.11,Retail,Retail,1.0
ORD-00974902,2022-07-05,Region 12,140,Electronics,Headphones,15,598.85,8982.75,Retail,Online Store,1.0
ORD-00087104,2022-07-05,Region 41,360,Grocery,Rice,2,17.33,34.66,SMB,Wholesale,1.0
ORD-00556660,2022-07-06,Region 50,223,Toys,Action Figure,3,45.81,137.43,SMB,Online Store,1.0
ORD-00781749,2022-07-06,Region 01,203,Toys,Action Figure,18,28.77,517.86,Wholesale,Retail,1.0
ORD-00931204,2022-07-06,Region 14,160,Grocery,Rice,7,14.03,98.21,Enterprise,Online Store,1.0
ORD-00607325,2022-07-06,Region 11,278,Grocery,Milk Powder,18,15.11,271.98,Wholesale,Wholesale,1.0
ORD-00682806,2022-07-07,Region 53,535,Grocery,Cooking Oil,14,21.56,301.84,SMB,Online Store,1.0
ORD-00955338,2022-07-07,Region 21,130,Sports,Water Bottle,12,74.31,891.72,Enterprise,Online Store,1.0
ORD-00809188,2022-07-07,Region 18,468,Sports,Water Bottle,6,98.83,592.98,SMB,Retail,1.0
ORD-00402117,2022-07-08,Region 25,333,Apparel,T-Shirt,19,47.5,902.5,Wholesale,Wholesale,1.0
ORD-00008023,2022-07-08,Region 12,229,Books,Novel,9,31.42,282.78,SMB,Online Store,1.0
ORD-00988560,2022-07-08,Region 48,384,Home,Sofa,10,117.0,1170.0,Enterprise,Online Store,1.0
ORD-00964988,2022-07-09,Region 48,281,Toys,Puzzle,2,52.92,105.84,SMB,Retail,1.0
ORD-00804703,2022-07-09,Region 06,571,Electronics,Smartphone,20,628.7,12574.0,Wholesale,Online Store,1.0
ORD-00553496,2022-07-09,Region 17,561,Sports,Dumbbells,16,76.81,1228.96,SMB,Online Store,1.0
ORD-00388901,2022-07-10,Region 55,325,Home,Curtains,6,147.73,886.38,Retail,Online Store,1.0
ORD-00089662,2022-07-10,Region 09,227,Beauty,Shampoo,3,33.88,101.64,Retail,Online Store,1.0
ORD-00483690,2022-07-10,Region 26,161,Electronics,Smartphone,18,539.51,9711.18,Wholesale,Wholesale,1.0
ORD-00745440,2022-07-10,Region 31,517,Grocery,Rice,3,15.88,47.64,Enterprise,Online Store,1.0
ORD-00950836,2022-07-10,Region 06,59,Electronics,Headphones,15,545.28,8179.2,Retail,Online Store,1.0
ORD-00480989,2022-07-11,Region 27,396,Home,Lamp,7,141.99,993.93,Enterprise,Retail,1.0
ORD-00656441,2022-07-11,Region 50,479,Apparel,T-Shirt,5,46.45,232.25,Wholesale,Retail,1.0
ORD-00706015,2022-07-11,Region 10,260,Toys,Puzzle,12,28.42,341.04,SMB,Online Store,1.0
ORD-00654523,2022-07-11,Region 20,434,Beauty,Serum,11,29.9,328.9,Enterprise,Wholesale,1.0
ORD-00421767,2022-07-11,Region 40,407,Home,Sofa,1,144.26,144.26,SMB,Retail,1.0
ORD-00517852,2022-07-12,Region 13,159,Grocery,Rice,19,22.9,435.1,Wholesale,Retail,1.0
ORD-00662060,2022-07-12,Region 42,54,Toys,Action Figure,9,52.69,474.21,SMB,Retail,1.0
ORD-00137781,2022-07-12,Region 37,283,Electronics,Tablet,8,458.73,3669.84,Retail,Online Store,1.0
ORD-00113067,2022-07-12,Region 44,541,Home,Blender,16,171.49,2743.84,Wholesale,Online Store,1.0
ORD-00509332,2022-07-14,Region 18,579,Grocery,Coffee,18,18.75,337.5,Retail,Online Store,1.0
ORD-00249241,2022-07-14,Region 01,570,Grocery,Coffee,15,23.27,349.05,Enterprise,Wholesale,1.0
ORD-00781242,2022-07-14,Region 36,235,Toys,Building Blocks,4,48.55,194.2,Enterprise,Retail,1.0
ORD-00096511,2022-07-14,Region 21,339,Grocery,Rice,11,22.08,242.88,Retail,Retail,1.0
ORD-00237434,2022-07-14,Region 10,194,Sports,Yoga Mat,9,103.54,931.86,SMB,Retail,1.0
ORD-00495045,2022-07-14,Region 34,62,Apparel,Jacket,11,67.06,737.66,Wholesale,Online Store,1.0
ORD-00489079,2022-07-15,Region 13,341,Toys,Action Figure,16,40.41,646.56,Enterprise,Online Store,1.0
ORD-00234365,2022-07-15,Region 05,447,Sports,Dumbbells,10,111.03,1110.3,Wholesale,Wholesale,1.0
ORD-00166876,2022-07-15,Region 39,528,Toys,Board Game,8,55.37,442.96,Enterprise,Wholesale,1.0
ORD-00098677,2022-07-15,Region 25,213,Electronics,Laptop,5,508.57,2542.85,Enterprise,Retail,1.0
ORD-00245307,2022-07-15,Region 31,36,Toys,Board Game,16,51.14,818.24,SMB,Retail,1.0
ORD-00592502,2022-07-15,Region 52,351,Grocery,Rice,18,22.72,408.96,Enterprise,Wholesale,1.0
ORD-00465372,2022-07-15,Region 03,403,Home,Sofa,13,164.92,2143.96,Retail,Wholesale,1.0
ORD-00017237,2022-07-15,Region 43,584,Sports,Dumbbells,14,75.71,1059.94,Enterprise,Retail,1.0
ORD-00164451,2022-07-15,Region 45,28,Home,Lamp,11,106.92,1176.12,SMB,Retail,1.0
ORD-00681605,2022-07-15,Region 42,455,Grocery,Milk Powder,2,27.43,54.86,Retail,Wholesale,1.0
ORD-00023969,2022-07-15,Region 41,420,Electronics,Tablet,15,604.56,9068.4,Retail,Retail,1.0
ORD-00123435,2022-07-16,Region 19,582,Electronics,Tablet,9,372.48,3352.32,Enterprise,Retail,1.0
ORD-00365216,2022-07-16,Region 37,248,Toys,Board Game,11,31.91,351.01,Wholesale,Wholesale,1.0
ORD-00014072,2022-07-16,Region 37,535,Home,Sofa,5,112.78,563.9,Enterprise,Online Store,1.0
ORD-00687217,2022-07-16,Region 51,197,Sports,Dumbbells,10,104.16,1041.6,Wholesale,Wholesale,1.0
ORD-00602899,2022-07-16,Region 06,412,Home,Curtains,20,160.23,3204.6,Wholesale,Online Store,1.0
ORD-00573558,2022-07-17,Region 26,458,Sports,Water Bottle,12,92.03,1104.36,Enterprise,Retail,1.0
ORD-00514921,2022-07-17,Region 13,254,Apparel,Sneakers,8,79.39,635.12,Enterprise,Wholesale,1.0
ORD-00180105,2022-07-17,Region 01,466,Electronics,Laptop,19,438.86,8338.34,Retail,Retail,1.0
ORD-00509245,2022-07-17,Region 35,299,Grocery,Cooking Oil,15,16.42,246.3,Retail,Online Store,1.0
ORD-00840745,2022-07-18,Region 03,476,Apparel,T-Shirt,20,65.52,1310.4,SMB,Retail,1.0
ORD-00992799,2022-07-18,Region 40,527,Home,Lamp,4,154.36,617.44,Retail,Retail,1.0
ORD-00648270,2022-07-18,Region 50,254,Electronics,Smartphone,3,521.07,1563.21,Wholesale,Retail,1.0
ORD-00640333,2022-07-18,Region 11,111,Sports,Dumbbells,8,107.07,856.56,Wholesale,Online Store,1.0
ORD-00961975,2022-07-18,Region 22,426,Apparel,Sneakers,5,53.6,268.0,Retail,Online Store,1.0
ORD-00133285,2022-07-18,Region 03,67,Apparel,Jeans,13,60.21,782.73,SMB,Retail,1.0
ORD-00552700,2022-07-18,Region 46,550,Apparel,Sneakers,7,77.1,539.7,Wholesale,Online Store,1.0
ORD-00076002,2022-07-18,Region 08,299,Home,Sofa,15,200.82,3012.3,SMB,Retail,1.0
ORD-00435656,2022-07-19,Region 01,112,Electronics,Headphones,9,390.53,3514.77,Enterprise,Wholesale,1.0
ORD-00234918,2022-07-19,Region 49,57,Electronics,Tablet,7,415.94,2911.58,SMB,Online Store,1.0
ORD-00979288,2022-07-19,Region 19,404,Electronics,Laptop,6,476.03,2856.18,Retail,Retail,1.0
ORD-00618375,2022-07-19,Region 51,106,Home,Curtains,11,149.15,1640.65,Retail,Wholesale,1.0
ORD-00760918,2022-07-19,Region 03,576,Beauty,Shampoo,1,43.71,43.71,Retail,Wholesale,1.0
ORD-00292463,2022-07-19,Region 02,328,Electronics,Laptop,13,535.11,6956.43,Enterprise,Online Store,1.0
ORD-00290108,2022-07-19,Region 45,427,Beauty,Serum,2,42.71,85.42,Retail,Online Store,1.0
ORD-00201232,2022-07-19,Region 42,319,Toys,Action Figure,3,45.67,137.01,Wholesale,Retail,1.0
ORD-00635700,2022-07-20,Region 51,523,Grocery,Rice,2,26.46,52.92,SMB,Wholesale,1.0
ORD-00772843,2022-07-20,Region 20,31,Electronics,Smartphone,1,353.64,353.64,Enterprise,Online Store,1.0
ORD-00598562,2022-07-20,Region 12,147,Home,Blender,9,174.29,1568.61,SMB,Retail,1.0
ORD-00852505,2022-07-20,Region 26,109,Electronics,Headphones,2,406.88,813.76,Wholesale,Retail,1.0
ORD-00362131,2022-07-20,Region 15,556,Beauty,Moisturizer,1,37.57,37.57,Enterprise,Retail,1.0
ORD-00234036,2022-07-21,Region 33,361,Electronics,Laptop,8,560.97,4487.76,Retail,Online Store,1.0
ORD-00717036,2022-07-21,Region 21,549,Home,Blender,9,128.81,1159.29,SMB,Online Store,1.0
ORD-00663941,2022-07-21,Region 51,167,Home,Lamp,8,125.43,1003.44,Wholesale,Retail,1.0
ORD-00878555,2022-07-21,Region 32,98,Sports,Dumbbells,15,95.03,1425.45,Enterprise,Retail,1.0
ORD-00088520,2022-07-22,Region 26,194,Home,Blender,15,195.71,2935.65,Enterprise,Online Store,1.0
ORD-00177137,2022-07-22,Region 31,128,Sports,Water Bottle,1,106.52,106.52,SMB,Retail,1.0
ORD-00279778,2022-07-23,Region 30,240,Grocery,Coffee,10,24.0,240.0,Wholesale,Wholesale,1.0
ORD-00834277,2022-07-23,Region 27,123,Electronics,Laptop,20,654.54,13090.8,Wholesale,Online Store,1.0
ORD-00964801,2022-07-23,Region 50,194,Apparel,T-Shirt,14,68.72,962.08,Retail,Wholesale,1.0
ORD-00527356,2022-07-23,Region 36,444,Home,Sofa,4,203.47,813.88,SMB,Retail,1.0
ORD-00057283,2022-07-24,Region 49,257,Beauty,Moisturizer,15,36.01,540.15,Enterprise,Online Store,1.0
ORD-00777379,2022-07-24,Region 36,230,Beauty,Lipstick,10,48.21,482.1,SMB,Online Store,1.0
ORD-00204175,2022-07-24,Region 13,295,Sports,Treadmill,18,111.35,2004.3,Wholesale,Online Store,1.0
ORD-00653425,2022-07-24,Region 08,23,Apparel,Jeans,8,48.93,391.44,SMB,Retail,1.0
ORD-00066978,2022-07-25,Region 15,91,Home,Lamp,2,131.71,263.42,SMB,Wholesale,1.0
ORD-00724948,2022-07-25,Region 31,427,Electronics,Smartphone,7,466.34,3264.38,SMB,Online Store,1.0
ORD-00814775,2022-07-26,Region 22,298,Beauty,Moisturizer,5,36.2,181.0,Wholesale,Wholesale,1.0
ORD-00164649,2022-07-26,Region 05,451,Electronics,Tablet,16,594.37,9509.92,SMB,Online Store,1.0
ORD-00820238,2022-07-26,Region 35,508,Books,Cookbook,14,21.57,301.98,Retail,Retail,1.0
ORD-00636690,2022-07-26,Region 34,269,Beauty,Moisturizer,9,26.34,237.06,SMB,Retail,1.0
ORD-00743390,2022-07-26,Region 23,333,Grocery,Coffee,20,14.67,293.4,Enterprise,Retail,1.0
ORD-00190245,2022-07-26,Region 11,486,Toys,Board Game,10,50.57,505.7,Enterprise,Wholesale,1.0
ORD-00499237,2022-07-27,Region 50,506,Grocery,Cooking Oil,14,15.48,216.72,SMB,Online Store,1.0
ORD-00049180,2022-07-28,Region 23,523,Books,Journal,17,34.74,590.58,SMB,Retail,1.0
ORD-00741057,2022-07-29,Region 01,192,Toys,Building Blocks,17,55.04,935.68,Enterprise,Wholesale,1.0
ORD-00454936,2022-07-29,Region 27,435,Electronics,Smartphone,2,462.27,924.54,Enterprise,Online Store,1.0
ORD-00935619,2022-07-29,Region 36,212,Grocery,Coffee,10,22.28,222.8,Enterprise,Retail,1.0
ORD-00337632,2022-07-30,Region 16,452,Beauty,Serum,16,39.83,637.28,Enterprise,Online Store,1.0
ORD-00060580,2022-07-30,Region 37,185,Grocery,Coffee,11,14.27,156.97,Enterprise,Retail,1.0
ORD-00333445,2022-07-30,Region 35,245,Apparel,Sneakers,2,73.86,147.72,Enterprise,Retail,1.0
ORD-00885522,2022-07-30,Region 27,261,Toys,Puzzle,18,39.28,707.04,Enterprise,Wholesale,1.0
ORD-00983503,2022-07-31,Region 39,1,Toys,Puzzle,18,40.69,732.42,SMB,Wholesale,1.0
ORD-00631990,2022-07-31,Region 40,344,Books,Novel,16,21.32,341.12,SMB,Wholesale,1.0
ORD-00642902,2022-07-31,Region 49,192,Books,Cookbook,19,19.92,378.48,Retail,Retail,1.0
ORD-00873588,2022-07-31,Region 18,80,Beauty,Moisturizer,6,45.82,274.92,Enterprise,Wholesale,1.0
ORD-00525102,2022-07-31,Region 40,98,Electronics,Smartphone,1,634.85,634.85,Enterprise,Retail,1.0
ORD-00296902,2022-07-31,Region 14,504,Toys,Building Blocks,10,52.68,526.8,Retail,Wholesale,1.0
ORD-00229101,2022-08-01,Region 11,324,Toys,Puzzle,20,53.38,1067.6,Enterprise,Wholesale,1.0
ORD-00928024,2022-08-01,Region 21,138,Toys,Board Game,15,33.57,503.55,Retail,Retail,1.0
ORD-00606023,2022-08-01,Region 12,391,Grocery,Coffee,9,16.13,145.17,Enterprise,Wholesale,1.0
ORD-00219259,2022-08-02,Region 47,201,Home,Lamp,9,168.53,1516.77,Wholesale,Online Store,1.0
ORD-00713359,2022-08-02,Region 11,503,Home,Lamp,19,151.45,2877.55,Enterprise,Wholesale,1.0
ORD-00138402,2022-08-02,Region 42,308,Toys,Puzzle,5,31.84,159.2,Wholesale,Retail,1.0
ORD-00016247,2022-08-03,Region 28,155,Sports,Water Bottle,5,79.18,395.9,Wholesale,Retail,1.0
ORD-00219615,2022-08-03,Region 55,231,Home,Curtains,11,116.46,1281.06,SMB,Retail,1.0
ORD-00981463,2022-08-03,Region 26,320,Grocery,Milk Powder,2,23.42,46.84,Retail,Wholesale,1.0
ORD-00142471,2022-08-03,Region 32,574,Grocery,Cooking Oil,6,18.28,109.68,SMB,Wholesale,1.0
ORD-00732302,2022-08-04,Region 36,181,Home,Sofa,8,109.12,872.96,Enterprise,Online Store,1.0
ORD-00886860,2022-08-04,Region 24,97,Books,Journal,12,17.81,213.72,SMB,Online Store,1.0
ORD-00005464,2022-08-05,Region 22,255,Apparel,Jeans,6,81.94,491.64,Retail,Retail,1.0
ORD-00673813,2022-08-05,Region 28,180,Books,Textbook,7,29.53,206.71,SMB,Wholesale,1.0
ORD-00342143,2022-08-05,Region 16,492,Apparel,T-Shirt,3,62.0,186.0,Wholesale,Retail,1.0
ORD-00686534,2022-08-05,Region 23,591,Grocery,Coffee,5,20.25,101.25,Retail,Wholesale,1.0
ORD-00318941,2022-08-06,Region 47,556,Sports,Water Bottle,5,105.06,525.3,SMB,Wholesale,1.0
ORD-00597098,2022-08-06,Region 18,585,Beauty,Shampoo,9,33.77,303.93,Retail,Online Store,1.0
ORD-00411819,2022-08-06,Region 01,477,Books,Novel,4,34.2,136.8,SMB,Online Store,1.0
ORD-00248620,2022-08-06,Region 39,300,Books,Cookbook,10,22.45,224.5,Enterprise,Wholesale,1.0
ORD-00778958,2022-08-07,Region 03,295,Apparel,Sneakers,16,80.02,1280.32,Retail,Retail,1.0
ORD-00332468,2022-08-07,Region 28,291,Books,Cookbook,16,25.96,415.36,Retail,Wholesale,1.0
ORD-00531838,2022-08-07,Region 26,221,Grocery,Coffee,15,25.39,380.85,SMB,Retail,1.0
ORD-00558694,2022-08-07,Region 17,220,Electronics,Laptop,12,426.38,5116.56,Wholesale,Wholesale,1.0
ORD-00876144,2022-08-07,Region 38,429,Toys,Action Figure,3,55.43,166.29,Enterprise,Online Store,1.0
ORD-00875799,2022-08-08,Region 17,48,Electronics,Tablet,18,426.75,7681.5,Retail,Online Store,1.0
ORD-00378004,2022-08-08,Region 17,373,Apparel,T-Shirt,11,57.85,636.35,Retail,Online Store,1.0
ORD-00868012,2022-08-08,Region 05,270,Toys,Action Figure,20,28.03,560.6,SMB,Online Store,1.0
ORD-00989442,2022-08-08,Region 07,260,Grocery,Coffee,14,22.72,318.08,Retail,Retail,1.0
ORD-00076198,2022-08-09,Region 52,443,Sports,Water Bottle,7,104.08,728.56,Enterprise,Wholesale,1.0
ORD-00348666,2022-08-10,Region 41,523,Apparel,Jeans,11,69.95,769.45,Retail,Wholesale,1.0
ORD-00090826,2022-08-10,Region 28,125,Sports,Water Bottle,11,70.9,779.9,Wholesale,Retail,1.0
ORD-00401000,2022-08-10,Region 20,447,Electronics,Smartphone,7,521.22,3648.54,Retail,Retail,1.0
ORD-00365411,2022-08-10,Region 51,410,Home,Lamp,13,170.16,2212.08,SMB,Wholesale,1.0
ORD-00396004,2022-08-10,Region 44,124,Electronics,Laptop,5,422.85,2114.25,Enterprise,Retail,1.0
ORD-00637813,2022-08-10,Region 37,201,Beauty,Moisturizer,11,41.03,451.33,SMB,Retail,1.0
ORD-00507442,2022-08-11,Region 23,188,Beauty,Serum,6,41.76,250.56,SMB,Wholesale,1.0
ORD-00841975,2022-08-11,Region 49,297,Beauty,Serum,7,41.9,293.3,SMB,Online Store,1.0
ORD-00310622,2022-08-12,Region 30,523,Books,Journal,4,29.44,117.76,Enterprise,Wholesale,1.0
ORD-00894661,2022-08-12,Region 06,57,Home,Blender,1,181.46,181.46,SMB,Retail,1.0
ORD-00028482,2022-08-12,Region 25,242,Electronics,Laptop,8,696.28,5570.24,Wholesale,Retail,1.0
ORD-00550907,2022-08-12,Region 28,567,Books,Journal,10,17.73,177.3,SMB,Wholesale,1.0
ORD-00062942,2022-08-12,Region 55,145,Grocery,Rice,15,22.58,338.7,Enterprise,Online Store,1.0
ORD-00961367,2022-08-12,Region 19,312,Electronics,Laptop,19,670.04,12730.76,Wholesale,Wholesale,1.0
ORD-00018900,2022-08-12,Region 26,511,Apparel,Jacket,2,54.35,108.7,Enterprise,Retail,1.0
ORD-00823558,2022-08-13,Region 50,4,Books,Textbook,15,26.05,390.75,SMB,Retail,1.0
ORD-00010464,2022-08-13,Region 18,212,Beauty,Serum,13,30.14,391.82,SMB,Wholesale,1.0
ORD-00878807,2022-08-14,Region 12,76,Electronics,Laptop,11,669.53,7364.83,Retail,Online Store,1.0
ORD-00229413,2022-08-14,Region 20,468,Electronics,Smartphone,20,469.6,9392.0,Wholesale,Online Store,1.0
ORD-00514954,2022-08-14,Region 36,282,Books,Novel,3,31.53,94.59,Wholesale,Online Store,1.0
ORD-00455714,2022-08-14,Region 48,22,Books,Textbook,11,31.24,343.64,Wholesale,Retail,1.0
ORD-00268572,2022-08-14,Region 30,489,Grocery,Rice,6,21.91,131.46,Wholesale,Retail,1.0
ORD-00278782,2022-08-14,Region 51,473,Books,Cookbook,10,26.39,263.9,Enterprise,Online Store,1.0
ORD-00172534,2022-08-14,Region 40,375,Sports,Water Bottle,7,63.22,442.54,Enterprise,Online Store,1.0
ORD-00025830,2022-08-14,Region 53,577,Toys,Board Game,18,46.63,839.34,Wholesale,Online Store,1.0
ORD-00198774,2022-08-14,Region 38,399,Books,Cookbook,18,29.26,526.68,Wholesale,Wholesale,1.0
ORD-00235453,2022-08-14,Region 31,556,Grocery,Milk Powder,4,16.11,64.44,Retail,Online Store,1.0
ORD-00986914,2022-08-15,Region 18,115,Beauty,Lipstick,15,47.99,719.85,SMB,Wholesale,1.0
ORD-00047463,2022-08-15,Region 11,278,Grocery,Cooking Oil,8,24.0,192.0,Wholesale,Retail,1.0
ORD-00361076,2022-08-15,Region 03,517,Grocery,Cooking Oil,19,17.24,327.56,SMB,Online Store,1.0
ORD-00385483,2022-08-15,Region 24,17,Beauty,Moisturizer,1,30.8,30.8,Wholesale,Wholesale,1.0
ORD-00600067,2022-08-16,Region 51,171,Sports,Water Bottle,13,94.59,1229.67,Enterprise,Retail,1.0
ORD-00165670,2022-08-16,Region 47,38,Apparel,Jeans,3,68.54,205.62,SMB,Retail,1.0
ORD-00526380,2022-08-16,Region 25,105,Toys,Building Blocks,11,53.53,588.83,Enterprise,Online Store,1.0
ORD-00574292,2022-08-16,Region 16,393,Grocery,Rice,9,26.14,235.26,Wholesale,Retail,1.0
ORD-00375048,2022-08-16,Region 21,68,Beauty,Moisturizer,6,34.44,206.64,Enterprise,Online Store,1.0
ORD-00155733,2022-08-16,Region 52,332,Grocery,Rice,14,26.62,372.68,SMB,Retail,1.0
ORD-00449002,2022-08-16,Region 34,390,Grocery,Cooking Oil,3,18.38,55.14,SMB,Online Store,1.0
ORD-00458144,2022-08-17,Region 51,48,Books,Cookbook,20,26.37,527.4,Wholesale,Wholesale,1.0
ORD-00455338,2022-08-17,Region 25,236,Books,Cookbook,12,27.44,329.28,Enterprise,Wholesale,1.0
ORD-00655217,2022-08-17,Region 54,217,Books,Journal,11,25.75,283.25,Retail,Wholesale,1.0
ORD-00528463,2022-08-18,Region 38,192,Toys,Board Game,20,46.79,935.8,SMB,Retail,1.0
ORD-00937680,2022-08-18,Region 32,331,Beauty,Shampoo,9,33.92,305.28,SMB,Online Store,1.0
ORD-00300924,2022-08-19,Region 28,164,Electronics,Smartphone,3,500.48,1501.44,Retail,Retail,1.0
ORD-00835900,2022-08-19,Region 08,152,Home,Curtains,15,152.21,2283.15,Retail,Retail,1.0
ORD-00013037,2022-08-19,Region 27,169,Sports,Water Bottle,4,71.39,285.56,SMB,Retail,1.0
ORD-00398796,2022-08-20,Region 45,121,Grocery,Cooking Oil,14,26.12,365.68,Enterprise,Retail,1.0
ORD-00173309,2022-08-20,Region 30,433,Home,Sofa,10,207.21,2072.1,SMB,Online Store,1.0
ORD-00272371,2022-08-20,Region 06,512,Beauty,Serum,17,46.95,798.15,Enterprise,Wholesale,1.0
ORD-00387911,2022-08-21,Region 34,41,Home,Blender,19,191.33,3635.27,SMB,Wholesale,1.0
ORD-00243388,2022-08-21,Region 19,24,Books,Journal,11,23.59,259.49,SMB,Retail,1.0
ORD-00073225,2022-08-21,Region 40,468,Beauty,Serum,2,31.02,62.04,Retail,Retail,1.0
ORD-00414549,2022-08-21,Region 07,387,Beauty,Moisturizer,7,37.99,265.93,Wholesale,Retail,1.0
ORD-00346187,2022-08-21,Region 25,350,Beauty,Moisturizer,3,41.12,123.36,Enterprise,Retail,1.0
ORD-00612378,2022-08-21,Region 10,47,Grocery,Coffee,15,25.9,388.5,SMB,Online Store,1.0
ORD-00367599,2022-08-22,Region 38,66,Beauty,Shampoo,13,31.3,406.9,Wholesale,Online Store,1.0
ORD-00055070,2022-08-22,Region 31,199,Grocery,Milk Powder,4,23.62,94.48,SMB,Online Store,1.0
ORD-00518553,2022-08-22,Region 48,53,Toys,Board Game,15,47.41,711.15,Wholesale,Wholesale,1.0
ORD-00105095,2022-08-22,Region 14,232,Grocery,Cooking Oil,1,25.89,25.89,Wholesale,Online Store,1.0
ORD-00771749,2022-08-22,Region 52,67,Sports,Dumbbells,15,103.27,1549.05,Retail,Retail,1.0
ORD-00504626,2022-08-23,Region 40,281,Grocery,Cooking Oil,16,23.84,381.44,Enterprise,Retail,1.0
ORD-00811701,2022-08-23,Region 12,520,Grocery,Rice,10,20.02,200.2,SMB,Online Store,1.0
ORD-00756971,2022-08-23,Region 14,39,Grocery,Cooking Oil,1,18.58,18.58,Enterprise,Online Store,1.0
ORD-00229245,2022-08-24,Region 55,221,Grocery,Cooking Oil,2,19.42,38.84,Wholesale,Retail,1.0
ORD-00733543,2022-08-24,Region 51,5,Grocery,Coffee,8,14.74,117.92,Retail,Online Store,1.0
ORD-00527360,2022-08-24,Region 04,66,Apparel,Sneakers,4,62.93,251.72,Retail,Retail,1.0
ORD-00914579,2022-08-25,Region 12,216,Electronics,Tablet,19,428.4,8139.6,Enterprise,Wholesale,1.0
ORD-00597919,2022-08-25,Region 20,466,Electronics,Tablet,15,613.24,9198.6,Retail,Online Store,1.0
ORD-00218347,2022-08-26,Region 32,140,Sports,Water Bottle,9,77.23,695.07,SMB,Online Store,1.0
ORD-00918230,2022-08-26,Region 30,349,Electronics,Tablet,15,526.22,7893.3,Retail,Wholesale,1.0
ORD-00328117,2022-08-26,Region 12,15,Beauty,Shampoo,16,45.37,725.92,SMB,Online Store,1.0
ORD-00505602,2022-08-26,Region 48,357,Grocery,Milk Powder,5,25.41,127.05,SMB,Online Store,1.0
ORD-00568760,2022-08-27,Region 19,354,Beauty,Moisturizer,8,27.81,222.48,Enterprise,Online Store,1.0
ORD-00145154,2022-08-27,Region 36,553,Beauty,Moisturizer,13,35.38,459.94,Enterprise,Wholesale,1.0
ORD-00261725,2022-08-27,Region 13,363,Beauty,Lipstick,17,39.52,671.84,Wholesale,Wholesale,1.0
ORD-00865181,2022-08-27,Region 04,527,Grocery,Cooking Oil,19,16.31,309.89,Enterprise,Wholesale,1.0
ORD-00213061,2022-08-27,Region 30,418,Books,Textbook,20,34.84,696.8,Enterprise,Retail,1.0
ORD-00526704,2022-08-27,Region 47,28,Books,Cookbook,5,29.44,147.2,Retail,Wholesale,1.0
ORD-00331373,2022-08-27,Region 33,194,Home,Sofa,14,180.81,2531.34,Wholesale,Retail,1.0
ORD-00165817,2022-08-28,Region 42,548,Sports,Treadmill,6,63.73,382.38,Wholesale,Online Store,1.0
ORD-00971148,2022-08-28,Region 07,316,Beauty,Moisturizer,3,45.37,136.11,SMB,Online Store,1.0
ORD-00737055,2022-08-29,Region 29,513,Grocery,Rice,12,23.07,276.84,SMB,Online Store,1.0
ORD-00973660,2022-08-29,Region 55,133,Apparel,Jeans,20,78.99,1579.8,Wholesale,Wholesale,1.0
ORD-00028227,2022-08-30,Region 38,454,Home,Sofa,3,190.32,570.96,SMB,Wholesale,1.0
ORD-00274843,2022-08-30,Region 44,8,Beauty,Shampoo,13,43.11,560.43,Wholesale,Retail,1.0
ORD-00783302,2022-08-31,Region 23,23,Grocery,Rice,13,25.5,331.5,Wholesale,Retail,1.0
ORD-00403935,2022-08-31,Region 49,222,Home,Blender,14,153.75,2152.5,Retail,Retail,1.0
ORD-00094122,2022-08-31,Region 41,419,Home,Lamp,18,171.59,3088.62,Retail,Online Store,1.0
ORD-00648194,2022-08-31,Region 07,194,Books,Textbook,6,17.54,105.24,Wholesale,Retail,1.0
ORD-00233567,2022-08-31,Region 34,523,Beauty,Lipstick,5,48.28,241.4,Wholesale,Retail,1.0
ORD-00973506,2022-09-01,Region 08,557,Sports,Dumbbells,5,82.17,410.85,Wholesale,Online Store,1.0
ORD-00818488,2022-09-01,Region 10,423,Electronics,Smartphone,5,501.4,2507.0,Wholesale,Retail,1.0
ORD-00602844,2022-09-01,Region 30,178,Electronics,Headphones,15,561.49,8422.35,Wholesale,Online Store,1.0
ORD-00415116,2022-09-01,Region 44,399,Electronics,Tablet,16,674.2,10787.2,SMB,Online Store,1.0
ORD-00450102,2022-09-01,Region 03,590,Sports,Yoga Mat,6,111.75,670.5,SMB,Retail,1.0
ORD-00385539,2022-09-02,Region 41,154,Apparel,Jacket,18,47.02,846.36,Enterprise,Online Store,1.0
ORD-00601237,2022-09-02,Region 46,316,Grocery,Coffee,7,26.66,186.62,Retail,Wholesale,1.0
ORD-00438318,2022-09-02,Region 51,568,Electronics,Smartphone,5,572.89,2864.45,Enterprise,Retail,1.0
ORD-00137455,2022-09-02,Region 27,580,Home,Sofa,4,168.47,673.88,Retail,Retail,1.0
ORD-00236128,2022-09-03,Region 47,483,Sports,Treadmill,19,74.02,1406.38,Enterprise,Online Store,1.0
ORD-00492985,2022-09-03,Region 17,115,Books,Journal,9,31.85,286.65,SMB,Online Store,1.0
ORD-00055716,2022-09-03,Region 08,133,Home,Curtains,4,143.74,574.96,Wholesale,Online Store,1.0
ORD-00019609,2022-09-03,Region 15,566,Sports,Dumbbells,6,92.01,552.06,SMB,Online Store,1.0
ORD-00107890,2022-09-04,Region 10,546,Home,Sofa,10,116.92,1169.2,Enterprise,Wholesale,1.0
ORD-00247966,2022-09-04,Region 10,353,Home,Lamp,18,203.0,3654.0,Wholesale,Wholesale,1.0
ORD-00791640,2022-09-04,Region 44,277,Grocery,Rice,9,25.1,225.9,Retail,Wholesale,1.0
ORD-00413927,2022-09-04,Region 35,415,Home,Blender,14,181.62,2542.68,Enterprise,Retail,1.0
ORD-00661039,2022-09-05,Region 15,572,Apparel,T-Shirt,16,73.89,1182.24,SMB,Online Store,1.0
ORD-00049198,2022-09-05,Region 49,562,Toys,Board Game,19,35.39,672.41,Enterprise,Wholesale,1.0
ORD-00613139,2022-09-05,Region 21,193,Home,Blender,4,192.96,771.84,Wholesale,Online Store,1.0
ORD-00275370,2022-09-05,Region 49,124,Beauty,Shampoo,17,41.43,704.31,SMB,Retail,1.0
ORD-00355088,2022-09-05,Region 19,545,Books,Novel,11,22.26,244.86,SMB,Retail,1.0
ORD-00664978,2022-09-05,Region 39,383,Beauty,Moisturizer,17,40.8,693.6,SMB,Retail,1.0
ORD-00355000,2022-09-06,Region 52,472,Grocery,Coffee,4,19.71,78.84,Enterprise,Retail,1.0
ORD-00904782,2022-09-06,Region 07,371,Grocery,Cooking Oil,9,26.39,237.51,Enterprise,Online Store,1.0
ORD-00494452,2022-09-06,Region 07,130,Home,Lamp,17,184.74,3140.58,Wholesale,Online Store,1.0
ORD-00902486,2022-09-06,Region 24,271,Apparel,Jeans,9,47.35,426.15,Enterprise,Retail,1.0
ORD-00815746,2022-09-07,Region 27,490,Books,Textbook,11,31.98,351.78,Enterprise,Wholesale,1.0
ORD-00667830,2022-09-07,Region 10,361,Apparel,Jacket,14,72.65,1017.1,Retail,Wholesale,1.0
ORD-00591222,2022-09-07,Region 07,228,Beauty,Lipstick,1,48.27,48.27,Wholesale,Retail,1.0
ORD-00980777,2022-09-07,Region 31,131,Sports,Dumbbells,17,96.84,1646.28,SMB,Wholesale,1.0
ORD-00581477,2022-09-08,Region 12,312,Home,Blender,18,170.48,3068.64,Wholesale,Retail,1.0
ORD-00511307,2022-09-08,Region 30,127,Grocery,Milk Powder,1,22.03,22.03,Wholesale,Retail,1.0
ORD-00565422,2022-09-08,Region 19,112,Grocery,Cooking Oil,11,14.77,162.47,Wholesale,Online Store,1.0
ORD-00997807,2022-09-08,Region 36,92,Sports,Dumbbells,18,72.59,1306.62,SMB,Wholesale,1.0
ORD-00201847,2022-09-08,Region 47,307,Beauty,Moisturizer,12,30.94,371.28,Enterprise,Retail,1.0
ORD-00498382,2022-09-08,Region 55,334,Books,Textbook,1,28.45,28.45,Retail,Online Store,1.0
ORD-00502498,2022-09-08,Region 54,145,Books,Journal,18,28.42,511.56,Retail,Online Store,1.0
ORD-00529664,2022-09-09,Region 46,402,Grocery,Rice,3,18.38,55.14,SMB,Online Store,1.0
ORD-00378406,2022-09-09,Region 34,354,Books,Textbook,15,28.56,428.4,Retail,Wholesale,1.0
ORD-00299974,2022-09-09,Region 35,419,Grocery,Milk Powder,20,17.79,355.8,Retail,Online Store,1.0
ORD-00980753,2022-09-09,Region 21,500,Home,Blender,20,111.95,2239.0,SMB,Online Store,1.0
ORD-00786182,2022-09-10,Region 30,309,Beauty,Serum,1,39.94,39.94,Enterprise,Retail,1.0
ORD-00008658,2022-09-10,Region 08,399,Sports,Yoga Mat,17,80.59,1370.03,SMB,Wholesale,1.0
ORD-00049623,2022-09-10,Region 05,207,Toys,Board Game,6,50.07,300.42,Retail,Wholesale,1.0
ORD-00182395,2022-09-10,Region 32,539,Apparel,Jeans,16,57.67,922.72,SMB,Wholesale,1.0
ORD-00890788,2022-09-11,Region 38,461,Apparel,Jacket,4,43.6,174.4,Enterprise,Online Store,1.0
ORD-00907083,2022-09-12,Region 14,61,Sports,Yoga Mat,9,107.4,966.6,SMB,Wholesale,1.0
ORD-00247505,2022-09-12,Region 37,462,Apparel,T-Shirt,2,73.17,146.34,SMB,Online Store,1.0
ORD-00031741,2022-09-12,Region 13,495,Electronics,Laptop,10,445.1,4451.0,Enterprise,Online Store,1.0
ORD-00205957,2022-09-13,Region 51,595,Grocery,Coffee,14,20.1,281.4,Retail,Online Store,1.0
ORD-00678060,2022-09-13,Region 11,437,Books,Textbook,14,17.84,249.76,Retail,Online Store,1.0
ORD-00945880,2022-09-13,Region 08,316,Home,Sofa,15,138.53,2077.95,Retail,Retail,1.0
ORD-00443467,2022-09-13,Region 54,490,Home,Curtains,6,131.59,789.54,SMB,Wholesale,1.0
ORD-00330268,2022-09-13,Region 34,252,Apparel,Jacket,2,77.11,154.22,Enterprise,Online Store,1.0
ORD-00200078,2022-09-13,Region 33,117,Grocery,Cooking Oil,1,21.01,21.01,SMB,Retail,1.0
ORD-00916539,2022-09-14,Region 26,74,Beauty,Serum,1,43.84,43.84,Wholesale,Retail,1.0
ORD-00637812,2022-09-15,Region 12,153,Beauty,Shampoo,4,47.62,190.48,Enterprise,Wholesale,1.0
ORD-00195699,2022-09-15,Region 45,250,Apparel,Jacket,15,77.67,1165.05,SMB,Online Store,1.0
ORD-00931424,2022-09-15,Region 29,401,Grocery,Milk Powder,19,22.8,433.2,SMB,Wholesale,1.0
ORD-00191585,2022-09-15,Region 17,86,Books,Novel,18,19.25,346.5,Wholesale,Retail,1.0
ORD-00182322,2022-09-15,Region 54,193,Electronics,Laptop,19,548.76,10426.44,SMB,Retail,1.0
ORD-00937397,2022-09-15,Region 23,186,Books,Textbook,6,32.33,193.98,Enterprise,Retail,1.0
ORD-00849150,2022-09-15,Region 11,520,Beauty,Lipstick,2,43.95,87.9,Retail,Online Store,1.0
ORD-00238003,2022-09-16,Region 44,292,Toys,Board Game,5,43.76,218.8,Wholesale,Retail,1.0
ORD-00550670,2022-09-16,Region 32,303,Beauty,Shampoo,5,27.45,137.25,Wholesale,Online Store,1.0
ORD-00245634,2022-09-16,Region 17,552,Sports,Water Bottle,12,72.33,867.96,SMB,Wholesale,1.0
ORD-00510044,2022-09-16,Region 20,597,Home,Blender,2,132.52,265.04,Retail,Wholesale,1.0
ORD-00840890,2022-09-16,Region 03,477,Books,Cookbook,16,25.39,406.24,Enterprise,Retail,1.0
ORD-00127174,2022-09-16,Region 29,534,Beauty,Serum,4,27.07,108.28,Retail,Wholesale,1.0
ORD-00800906,2022-09-16,Region 01,157,Beauty,Shampoo,7,40.49,283.43,Enterprise,Online Store,1.0
ORD-00777845,2022-09-17,Region 34,3,Apparel,T-Shirt,4,81.1,324.4,Enterprise,Retail,1.0
ORD-00540256,2022-09-17,Region 27,185,Grocery,Milk Powder,16,22.93,366.88,Wholesale,Online Store,1.0
ORD-00354331,2022-09-17,Region 05,547,Electronics,Headphones,18,374.17,6735.06,Retail,Retail,1.0
ORD-00045453,2022-09-17,Region 42,455,Grocery,Coffee,5,14.79,73.95,SMB,Wholesale,1.0
ORD-00943122,2022-09-17,Region 36,79,Toys,Puzzle,18,39.9,718.2,Enterprise,Retail,1.0
ORD-00116098,2022-09-18,Region 18,192,Apparel,Sneakers,5,52.86,264.3,Enterprise,Wholesale,1.0
ORD-00485240,2022-09-18,Region 53,4,Beauty,Moisturizer,13,48.75,633.75,Retail,Wholesale,1.0
ORD-00354858,2022-09-18,Region 24,30,Apparel,Jeans,2,68.9,137.8,Enterprise,Retail,1.0
ORD-00782473,2022-09-18,Region 27,195,Apparel,Jacket,7,45.91,321.37,Retail,Wholesale,1.0
ORD-00729725,2022-09-18,Region 40,284,Grocery,Rice,6,14.05,84.3,Retail,Online Store,1.0
ORD-00843783,2022-09-18,Region 17,2,Home,Lamp,12,159.39,1912.68,Wholesale,Online Store,1.0
ORD-00480643,2022-09-19,Region 43,329,Apparel,T-Shirt,14,43.4,607.6,Wholesale,Wholesale,1.0
ORD-00061462,2022-09-19,Region 42,239,Sports,Yoga Mat,11,66.97,736.67,Wholesale,Retail,1.0
ORD-00450173,2022-09-19,Region 29,205,Sports,Dumbbells,12,99.03,1188.36,Enterprise,Retail,1.0
ORD-00196524,2022-09-19,Region 42,157,Home,Curtains,12,128.74,1544.88,Enterprise,Retail,1.0
ORD-00965419,2022-09-19,Region 40,442,Grocery,Coffee,3,17.29,51.87,Retail,Online Store,1.0
ORD-00805252,2022-09-20,Region 53,353,Sports,Yoga Mat,20,88.85,1777.0,Wholesale,Online Store,1.0
ORD-00159796,2022-09-20,Region 12,157,Sports,Dumbbells,13,57.19,743.47,Enterprise,Retail,1.0
ORD-00766609,2022-09-20,Region 08,394,Home,Blender,2,179.73,359.46,Retail,Online Store,1.0
ORD-00645575,2022-09-21,Region 20,572,Electronics,Headphones,1,444.35,444.35,Retail,Wholesale,1.0
ORD-00023951,2022-09-21,Region 16,111,Home,Curtains,9,174.56,1571.04,Enterprise,Online Store,1.0
ORD-00373394,2022-09-21,Region 06,355,Electronics,Laptop,2,663.81,1327.62,Retail,Retail,1.0
ORD-00995278,2022-09-22,Region 28,3,Home,Blender,20,118.49,2369.8,SMB,Online Store,1.0
ORD-00305338,2022-09-22,Region 01,529,Beauty,Shampoo,9,26.53,238.77,Enterprise,Wholesale,1.0
ORD-00484093,2022-09-22,Region 25,339,Grocery,Coffee,10,19.42,194.2,SMB,Wholesale,1.0
ORD-00261121,2022-09-22,Region 36,66,Beauty,Shampoo,15,30.34,455.1,Wholesale,Online Store,1.0
ORD-00096997,2022-09-22,Region 41,566,Electronics,Tablet,11,587.6,6463.6,Retail,Online Store,1.0
ORD-00358615,2022-09-22,Region 53,85,Books,Textbook,1,32.1,32.1,Wholesale,Online Store,1.0
ORD-00271361,2022-09-22,Region 04,362,Toys,Building Blocks,15,49.41,741.15,Wholesale,Retail,1.0
ORD-00850509,2022-09-23,Region 42,552,Apparel,Jeans,7,43.49,304.43,Wholesale,Retail,1.0
ORD-00601688,2022-09-23,Region 45,270,Grocery,Cooking Oil,11,20.18,221.98,SMB,Retail,1.0
ORD-00448575,2022-09-24,Region 19,355,Electronics,Smartphone,1,568.16,568.16,SMB,Retail,1.0
ORD-00864741,2022-09-24,Region 02,368,Toys,Building Blocks,11,44.91,494.01,Retail,Retail,1.0
ORD-00584242,2022-09-24,Region 52,371,Grocery,Milk Powder,6,20.25,121.5,Wholesale,Retail,1.0
ORD-00474836,2022-09-24,Region 54,258,Sports,Water Bottle,15,62.69,940.35,Wholesale,Wholesale,1.0
ORD-00255414,2022-09-24,Region 19,145,Sports,Yoga Mat,9,63.34,570.06,Enterprise,Wholesale,1.0
ORD-00769975,2022-09-24,Region 50,55,Home,Curtains,10,156.23,1562.3,Enterprise,Wholesale,1.0
ORD-00228921,2022-09-24,Region 37,217,Books,Journal,16,21.95,351.2,SMB,Wholesale,1.0
ORD-00038896,2022-09-24,Region 06,471,Beauty,Moisturizer,15,48.19,722.85,SMB,Retail,1.0
ORD-00092660,2022-09-24,Region 53,108,Beauty,Shampoo,16,45.54,728.64,Retail,Wholesale,1.0
ORD-00637366,2022-09-25,Region 50,546,Sports,Water Bottle,1,76.83,76.83,SMB,Retail,1.0
ORD-00990306,2022-09-25,Region 38,440,Toys,Action Figure,8,45.25,362.0,Wholesale,Online Store,1.0
ORD-00871579,2022-09-25,Region 41,462,Grocery,Rice,3,18.23,54.69,Retail,Wholesale,1.0
ORD-00243280,2022-09-25,Region 36,65,Apparel,Jeans,2,42.71,85.42,Wholesale,Online Store,1.0
ORD-00795270,2022-09-26,Region 19,226,Toys,Action Figure,1,34.04,34.04,Enterprise,Wholesale,1.0
ORD-00984541,2022-09-26,Region 26,336,Apparel,Sneakers,10,50.53,505.3,Enterprise,Online Store,1.0
ORD-00165336,2022-09-27,Region 40,478,Books,Journal,11,27.99,307.89,SMB,Wholesale,1.0
ORD-00929680,2022-09-27,Region 11,451,Grocery,Coffee,4,24.94,99.76,SMB,Wholesale,1.0
ORD-00750709,2022-09-27,Region 32,488,Electronics,Tablet,18,671.34,12084.12,SMB,Retail,1.0
ORD-00744705,2022-09-28,Region 55,94,Toys,Building Blocks,15,40.41,606.15,Enterprise,Online Store,1.0
ORD-00234841,2022-09-28,Region 46,444,Apparel,Sneakers,15,45.5,682.5,SMB,Retail,1.0
ORD-00633627,2022-09-28,Region 36,200,Electronics,Laptop,16,563.53,9016.48,Wholesale,Retail,1.0
ORD-00098150,2022-09-28,Region 29,342,Apparel,Jacket,10,74.04,740.4,Enterprise,Retail,1.0
ORD-00471269,2022-09-28,Region 05,310,Apparel,Jacket,6,58.63,351.78,Retail,Online Store,1.0
ORD-00813654,2022-09-28,Region 37,139,Electronics,Tablet,3,683.17,2049.51,Enterprise,Online Store,1.0
ORD-00604923,2022-09-28,Region 44,254,Home,Curtains,15,169.51,2542.65,Retail,Retail,1.0
ORD-00494727,2022-09-29,Region 42,577,Sports,Water Bottle,5,106.57,532.85,Retail,Wholesale,1.0
ORD-00993760,2022-09-29,Region 36,500,Grocery,Cooking Oil,7,15.63,109.41,Enterprise,Online Store,1.0
ORD-00050313,2022-09-29,Region 18,384,Toys,Board Game,3,32.13,96.39,Retail,Retail,1.0
ORD-00172832,2022-09-29,Region 14,223,Beauty,Serum,5,44.83,224.15,Enterprise,Retail,1.0
ORD-00328282,2022-09-29,Region 55,586,Home,Sofa,20,110.85,2217.0,SMB,Retail,1.0
ORD-00127871,2022-09-29,Region 06,217,Apparel,T-Shirt,20,65.34,1306.8,SMB,Online Store,1.0
ORD-00793066,2022-09-30,Region 03,466,Books,Journal,17,24.91,423.47,Enterprise,Retail,1.0
ORD-00333752,2022-09-30,Region 36,80,Toys,Building Blocks,12,33.86,406.32,Retail,Wholesale,1.0
ORD-00370803,2022-09-30,Region 24,188,Beauty,Moisturizer,8,28.12,224.96,Enterprise,Retail,1.0
ORD-00384071,2022-09-30,Region 50,258,Grocery,Coffee,15,16.6,249.0,Wholesale,Retail,1.0
ORD-00048268,2022-09-30,Region 49,400,Electronics,Laptop,7,662.75,4639.25,Wholesale,Online Store,1.0
ORD-00763678,2022-10-01,Region 02,333,Apparel,Sneakers,18,50.62,911.16,Enterprise,Online Store,1.0
ORD-00344691,2022-10-01,Region 42,478,Grocery,Rice,4,18.31,73.24,Wholesale,Wholesale,1.0
ORD-00552691,2022-10-01,Region 50,109,Home,Blender,5,151.05,755.25,Enterprise,Retail,1.0
ORD-00591876,2022-10-01,Region 18,325,Electronics,Tablet,7,414.21,2899.47,Enterprise,Online Store,1.0
ORD-00766791,2022-10-02,Region 25,50,Home,Blender,20,208.35,4167.0,Wholesale,Wholesale,1.0
ORD-00514449,2022-10-02,Region 49,366,Grocery,Rice,11,19.83,218.13,SMB,Online Store,1.0
ORD-00785477,2022-10-02,Region 09,588,Electronics,Tablet,6,621.42,3728.52,Wholesale,Retail,1.0
ORD-00353692,2022-10-02,Region 12,360,Electronics,Smartphone,9,588.24,5294.16,Retail,Retail,1.0
ORD-00638346,2022-10-03,Region 13,571,Grocery,Coffee,18,20.6,370.8,Enterprise,Retail,1.0
ORD-00150098,2022-10-03,Region 15,354,Beauty,Shampoo,12,47.26,567.12,Retail,Retail,1.0
ORD-00727932,2022-10-03,Region 10,594,Home,Blender,2,180.97,361.94,Wholesale,Online Store,1.0
ORD-00476290,2022-10-04,Region 54,584,Electronics,Tablet,6,390.6,2343.6,Wholesale,Wholesale,1.0
ORD-00236213,2022-10-04,Region 07,423,Apparel,Jacket,17,60.94,1035.98,SMB,Retail,1.0
ORD-00047163,2022-10-04,Region 28,530,Books,Novel,4,27.35,109.4,Enterprise,Retail,1.0
ORD-00525170,2022-10-04,Region 13,541,Grocery,Coffee,3,17.43,52.29,SMB,Online Store,1.0
ORD-00009095,2022-10-04,Region 13,334,Home,Blender,16,120.57,1929.12,Wholesale,Wholesale,1.0
ORD-00141574,2022-10-04,Region 07,242,Electronics,Headphones,14,358.33,5016.62,Wholesale,Retail,1.0
ORD-00698334,2022-10-04,Region 26,274,Apparel,Jacket,6,81.15,486.9,Retail,Wholesale,1.0
ORD-00218537,2022-10-05,Region 04,428,Toys,Action Figure,7,30.83,215.81,Wholesale,Retail,1.0
ORD-00732093,2022-10-05,Region 12,255,Electronics,Smartphone,3,352.69,1058.07,Enterprise,Retail,1.0
ORD-00946227,2022-10-05,Region 34,459,Toys,Puzzle,9,43.97,395.73,Retail,Online Store,1.0
ORD-00003221,2022-10-05,Region 39,399,Toys,Action Figure,6,40.66,243.96,Enterprise,Wholesale,1.0
ORD-00988204,2022-10-06,Region 18,303,Grocery,Cooking Oil,11,27.78,305.58,SMB,Online Store,1.0
ORD-00910995,2022-10-06,Region 45,391,Beauty,Serum,19,41.87,795.53,Retail,Retail,1.0
ORD-00964610,2022-10-06,Region 02,80,Apparel,Jeans,9,58.57,527.13,SMB,Wholesale,1.0
ORD-00012973,2022-10-06,Region 25,563,Beauty,Serum,7,34.18,239.26,Enterprise,Wholesale,1.0
ORD-00548740,2022-10-06,Region 19,569,Grocery,Coffee,10,26.29,262.9,SMB,Retail,1.0
ORD-00782153,2022-10-06,Region 16,305,Grocery,Cooking Oil,19,22.02,418.38,Retail,Retail,1.0
ORD-00143887,2022-10-07,Region 37,535,Electronics,Tablet,11,446.88,4915.68,Retail,Wholesale,1.0
ORD-00018206,2022-10-07,Region 35,72,Electronics,Smartphone,14,412.77,5778.78,SMB,Retail,1.0
ORD-00997961,2022-10-08,Region 52,271,Electronics,Tablet,9,550.77,4956.93,Retail,Retail,1.0
ORD-00287821,2022-10-08,Region 52,221,Grocery,Coffee,4,21.71,86.84,Enterprise,Online Store,1.0
ORD-00458903,2022-10-08,Region 30,10,Toys,Building Blocks,17,43.2,734.4,SMB,Wholesale,1.0
ORD-00482345,2022-10-08,Region 48,169,Books,Textbook,18,25.85,465.3,Enterprise,Online Store,1.0
ORD-00674461,2022-10-09,Region 10,62,Electronics,Headphones,10,473.36,4733.6,Enterprise,Wholesale,1.0
ORD-00498264,2022-10-09,Region 23,415,Electronics,Tablet,11,550.89,6059.79,Retail,Online Store,1.0
ORD-00228564,2022-10-09,Region 48,182,Grocery,Cooking Oil,2,21.99,43.98,Wholesale,Wholesale,1.0
ORD-00116592,2022-10-10,Region 49,426,Sports,Treadmill,15,102.56,1538.4,SMB,Online Store,1.0
ORD-00500305,2022-10-10,Region 38,183,Beauty,Moisturizer,19,34.0,646.0,Enterprise,Retail,1.0
ORD-00720248,2022-10-11,Region 22,41,Books,Cookbook,1,31.7,31.7,SMB,Retail,1.0
ORD-00516192,2022-10-11,Region 18,248,Sports,Dumbbells,12,91.32,1095.84,Enterprise,Wholesale,1.0
ORD-00823017,2022-10-11,Region 48,234,Toys,Puzzle,7,50.03,350.21,Retail,Online Store,1.0
ORD-00986799,2022-10-11,Region 28,459,Toys,Building Blocks,18,44.3,797.4,Wholesale,Retail,1.0
ORD-00133717,2022-10-11,Region 51,76,Home,Curtains,8,187.57,1500.56,Retail,Online Store,1.0
ORD-00558498,2022-10-11,Region 55,39,Toys,Puzzle,11,34.2,376.2,Wholesale,Wholesale,1.0
ORD-00489619,2022-10-11,Region 51,376,Books,Textbook,13,32.22,418.86,SMB,Retail,1.0
ORD-00730846,2022-10-12,Region 31,401,Toys,Action Figure,13,49.28,640.64,Retail,Wholesale,1.0
ORD-00315920,2022-10-12,Region 13,516,Home,Sofa,8,109.63,877.04,Retail,Online Store,1.0
ORD-00224591,2022-10-12,Region 06,394,Sports,Yoga Mat,1,93.37,93.37,Wholesale,Online Store,1.0
ORD-00624738,2022-10-12,Region 01,67,Electronics,Laptop,19,483.76,9191.44,SMB,Retail,1.0
ORD-00792090,2022-10-12,Region 42,281,Beauty,Shampoo,10,32.19,321.9,SMB,Retail,1.0
ORD-00581863,2022-10-12,Region 12,296,Home,Curtains,10,162.12,1621.2,Retail,Retail,1.0
ORD-00117423,2022-10-12,Region 53,153,Home,Sofa,13,201.87,2624.31,Retail,Retail,1.0
ORD-00086459,2022-10-12,Region 15,182,Toys,Board Game,8,40.29,322.32,Wholesale,Retail,1.0
ORD-00417694,2022-10-12,Region 49,274,Books,Cookbook,13,33.79,439.27,SMB,Retail,1.0
ORD-00989978,2022-10-13,Region 40,270,Toys,Action Figure,1,32.27,32.27,Enterprise,Online Store,1.0
ORD-00495760,2022-10-13,Region 44,102,Apparel,Jacket,17,69.94,1188.98,Retail,Wholesale,1.0
ORD-00245874,2022-10-13,Region 13,296,Apparel,Jeans,16,75.3,1204.8,SMB,Retail,1.0
ORD-00104850,2022-10-14,Region 31,306,Books,Textbook,3,32.11,96.33,Enterprise,Wholesale,1.0
ORD-00061676,2022-10-14,Region 14,136,Toys,Puzzle,20,50.68,1013.6,Wholesale,Online Store,1.0
ORD-00018042,2022-10-14,Region 22,473,Apparel,T-Shirt,6,42.88,257.28,Retail,Retail,1.0
ORD-00681785,2022-10-14,Region 13,429,Grocery,Coffee,8,23.23,185.84,Retail,Online Store,1.0
ORD-00550033,2022-10-15,Region 31,512,Beauty,Lipstick,7,33.98,237.86,Retail,Wholesale,1.0
ORD-00456328,2022-10-15,Region 38,530,Toys,Board Game,5,41.71,208.55,Wholesale,Online Store,1.0
ORD-00606720,2022-10-15,Region 30,147,Toys,Board Game,1,51.14,51.14,Enterprise,Wholesale,1.0
ORD-00408080,2022-10-16,Region 10,494,Electronics,Smartphone,11,698.15,7679.65,Enterprise,Wholesale,1.0
ORD-00941993,2022-10-16,Region 09,17,Beauty,Moisturizer,6,44.37,266.22,Wholesale,Wholesale,1.0
ORD-00426254,2022-10-16,Region 09,198,Beauty,Lipstick,15,39.61,594.15,Enterprise,Retail,1.0
ORD-00552726,2022-10-17,Region 21,426,Sports,Treadmill,20,61.23,1224.6,Retail,Retail,1.0
ORD-00207100,2022-10-17,Region 23,125,Books,Cookbook,20,29.07,581.4,Retail,Online Store,1.0
ORD-00134847,2022-10-17,Region 52,24,Grocery,Milk Powder,11,26.59,292.49,Retail,Wholesale,1.0
ORD-00755081,2022-10-18,Region 38,76,Books,Novel,6,23.98,143.88,Retail,Wholesale,1.0
ORD-00849466,2022-10-18,Region 41,111,Apparel,Jacket,17,63.07,1072.19,Wholesale,Online Store,1.0
ORD-00257403,2022-10-18,Region 35,320,Sports,Dumbbells,11,80.74,888.14,Wholesale,Online Store,1.0
ORD-00414038,2022-10-18,Region 53,553,Grocery,Rice,8,26.3,210.4,Retail,Retail,1.0
ORD-00066545,2022-10-18,Region 16,123,Home,Curtains,9,205.24,1847.16,Enterprise,Online Store,1.0
ORD-00407207,2022-10-18,Region 31,143,Grocery,Cooking Oil,4,17.24,68.96,Retail,Wholesale,1.0
ORD-00434563,2022-10-19,Region 41,232,Beauty,Shampoo,18,32.2,579.6,SMB,Wholesale,1.0
ORD-00799681,2022-10-19,Region 18,337,Books,Textbook,1,27.26,27.26,Enterprise,Online Store,1.0
ORD-00538453,2022-10-19,Region 13,439,Books,Textbook,10,23.78,237.8,Retail,Retail,1.0
ORD-00693611,2022-10-19,Region 26,523,Books,Journal,20,27.08,541.6,SMB,Wholesale,1.0
ORD-00477820,2022-10-19,Region 21,228,Beauty,Lipstick,14,32.95,461.3,Wholesale,Wholesale,1.0
ORD-00645319,2022-10-19,Region 41,535,Toys,Puzzle,17,43.41,737.97,Wholesale,Online Store,1.0
ORD-00940970,2022-10-20,Region 08,484,Beauty,Shampoo,18,47.94,862.92,Wholesale,Retail,1.0
ORD-00871397,2022-10-20,Region 23,62,Electronics,Laptop,13,399.83,5197.79,SMB,Wholesale,1.0
ORD-00433807,2022-10-20,Region 41,57,Books,Textbook,9,27.54,247.86,Wholesale,Wholesale,1.0
ORD-00089972,2022-10-20,Region 33,246,Beauty,Shampoo,2,31.61,63.22,Wholesale,Retail,1.0
ORD-00662960,2022-10-20,Region 33,384,Beauty,Moisturizer,13,30.06,390.78,SMB,Retail,1.0
ORD-00757272,2022-10-20,Region 55,563,Books,Cookbook,9,24.71,222.39,Retail,Online Store,1.0
ORD-00027963,2022-10-21,Region 03,30,Books,Journal,10,29.24,292.4,Enterprise,Wholesale,1.0
ORD-00514964,2022-10-21,Region 24,80,Electronics,Laptop,6,355.59,2133.54,Retail,Retail,1.0
ORD-00023682,2022-10-21,Region 49,494,Sports,Water Bottle,14,83.83,1173.62,Enterprise,Retail,1.0
ORD-00839456,2022-10-22,Region 39,71,Electronics,Headphones,17,366.6,6232.2,SMB,Retail,1.0
ORD-00082967,2022-10-22,Region 49,201,Sports,Treadmill,8,68.26,546.08,SMB,Wholesale,1.0
ORD-00646325,2022-10-22,Region 21,386,Apparel,T-Shirt,2,56.36,112.72,SMB,Online Store,1.0
ORD-00290026,2022-10-22,Region 26,430,Toys,Action Figure,14,52.93,741.02,Enterprise,Wholesale,1.0
ORD-00853198,2022-10-23,Region 15,221,Apparel,Sneakers,12,47.49,569.88,Retail,Wholesale,1.0
ORD-00010676,2022-10-23,Region 05,4,Electronics,Tablet,10,594.75,5947.5,Wholesale,Wholesale,1.0
ORD-00805293,2022-10-23,Region 23,282,Beauty,Moisturizer,1,36.84,36.84,Retail,Wholesale,1.0
ORD-00834381,2022-10-23,Region 43,261,Sports,Water Bottle,14,104.74,1466.36,Enterprise,Retail,1.0
ORD-00124508,2022-10-23,Region 48,28,Sports,Yoga Mat,1,67.4,67.4,Enterprise,Online Store,1.0
ORD-00252889,2022-10-23,Region 18,498,Home,Curtains,9,164.74,1482.66,Enterprise,Wholesale,1.0
ORD-00040281,2022-10-24,Region 31,172,Books,Journal,13,22.9,297.7,Enterprise,Wholesale,1.0
ORD-00006505,2022-10-24,Region 08,118,Sports,Yoga Mat,16,71.06,1136.96,Retail,Wholesale,1.0
ORD-00987231,2022-10-24,Region 50,276,Beauty,Moisturizer,14,31.28,437.92,SMB,Online Store,1.0
ORD-00921165,2022-10-24,Region 41,203,Sports,Dumbbells,16,95.99,1535.84,SMB,Online Store,1.0
ORD-00172271,2022-10-24,Region 32,138,Electronics,Smartphone,19,634.34,12052.46,Wholesale,Retail,1.0
ORD-00474166,2022-10-25,Region 47,42,Toys,Action Figure,7,42.14,294.98,SMB,Wholesale,1.0
ORD-00880787,2022-10-25,Region 50,387,Home,Sofa,15,124.24,1863.6,Wholesale,Retail,1.0
ORD-00242022,2022-10-25,Region 31,420,Electronics,Tablet,6,401.61,2409.66,Enterprise,Retail,1.0
ORD-00036786,2022-10-25,Region 10,7,Apparel,Jeans,15,53.3,799.5,SMB,Wholesale,1.0
ORD-00949428,2022-10-25,Region 09,219,Sports,Treadmill,11,103.49,1138.39,SMB,Retail,1.0
ORD-00625492,2022-10-25,Region 55,106,Toys,Puzzle,12,37.6,451.2,Enterprise,Online Store,1.0
ORD-00777012,2022-10-25,Region 07,293,Home,Sofa,3,122.29,366.87,Wholesale,Retail,1.0
ORD-00070956,2022-10-25,Region 02,284,Beauty,Lipstick,8,37.61,300.88,Retail,Wholesale,1.0
ORD-00099901,2022-10-26,Region 51,132,Books,Novel,11,31.18,342.98,Wholesale,Online Store,1.0
ORD-00690646,2022-10-26,Region 43,313,Electronics,Smartphone,20,410.32,8206.4,SMB,Online Store,1.0
ORD-00977500,2022-10-26,Region 32,492,Toys,Action Figure,4,52.12,208.48,Retail,Online Store,1.0
ORD-00313679,2022-10-26,Region 22,338,Sports,Water Bottle,17,93.09,1582.53,Enterprise,Online Store,1.0
ORD-00777797,2022-10-26,Region 04,314,Grocery,Rice,5,19.34,96.7,Retail,Online Store,1.0
ORD-00860945,2022-10-27,Region 37,527,Electronics,Tablet,2,651.6,1303.2,Enterprise,Wholesale,1.0
ORD-00755120,2022-10-27,Region 19,6,Toys,Building Blocks,1,44.38,44.38,SMB,Online Store,1.0
ORD-00296242,2022-10-27,Region 36,347,Toys,Building Blocks,16,44.23,707.68,Enterprise,Wholesale,1.0
ORD-00615315,2022-10-27,Region 28,49,Books,Cookbook,18,20.7,372.6,Enterprise,Wholesale,1.0
ORD-00912630,2022-10-28,Region 23,520,Sports,Yoga Mat,5,77.27,386.35,SMB,Wholesale,1.0
ORD-00467398,2022-10-28,Region 04,160,Toys,Board Game,10,45.4,454.0,Retail,Online Store,1.0
ORD-00118523,2022-10-28,Region 06,538,Beauty,Serum,17,39.91,678.47,Wholesale,Retail,1.0
ORD-00914888,2022-10-28,Region 39,175,Toys,Puzzle,18,46.54,837.72,SMB,Online Store,1.0
ORD-00917945,2022-10-29,Region 40,412,Electronics,Smartphone,14,354.65,4965.1,Retail,Retail,1.0
ORD-00544847,2022-10-29,Region 52,395,Books,Cookbook,6,32.72,196.32,Wholesale,Retail,1.0
ORD-00984236,2022-10-29,Region 45,512,Toys,Board Game,14,43.8,613.2,Wholesale,Online Store,1.0
ORD-00974746,2022-10-30,Region 41,137,Electronics,Tablet,17,476.77,8105.09,Retail,Retail,1.0
ORD-00870470,2022-10-31,Region 28,123,Sports,Dumbbells,14,110.79,1551.06,Enterprise,Wholesale,1.0
ORD-00117690,2022-10-31,Region 04,297,Toys,Building Blocks,12,34.74,416.88,SMB,Retail,1.0
ORD-00937173,2022-10-31,Region 45,180,Books,Textbook,1,32.42,32.42,SMB,Online Store,1.0
ORD-00912041,2022-10-31,Region 22,531,Beauty,Shampoo,10,43.67,436.7,Enterprise,Wholesale,1.0
ORD-00081366,2022-10-31,Region 32,182,Toys,Board Game,15,38.72,580.8,Enterprise,Online Store,1.0
ORD-00631381,2022-10-31,Region 44,504,Grocery,Rice,4,26.77,107.08,Enterprise,Retail,1.0
ORD-00974206,2022-11-01,Region 48,513,Sports,Dumbbells,3,101.06,318.34,Enterprise,Retail,1.05
ORD-00407576,2022-11-01,Region 21,37,Sports,Dumbbells,11,86.65,1000.81,Retail,Online Store,1.05
ORD-00374208,2022-11-01,Region 42,134,Apparel,Jeans,15,48.83,769.07,Wholesale,Online Store,1.05
ORD-00131639,2022-11-01,Region 53,413,Beauty,Serum,7,47.27,347.43,SMB,Retail,1.05
ORD-00876086,2022-11-01,Region 15,55,Toys,Action Figure,14,53.52,786.74,Enterprise,Wholesale,1.05
ORD-00543372,2022-11-01,Region 10,143,Grocery,Milk Powder,16,14.16,237.89,Retail,Retail,1.05
ORD-00802661,2022-11-02,Region 35,51,Electronics,Headphones,5,600.04,3150.21,Retail,Retail,1.05
ORD-00547584,2022-11-02,Region 08,312,Books,Novel,2,21.04,44.18,Enterprise,Online Store,1.05
ORD-00519367,2022-11-02,Region 50,572,Toys,Board Game,11,51.47,594.48,Wholesale,Online Store,1.05
ORD-00245149,2022-11-02,Region 34,261,Grocery,Coffee,4,27.7,116.34,Retail,Online Store,1.05
ORD-00680549,2022-11-03,Region 45,88,Books,Journal,7,22.07,162.21,SMB,Online Store,1.05
ORD-00749319,2022-11-03,Region 54,242,Toys,Puzzle,3,41.97,132.21,Wholesale,Online Store,1.05
ORD-00221911,2022-11-03,Region 32,301,Books,Journal,7,26.11,191.91,SMB,Retail,1.05
ORD-00943521,2022-11-03,Region 02,151,Beauty,Lipstick,16,34.01,571.37,Wholesale,Retail,1.05
ORD-00343665,2022-11-03,Region 42,537,Electronics,Smartphone,4,480.44,2017.85,Enterprise,Online Store,1.05
ORD-00804076,2022-11-03,Region 31,421,Books,Journal,18,33.22,627.86,Retail,Retail,1.05
ORD-00326642,2022-11-04,Region 25,143,Beauty,Lipstick,3,31.7,99.86,Wholesale,Online Store,1.05
ORD-00858182,2022-11-04,Region 22,279,Toys,Board Game,9,46.49,439.33,Enterprise,Retail,1.05
ORD-00698400,2022-11-04,Region 35,318,Electronics,Smartphone,12,536.12,6755.11,Retail,Wholesale,1.05
ORD-00487576,2022-11-05,Region 09,502,Grocery,Rice,4,24.57,103.19,Enterprise,Online Store,1.05
ORD-00267611,2022-11-05,Region 01,363,Sports,Yoga Mat,1,85.45,89.72,SMB,Retail,1.05
ORD-00375609,2022-11-05,Region 44,206,Electronics,Smartphone,1,583.09,612.24,Retail,Online Store,1.05
ORD-00223004,2022-11-06,Region 31,221,Apparel,Sneakers,5,65.0,341.25,Enterprise,Retail,1.05
ORD-00422360,2022-11-06,Region 07,482,Beauty,Serum,15,42.61,671.11,Enterprise,Online Store,1.05
ORD-00326439,2022-11-06,Region 05,230,Toys,Action Figure,7,36.28,266.66,Enterprise,Retail,1.05
ORD-00643889,2022-11-06,Region 15,493,Sports,Yoga Mat,5,106.12,557.13,Wholesale,Online Store,1.05
ORD-00951628,2022-11-06,Region 37,322,Electronics,Smartphone,4,366.34,1538.63,Wholesale,Wholesale,1.05
ORD-00938395,2022-11-06,Region 15,320,Grocery,Cooking Oil,18,19.13,361.56,Retail,Retail,1.05
ORD-00712571,2022-11-06,Region 40,135,Toys,Action Figure,14,40.76,599.17,Enterprise,Online Store,1.05
ORD-00595502,2022-11-07,Region 48,171,Toys,Building Blocks,6,48.86,307.82,Wholesale,Online Store,1.05
ORD-00761938,2022-11-07,Region 52,599,Home,Lamp,8,205.32,1724.69,Enterprise,Retail,1.05
ORD-00803148,2022-11-07,Region 55,494,Sports,Yoga Mat,2,76.75,161.18,Enterprise,Wholesale,1.05
ORD-00644427,2022-11-07,Region 53,69,Apparel,T-Shirt,11,66.89,772.58,Enterprise,Online Store,1.05
ORD-00691970,2022-11-08,Region 40,357,Grocery,Rice,16,17.7,297.36,Enterprise,Wholesale,1.05
ORD-00459277,2022-11-08,Region 26,354,Books,Novel,4,33.99,142.76,SMB,Wholesale,1.05
ORD-00019114,2022-11-08,Region 34,8,Books,Textbook,1,29.8,31.29,Wholesale,Online Store,1.05
ORD-00631541,2022-11-08,Region 24,475,Sports,Treadmill,7,62.94,462.61,Retail,Wholesale,1.05
ORD-00345905,2022-11-09,Region 35,318,Home,Blender,20,124.87,2622.27,SMB,Online Store,1.05
ORD-00948051,2022-11-09,Region 45,479,Apparel,Jacket,4,59.23,248.77,SMB,Online Store,1.05
ORD-00094877,2022-11-09,Region 03,189,Grocery,Cooking Oil,19,23.29,464.64,SMB,Retail,1.05
ORD-00780204,2022-11-10,Region 04,207,Electronics,Smartphone,3,643.13,2025.86,SMB,Wholesale,1.05
ORD-00590887,2022-11-10,Region 10,491,Books,Textbook,8,31.23,262.33,Retail,Retail,1.05
ORD-00133806,2022-11-10,Region 31,437,Toys,Building Blocks,13,48.53,662.43,Enterprise,Online Store,1.05
ORD-00995387,2022-11-10,Region 25,523,Apparel,Jeans,18,45.6,861.84,Retail,Retail,1.05
ORD-00852651,2022-11-11,Region 36,14,Home,Curtains,11,117.99,1362.78,SMB,Retail,1.05
ORD-00330301,2022-11-11,Region 20,212,Toys,Puzzle,16,51.38,863.18,Retail,Retail,1.05
ORD-00321548,2022-11-11,Region 23,253,Beauty,Shampoo,13,40.5,552.83,SMB,Wholesale,1.05
ORD-00470517,2022-11-11,Region 01,600,Sports,Yoga Mat,3,72.35,227.9,Retail,Wholesale,1.05
ORD-00286347,2022-11-11,Region 10,156,Beauty,Serum,5,37.76,198.24,Wholesale,Wholesale,1.05
ORD-00633777,2022-11-12,Region 42,599,Toys,Building Blocks,11,43.09,497.69,SMB,Retail,1.05
ORD-00067613,2022-11-12,Region 08,271,Grocery,Rice,4,14.26,59.89,Retail,Retail,1.05
ORD-00383550,2022-11-12,Region 38,365,Toys,Board Game,7,28.13,206.76,Retail,Retail,1.05
ORD-00453619,2022-11-13,Region 46,531,Books,Cookbook,8,29.65,249.06,Retail,Wholesale,1.05
ORD-00696590,2022-11-13,Region 22,3,Electronics,Smartphone,15,443.42,6983.87,Retail,Wholesale,1.05
ORD-00646512,2022-11-13,Region 29,410,Books,Textbook,20,19.5,409.5,Wholesale,Wholesale,1.05
ORD-00964440,2022-11-13,Region 04,454,Beauty,Serum,18,47.42,896.24,Enterprise,Retail,1.05
ORD-00901848,2022-11-13,Region 50,572,Books,Textbook,18,23.24,439.24,SMB,Online Store,1.05
ORD-00156458,2022-11-13,Region 21,118,Grocery,Rice,9,23.45,221.6,SMB,Online Store,1.05
ORD-00642738,2022-11-14,Region 14,236,Apparel,T-Shirt,20,55.06,1156.26,Wholesale,Wholesale,1.05
ORD-00864372,2022-11-14,Region 43,402,Grocery,Rice,4,24.43,102.61,Wholesale,Retail,1.05
ORD-00112501,2022-11-16,Region 24,34,Home,Sofa,10,177.34,1862.07,Retail,Online Store,1.05
ORD-00392357,2022-11-16,Region 39,285,Electronics,Headphones,16,632.95,10633.56,SMB,Retail,1.05
ORD-00873504,2022-11-16,Region 30,418,Sports,Water Bottle,4,108.2,454.44,Retail,Retail,1.05
ORD-00128051,2022-11-16,Region 53,505,Toys,Building Blocks,8,33.86,284.42,Retail,Wholesale,1.05
ORD-00914287,2022-11-17,Region 01,477,Grocery,Rice,2,15.03,31.56,Retail,Wholesale,1.05
ORD-00659806,2022-11-17,Region 48,214,Books,Textbook,1,18.7,19.64,Wholesale,Online Store,1.05
ORD-00396406,2022-11-17,Region 30,325,Home,Blender,15,161.14,2537.96,SMB,Retail,1.05
ORD-00423294,2022-11-17,Region 26,189,Beauty,Moisturizer,15,28.33,446.2,Retail,Retail,1.05
ORD-00489240,2022-11-17,Region 30,352,Toys,Action Figure,13,52.64,718.54,Retail,Online Store,1.05
ORD-00689725,2022-11-17,Region 18,110,Electronics,Laptop,7,683.15,5021.15,Retail,Online Store,1.05
ORD-00863784,2022-11-18,Region 02,298,Grocery,Rice,18,25.6,483.84,Retail,Retail,1.05
ORD-00483087,2022-11-18,Region 53,10,Sports,Water Bottle,14,108.49,1594.8,Enterprise,Retail,1.05
ORD-00212672,2022-11-18,Region 17,218,Beauty,Moisturizer,10,43.48,456.54,Enterprise,Online Store,1.05
ORD-00669661,2022-11-18,Region 19,295,Electronics,Tablet,20,681.4,14309.4,SMB,Wholesale,1.05
ORD-00625358,2022-11-19,Region 14,470,Toys,Puzzle,11,43.99,508.08,Retail,Wholesale,1.05
ORD-00993533,2022-11-19,Region 43,481,Toys,Action Figure,13,30.66,418.51,SMB,Retail,1.05
ORD-00873768,2022-11-19,Region 52,474,Home,Lamp,11,137.64,1589.74,Enterprise,Online Store,1.05
ORD-00873859,2022-11-19,Region 25,392,Sports,Water Bottle,15,99.72,1570.59,Enterprise,Wholesale,1.05
ORD-00880556,2022-11-19,Region 30,22,Electronics,Tablet,11,361.87,4179.6,Wholesale,Online Store,1.05
ORD-00537600,2022-11-19,Region 48,426,Books,Textbook,19,25.78,514.31,Wholesale,Retail,1.05
ORD-00688931,2022-11-19,Region 37,518,Beauty,Serum,2,37.32,78.37,Retail,Online Store,1.05
ORD-00234846,2022-11-20,Region 37,585,Electronics,Laptop,4,675.03,2835.13,Wholesale,Wholesale,1.05
ORD-00834656,2022-11-20,Region 14,375,Books,Novel,17,20.15,359.68,SMB,Retail,1.05
ORD-00546763,2022-11-20,Region 37,577,Sports,Water Bottle,10,56.18,589.89,Retail,Online Store,1.05
ORD-00653431,2022-11-21,Region 03,108,Apparel,Sneakers,1,45.18,47.44,Enterprise,Wholesale,1.05
ORD-00662499,2022-11-21,Region 40,241,Toys,Board Game,3,45.2,142.38,Enterprise,Online Store,1.05
ORD-00006298,2022-11-21,Region 25,94,Home,Sofa,15,188.9,2975.18,Retail,Wholesale,1.05
ORD-00033612,2022-11-21,Region 46,290,Toys,Puzzle,8,33.69,283.0,SMB,Online Store,1.05
ORD-00407891,2022-11-21,Region 01,369,Sports,Yoga Mat,5,72.83,382.36,Enterprise,Online Store,1.05
ORD-00873542,2022-11-21,Region 06,553,Toys,Building Blocks,13,50.41,688.1,SMB,Online Store,1.05
ORD-00855549,2022-11-21,Region 54,340,Beauty,Serum,4,30.94,129.95,Enterprise,Online Store,1.05
ORD-00298685,2022-11-21,Region 47,114,Grocery,Cooking Oil,7,14.48,106.43,Wholesale,Retail,1.05
ORD-00257326,2022-11-21,Region 50,410,Home,Sofa,16,123.12,2068.42,Enterprise,Wholesale,1.05
ORD-00007345,2022-11-21,Region 20,174,Apparel,T-Shirt,3,68.5,215.78,Wholesale,Wholesale,1.05
ORD-00116043,2022-11-22,Region 29,188,Apparel,Jeans,13,83.53,1140.18,Wholesale,Retail,1.05
ORD-00372684,2022-11-22,Region 49,119,Apparel,T-Shirt,2,52.69,110.65,Wholesale,Retail,1.05
ORD-00159817,2022-11-22,Region 19,99,Toys,Board Game,13,41.73,569.61,Wholesale,Online Store,1.05
ORD-00634209,2022-11-22,Region 17,399,Home,Lamp,5,200.51,1052.68,Wholesale,Online Store,1.05
ORD-00001238,2022-11-23,Region 16,469,Grocery,Rice,18,19.42,367.04,Wholesale,Wholesale,1.05
ORD-00323186,2022-11-23,Region 51,235,Toys,Action Figure,7,36.14,265.63,SMB,Wholesale,1.05
ORD-00010406,2022-11-23,Region 46,472,Apparel,Jacket,15,72.08,1135.26,Retail,Retail,1.05
ORD-00277841,2022-11-23,Region 06,567,Sports,Treadmill,15,104.48,1645.56,Enterprise,Retail,1.05
ORD-00325255,2022-11-23,Region 37,6,Beauty,Serum,4,47.05,197.61,Retail,Online Store,1.05
ORD-00051135,2022-11-23,Region 39,513,Grocery,Coffee,10,17.88,187.74,Enterprise,Retail,1.05
ORD-00924644,2022-11-23,Region 36,98,Beauty,Serum,9,45.71,431.96,SMB,Online Store,1.05
ORD-00845783,2022-11-25,Region 36,482,Electronics,Headphones,9,413.51,3907.67,Wholesale,Wholesale,1.05
ORD-00231672,2022-11-26,Region 35,1,Grocery,Coffee,16,16.76,281.57,Enterprise,Retail,1.05
ORD-00087269,2022-11-26,Region 20,324,Sports,Treadmill,14,99.82,1467.35,Enterprise,Wholesale,1.05
ORD-00256864,2022-11-26,Region 33,423,Toys,Building Blocks,5,50.69,266.12,SMB,Online Store,1.05
ORD-00811550,2022-11-26,Region 02,311,Sports,Water Bottle,14,99.06,1456.18,Wholesale,Retail,1.05
ORD-00731056,2022-11-27,Region 07,475,Toys,Board Game,12,46.21,582.25,Wholesale,Wholesale,1.05
ORD-00160877,2022-11-27,Region 17,278,Toys,Building Blocks,9,46.58,440.18,SMB,Online Store,1.05
ORD-00764127,2022-11-27,Region 09,549,Electronics,Tablet,2,366.47,769.59,Enterprise,Wholesale,1.05
ORD-00579356,2022-11-28,Region 05,398,Beauty,Lipstick,7,36.37,267.32,SMB,Wholesale,1.05
ORD-00160543,2022-11-28,Region 53,445,Grocery,Cooking Oil,8,19.72,165.65,SMB,Retail,1.05
ORD-00945793,2022-11-28,Region 47,441,Apparel,Jeans,16,83.53,1403.3,Retail,Online Store,1.05
ORD-00158992,2022-11-29,Region 16,582,Sports,Yoga Mat,12,67.57,851.38,Retail,Wholesale,1.05
ORD-00938625,2022-11-29,Region 13,49,Home,Blender,7,176.82,1299.63,Enterprise,Online Store,1.05
ORD-00171817,2022-11-29,Region 51,356,Home,Curtains,3,130.7,411.7,SMB,Wholesale,1.05
ORD-00999560,2022-11-29,Region 05,325,Beauty,Lipstick,2,37.45,78.65,Enterprise,Online Store,1.05
ORD-00985491,2022-11-29,Region 23,150,Electronics,Smartphone,10,558.61,5865.41,SMB,Online Store,1.05
ORD-00248102,2022-11-29,Region 27,597,Sports,Treadmill,19,78.35,1563.08,Wholesale,Retail,1.05
ORD-00210044,2022-11-30,Region 26,20,Sports,Dumbbells,3,81.51,256.76,SMB,Online Store,1.05
ORD-00743296,2022-11-30,Region 47,115,Toys,Action Figure,14,32.74,481.28,Wholesale,Wholesale,1.05
ORD-00600959,2022-11-30,Region 52,238,Toys,Building Blocks,14,38.33,563.45,Retail,Online Store,1.05
ORD-00100239,2022-11-30,Region 49,470,Beauty,Serum,1,41.66,43.74,SMB,Online Store,1.05
ORD-00272966,2022-12-01,Region 38,95,Electronics,Smartphone,16,493.56,9081.5,Enterprise,Online Store,1.15
ORD-00104235,2022-12-01,Region 20,519,Sports,Dumbbells,19,97.16,2122.95,Wholesale,Online Store,1.15
ORD-00565931,2022-12-01,Region 38,154,Home,Blender,7,188.71,1519.12,Retail,Retail,1.15
ORD-00119833,2022-12-01,Region 08,458,Electronics,Laptop,3,631.38,2178.26,SMB,Online Store,1.15
ORD-00793761,2022-12-02,Region 01,428,Beauty,Moisturizer,19,41.38,904.15,Enterprise,Wholesale,1.15
ORD-00865140,2022-12-02,Region 31,349,Home,Sofa,18,162.58,3365.41,Wholesale,Wholesale,1.15
ORD-00507014,2022-12-02,Region 17,593,Home,Sofa,17,154.0,3010.7,SMB,Wholesale,1.15
ORD-00606525,2022-12-02,Region 24,193,Electronics,Headphones,8,531.73,4891.92,Wholesale,Retail,1.15
ORD-00647178,2022-12-02,Region 41,436,Electronics,Laptop,20,692.44,15926.12,Wholesale,Retail,1.15
ORD-00220121,2022-12-02,Region 53,549,Sports,Dumbbells,19,86.11,1881.5,Wholesale,Online Store,1.15
ORD-00810616,2022-12-03,Region 44,243,Grocery,Coffee,19,22.89,500.15,Wholesale,Wholesale,1.15
ORD-00340741,2022-12-03,Region 15,1,Books,Novel,16,26.01,478.58,Retail,Online Store,1.15
ORD-00449573,2022-12-03,Region 07,432,Beauty,Serum,11,48.88,618.33,Enterprise,Wholesale,1.15
ORD-00514357,2022-12-03,Region 15,96,Sports,Dumbbells,1,103.09,118.55,Retail,Online Store,1.15
ORD-00914770,2022-12-03,Region 30,11,Toys,Action Figure,3,28.96,99.91,SMB,Retail,1.15
ORD-00759040,2022-12-04,Region 43,121,Toys,Building Blocks,5,35.17,202.23,SMB,Retail,1.15
ORD-00526150,2022-12-04,Region 18,13,Sports,Treadmill,12,67.69,934.12,Enterprise,Wholesale,1.15
ORD-00733810,2022-12-04,Region 53,163,Apparel,T-Shirt,18,69.65,1441.76,SMB,Retail,1.15
ORD-00180679,2022-12-04,Region 46,444,Apparel,T-Shirt,12,77.16,1064.81,Retail,Online Store,1.15
ORD-00047356,2022-12-05,Region 33,169,Toys,Board Game,1,38.57,44.36,Wholesale,Retail,1.15
ORD-00685798,2022-12-05,Region 35,325,Books,Cookbook,19,30.7,670.79,SMB,Retail,1.15
ORD-00386542,2022-12-05,Region 52,179,Electronics,Smartphone,2,611.36,1406.13,Enterprise,Retail,1.15
ORD-00014269,2022-12-06,Region 41,36,Electronics,Laptop,15,650.98,11229.4,SMB,Wholesale,1.15
ORD-00970639,2022-12-06,Region 26,304,Beauty,Serum,5,38.03,218.67,Retail,Online Store,1.15
ORD-00117219,2022-12-06,Region 14,446,Home,Curtains,3,170.78,589.19,SMB,Wholesale,1.15
ORD-00346996,2022-12-06,Region 55,184,Beauty,Moisturizer,6,45.59,314.57,SMB,Online Store,1.15
ORD-00425534,2022-12-06,Region 20,414,Electronics,Tablet,13,560.03,8372.45,Retail,Online Store,1.15
ORD-00769436,2022-12-06,Region 06,379,Electronics,Headphones,14,569.07,9162.03,Wholesale,Retail,1.15
ORD-00965141,2022-12-06,Region 45,460,Apparel,Sneakers,10,50.72,583.28,SMB,Retail,1.15
ORD-00919181,2022-12-06,Region 14,365,Home,Lamp,1,132.33,152.18,Enterprise,Online Store,1.15
ORD-00675768,2022-12-06,Region 05,316,Beauty,Moisturizer,7,33.84,272.41,Wholesale,Wholesale,1.15
ORD-00333967,2022-12-06,Region 25,101,Toys,Puzzle,20,54.09,1244.07,Retail,Retail,1.15
ORD-00565816,2022-12-06,Region 37,122,Beauty,Moisturizer,5,46.14,265.3,Wholesale,Online Store,1.15
ORD-00797897,2022-12-07,Region 41,331,Home,Lamp,10,155.65,1789.98,SMB,Online Store,1.15
ORD-00936133,2022-12-07,Region 37,455,Books,Textbook,5,27.57,158.53,Retail,Retail,1.15
ORD-00938635,2022-12-07,Region 47,358,Beauty,Shampoo,6,32.94,227.29,SMB,Online Store,1.15
ORD-00076172,2022-12-07,Region 20,376,Toys,Building Blocks,5,32.79,188.54,Retail,Retail,1.15
ORD-00126201,2022-12-08,Region 19,115,Home,Curtains,9,139.41,1442.89,Enterprise,Wholesale,1.15
ORD-00227471,2022-12-09,Region 50,563,Toys,Board Game,17,40.97,800.96,Retail,Online Store,1.15
ORD-00727507,2022-12-09,Region 50,555,Home,Curtains,20,113.52,2610.96,SMB,Online Store,1.15
ORD-00979592,2022-12-09,Region 47,455,Sports,Yoga Mat,10,111.18,1278.57,Enterprise,Online Store,1.15
ORD-00036765,2022-12-09,Region 42,378,Grocery,Cooking Oil,2,19.8,45.54,SMB,Online Store,1.15
ORD-00644497,2022-12-09,Region 22,63,Books,Textbook,7,30.73,247.38,Enterprise,Retail,1.15
ORD-00675977,2022-12-10,Region 09,410,Beauty,Shampoo,13,34.72,519.06,Retail,Online Store,1.15
ORD-00801882,2022-12-10,Region 25,266,Sports,Treadmill,9,98.85,1023.1,Retail,Wholesale,1.15
ORD-00183065,2022-12-10,Region 06,184,Toys,Building Blocks,11,29.44,372.42,Enterprise,Online Store,1.15
ORD-00785555,2022-12-10,Region 45,136,Grocery,Coffee,7,18.56,149.41,Wholesale,Retail,1.15
ORD-00948743,2022-12-10,Region 28,238,Electronics,Tablet,3,357.95,1234.93,Wholesale,Wholesale,1.15
ORD-00497394,2022-12-10,Region 45,449,Home,Lamp,4,165.29,760.33,SMB,Online Store,1.15
ORD-00453321,2022-12-11,Region 51,210,Sports,Dumbbells,6,68.77,474.51,SMB,Retail,1.15
ORD-00627104,2022-12-11,Region 20,580,Grocery,Milk Powder,5,16.34,93.96,Enterprise,Retail,1.15
ORD-00548424,2022-12-11,Region 05,19,Beauty,Lipstick,19,47.62,1040.5,SMB,Online Store,1.15
ORD-00730353,2022-12-11,Region 19,431,Beauty,Shampoo,5,37.79,217.29,Retail,Retail,1.15
ORD-00316809,2022-12-11,Region 14,200,Beauty,Shampoo,11,39.86,504.23,Wholesale,Wholesale,1.15
ORD-00719756,2022-12-12,Region 12,93,Electronics,Headphones,10,472.27,5431.1,SMB,Retail,1.15
ORD-00271423,2022-12-12,Region 25,246,Apparel,Sneakers,15,69.65,1201.46,Wholesale,Wholesale,1.15
ORD-00378208,2022-12-12,Region 46,222,Electronics,Headphones,8,490.37,4511.4,SMB,Online Store,1.15
ORD-00996135,2022-12-12,Region 54,239,Grocery,Milk Powder,7,21.32,171.63,Retail,Online Store,1.15
ORD-00516705,2022-12-12,Region 03,357,Sports,Yoga Mat,9,68.85,712.6,SMB,Online Store,1.15
ORD-00879039,2022-12-13,Region 38,306,Beauty,Moisturizer,6,43.07,297.18,Enterprise,Online Store,1.15
ORD-00273001,2022-12-13,Region 05,301,Toys,Action Figure,3,49.57,171.02,Enterprise,Wholesale,1.15
ORD-00249969,2022-12-13,Region 50,157,Books,Textbook,7,34.02,273.86,Wholesale,Wholesale,1.15
ORD-00738567,2022-12-13,Region 48,23,Grocery,Coffee,16,24.23,445.83,Retail,Online Store,1.15
ORD-00389128,2022-12-13,Region 24,389,Grocery,Cooking Oil,5,23.84,137.08,Wholesale,Wholesale,1.15
ORD-00910167,2022-12-14,Region 53,584,Sports,Dumbbells,6,56.23,387.99,Retail,Retail,1.15
ORD-00944296,2022-12-14,Region 18,486,Beauty,Shampoo,15,28.93,499.04,SMB,Retail,1.15
ORD-00855214,2022-12-14,Region 35,149,Home,Curtains,5,142.75,820.81,Retail,Retail,1.15
ORD-00460470,2022-12-15,Region 17,594,Books,Cookbook,9,24.14,249.85,Retail,Online Store,1.15
ORD-00735546,2022-12-15,Region 31,434,Grocery,Rice,20,27.55,633.65,Enterprise,Wholesale,1.15
ORD-00464970,2022-12-16,Region 06,312,Toys,Building Blocks,10,36.53,420.1,Wholesale,Wholesale,1.15
ORD-00093075,2022-12-16,Region 03,5,Sports,Yoga Mat,14,92.9,1495.69,Retail,Retail,1.15
ORD-00906462,2022-12-16,Region 34,9,Beauty,Serum,7,44.91,361.53,Enterprise,Online Store,1.15
ORD-00153887,2022-12-16,Region 28,95,Books,Novel,18,24.14,499.7,Wholesale,Online Store,1.15
ORD-00411711,2022-12-16,Region 25,90,Books,Cookbook,19,24.05,525.49,SMB,Wholesale,1.15
ORD-00026667,2022-12-16,Region 20,236,Sports,Water Bottle,5,101.71,584.83,Retail,Wholesale,1.15
ORD-00561880,2022-12-17,Region 18,267,Beauty,Moisturizer,15,33.14,571.66,Retail,Online Store,1.15
ORD-00414821,2022-12-17,Region 16,569,Toys,Building Blocks,14,51.36,826.9,Enterprise,Wholesale,1.15
ORD-00856685,2022-12-17,Region 39,523,Home,Lamp,7,132.7,1068.23,SMB,Wholesale,1.15
ORD-00066971,2022-12-18,Region 37,208,Beauty,Moisturizer,20,25.67,590.41,Retail,Wholesale,1.15
ORD-00193574,2022-12-18,Region 10,134,Sports,Dumbbells,16,93.66,1723.34,Retail,Retail,1.15
ORD-00613449,2022-12-18,Region 27,515,Toys,Board Game,16,34.6,636.64,Retail,Retail,1.15
ORD-00447795,2022-12-18,Region 37,361,Beauty,Serum,18,37.65,779.35,Retail,Online Store,1.15
ORD-00613293,2022-12-18,Region 06,504,Grocery,Coffee,15,25.21,434.87,SMB,Wholesale,1.15
ORD-00788407,2022-12-18,Region 08,104,Home,Curtains,17,198.22,3875.2,Enterprise,Retail,1.15
ORD-00281281,2022-12-18,Region 53,145,Apparel,T-Shirt,1,63.6,73.14,Retail,Online Store,1.15
ORD-00681013,2022-12-18,Region 30,1,Books,Cookbook,9,26.11,270.24,SMB,Online Store,1.15
ORD-00731479,2022-12-19,Region 06,299,Home,Curtains,18,156.17,3232.72,Retail,Online Store,1.15
ORD-00181860,2022-12-19,Region 43,106,Sports,Water Bottle,13,74.62,1115.57,Wholesale,Retail,1.15
ORD-00684250,2022-12-19,Region 22,307,Grocery,Cooking Oil,19,21.46,468.9,Wholesale,Wholesale,1.15
ORD-00597585,2022-12-19,Region 55,506,Home,Sofa,17,105.42,2060.96,Retail,Retail,1.15
ORD-00838664,2022-12-19,Region 10,437,Apparel,Jacket,18,71.22,1474.25,SMB,Online Store,1.15
ORD-00395137,2022-12-19,Region 41,422,Sports,Yoga Mat,11,86.81,1098.15,Retail,Wholesale,1.15
ORD-00819695,2022-12-19,Region 13,562,Home,Blender,5,145.61,837.26,Retail,Retail,1.15
ORD-00513913,2022-12-20,Region 11,520,Toys,Board Game,9,55.93,578.88,Wholesale,Online Store,1.15
ORD-00553914,2022-12-20,Region 28,464,Grocery,Rice,3,15.63,53.92,Wholesale,Online Store,1.15
ORD-00602004,2022-12-21,Region 05,191,Beauty,Moisturizer,16,25.94,477.3,Enterprise,Online Store,1.15
ORD-00136593,2022-12-21,Region 16,313,Home,Lamp,4,173.85,799.71,SMB,Retail,1.15
ORD-00043530,2022-12-21,Region 08,477,Apparel,Sneakers,11,57.74,730.41,Wholesale,Wholesale,1.15
ORD-00498187,2022-12-21,Region 29,384,Grocery,Cooking Oil,4,23.31,107.23,Enterprise,Wholesale,1.15
ORD-00994440,2022-12-21,Region 43,101,Electronics,Headphones,9,682.41,7062.94,Enterprise,Wholesale,1.15
ORD-00971530,2022-12-21,Region 13,496,Toys,Puzzle,1,53.2,61.18,SMB,Wholesale,1.15
ORD-00674714,2022-12-21,Region 33,451,Sports,Yoga Mat,14,103.43,1665.22,Wholesale,Retail,1.15
ORD-00158279,2022-12-21,Region 03,531,Toys,Board Game,5,46.22,265.76,Retail,Retail,1.15
ORD-00244754,2022-12-22,Region 11,83,Electronics,Laptop,7,543.3,4373.56,Retail,Wholesale,1.15
ORD-00418694,2022-12-22,Region 18,164,Home,Blender,2,168.98,388.65,Wholesale,Retail,1.15
ORD-00774933,2022-12-22,Region 39,488,Books,Cookbook,2,23.17,53.29,Enterprise,Wholesale,1.15
ORD-00077671,2022-12-22,Region 52,48,Books,Cookbook,8,20.22,186.02,Retail,Online Store,1.15
ORD-00590725,2022-12-23,Region 20,377,Grocery,Cooking Oil,15,26.88,463.68,SMB,Wholesale,1.15
ORD-00285826,2022-12-23,Region 37,412,Electronics,Laptop,20,498.69,11469.87,SMB,Wholesale,1.15
ORD-00690927,2022-12-23,Region 04,11,Home,Sofa,16,167.66,3084.94,Retail,Wholesale,1.15
ORD-00065693,2022-12-23,Region 09,296,Toys,Board Game,2,32.8,75.44,SMB,Online Store,1.15
ORD-00475456,2022-12-23,Region 42,262,Electronics,Tablet,5,528.44,3038.53,Enterprise,Wholesale,1.15
ORD-00544980,2022-12-23,Region 54,500,Beauty,Shampoo,11,46.73,591.13,SMB,Online Store,1.15
ORD-00019618,2022-12-24,Region 31,420,Toys,Building Blocks,6,38.53,265.86,Enterprise,Online Store,1.15
ORD-00333164,2022-12-24,Region 07,52,Electronics,Laptop,3,489.62,1689.19,Wholesale,Retail,1.15
ORD-00157433,2022-12-24,Region 35,251,Toys,Action Figure,2,45.37,104.35,Retail,Retail,1.15
ORD-00470753,2022-12-24,Region 12,13,Toys,Puzzle,4,30.38,139.75,Enterprise,Wholesale,1.15
ORD-00826350,2022-12-24,Region 38,430,Toys,Building Blocks,5,30.2,173.65,SMB,Wholesale,1.15
ORD-00641555,2022-12-24,Region 03,556,Grocery,Milk Powder,15,24.5,422.62,Retail,Retail,1.15
ORD-00528708,2022-12-24,Region 45,5,Grocery,Rice,10,21.06,242.19,Wholesale,Retail,1.15
ORD-00844872,2022-12-25,Region 09,123,Electronics,Headphones,1,688.72,792.03,SMB,Online Store,1.15
ORD-00871696,2022-12-25,Region 25,121,Sports,Treadmill,6,89.54,617.83,Retail,Online Store,1.15
ORD-00794873,2022-12-25,Region 18,512,Home,Blender,8,203.88,1875.7,Retail,Online Store,1.15
ORD-00542038,2022-12-25,Region 33,441,Toys,Action Figure,14,38.56,620.82,Enterprise,Wholesale,1.15
ORD-00858353,2022-12-25,Region 20,185,Books,Cookbook,11,30.77,389.24,Enterprise,Retail,1.15
ORD-00751985,2022-12-25,Region 25,581,Home,Sofa,6,205.98,1421.26,Enterprise,Retail,1.15
ORD-00992656,2022-12-25,Region 23,171,Home,Lamp,9,168.11,1739.94,Retail,Wholesale,1.15
ORD-00287880,2022-12-26,Region 42,508,Beauty,Shampoo,18,34.54,714.98,Wholesale,Retail,1.15
ORD-00068494,2022-12-26,Region 20,281,Toys,Board Game,7,28.99,233.37,Wholesale,Wholesale,1.15
ORD-00766960,2022-12-26,Region 41,195,Home,Blender,7,175.36,1411.65,Enterprise,Wholesale,1.15
ORD-00330540,2022-12-26,Region 37,555,Electronics,Headphones,1,418.68,481.48,Wholesale,Retail,1.15
ORD-00371424,2022-12-26,Region 35,458,Electronics,Tablet,12,446.61,6163.22,Enterprise,Online Store,1.15
ORD-00295579,2022-12-26,Region 38,235,Apparel,Jeans,12,61.09,843.04,Wholesale,Wholesale,1.15
ORD-00168526,2022-12-27,Region 17,155,Beauty,Serum,19,37.18,812.38,SMB,Online Store,1.15
ORD-00943541,2022-12-27,Region 16,135,Apparel,Sneakers,8,52.69,484.75,Retail,Wholesale,1.15
ORD-00625401,2022-12-27,Region 08,431,Electronics,Laptop,19,494.33,10801.11,Retail,Wholesale,1.15
ORD-00164671,2022-12-27,Region 23,183,Books,Textbook,14,33.49,539.19,Retail,Online Store,1.15
ORD-00235574,2022-12-27,Region 25,505,Toys,Action Figure,8,36.3,333.96,Retail,Retail,1.15
ORD-00787691,2022-12-27,Region 26,57,Grocery,Cooking Oil,11,19.12,241.87,Retail,Online Store,1.15
ORD-00737327,2022-12-27,Region 26,29,Grocery,Cooking Oil,18,27.91,577.74,Enterprise,Online Store,1.15
ORD-00133902,2022-12-28,Region 39,157,Books,Textbook,17,26.42,516.51,Retail,Wholesale,1.15
ORD-00030751,2022-12-28,Region 25,333,Books,Textbook,2,30.92,71.12,Retail,Retail,1.15
ORD-00556418,2022-12-28,Region 41,109,Beauty,Shampoo,14,47.59,766.2,Wholesale,Online Store,1.15
ORD-00945187,2022-12-28,Region 15,359,Sports,Water Bottle,6,64.34,443.95,SMB,Wholesale,1.15
ORD-00125999,2022-12-28,Region 18,320,Home,Lamp,9,129.36,1338.88,Retail,Retail,1.15
ORD-00553662,2022-12-28,Region 45,386,Grocery,Coffee,2,19.04,43.79,Retail,Online Store,1.15
ORD-00293540,2022-12-28,Region 50,79,Toys,Board Game,10,47.32,544.18,Wholesale,Wholesale,1.15
ORD-00665554,2022-12-29,Region 08,218,Books,Textbook,12,20.13,277.79,SMB,Wholesale,1.15
ORD-00583369,2022-12-29,Region 54,70,Books,Cookbook,6,21.41,147.73,Wholesale,Retail,1.15
ORD-00406302,2022-12-29,Region 39,245,Grocery,Milk Powder,20,15.33,352.59,Retail,Online Store,1.15
ORD-00058174,2022-12-29,Region 14,363,Sports,Water Bottle,12,95.54,1318.45,SMB,Online Store,1.15
ORD-00925738,2022-12-29,Region 45,91,Toys,Action Figure,2,48.92,112.52,SMB,Online Store,1.15
ORD-00405900,2022-12-29,Region 46,161,Sports,Water Bottle,4,94.29,433.73,SMB,Online Store,1.15
ORD-00772926,2022-12-29,Region 34,239,Home,Sofa,14,168.14,2707.05,SMB,Retail,1.15
ORD-00765764,2022-12-29,Region 23,340,Books,Textbook,7,28.16,226.69,SMB,Online Store,1.15
ORD-00947797,2022-12-30,Region 40,87,Grocery,Cooking Oil,8,16.06,147.75,SMB,Retail,1.15
ORD-00650768,2022-12-30,Region 27,66,Toys,Building Blocks,16,43.49,800.22,Wholesale,Retail,1.15
ORD-00971671,2022-12-30,Region 42,512,Toys,Puzzle,6,38.89,268.34,Retail,Retail,1.15
ORD-00520064,2022-12-30,Region 04,319,Electronics,Laptop,19,460.8,10068.48,Enterprise,Wholesale,1.15
ORD-00878856,2022-12-31,Region 11,161,Sports,Water Bottle,16,97.44,1792.9,SMB,Wholesale,1.15
ORD-00443124,2022-12-31,Region 22,361,Grocery,Cooking Oil,3,21.76,75.07,SMB,Wholesale,1.15
ORD-00327737,2022-12-31,Region 44,474,Beauty,Lipstick,5,27.49,158.07,Wholesale,Online Store,1.15
ORD-00488328,2022-12-31,Region 06,351,Sports,Water Bottle,5,109.32,628.59,Wholesale,Wholesale,1.15
ORD-00525441,2023-01-01,Region 30,281,Books,Journal,4,30.11,126.46,Retail,Online Store,1.05
ORD-00682905,2023-01-01,Region 48,282,Home,Sofa,13,120.84,1649.47,SMB,Wholesale,1.05
ORD-00373298,2023-01-01,Region 09,542,Apparel,Sneakers,10,50.59,531.2,SMB,Wholesale,1.05
ORD-00265704,2023-01-01,Region 25,238,Home,Sofa,11,115.38,1332.64,SMB,Wholesale,1.05
ORD-00388683,2023-01-01,Region 12,502,Home,Curtains,9,139.77,1320.83,SMB,Retail,1.05
ORD-00847532,2023-01-01,Region 43,537,Toys,Puzzle,19,55.34,1104.03,Wholesale,Retail,1.05
ORD-00171562,2023-01-01,Region 38,446,Sports,Treadmill,2,90.6,190.26,SMB,Online Store,1.05
ORD-00419180,2023-01-01,Region 23,26,Electronics,Tablet,17,519.13,9266.47,SMB,Online Store,1.05
ORD-00797601,2023-01-01,Region 03,382,Electronics,Laptop,6,698.12,4398.16,Enterprise,Wholesale,1.05
ORD-00817194,2023-01-02,Region 12,430,Grocery,Milk Powder,12,27.42,345.49,Wholesale,Retail,1.05
ORD-00113372,2023-01-02,Region 30,187,Beauty,Moisturizer,3,43.09,135.73,SMB,Retail,1.05
ORD-00252500,2023-01-02,Region 49,551,Beauty,Shampoo,8,41.63,349.69,Wholesale,Online Store,1.05
ORD-00049136,2023-01-02,Region 50,453,Home,Curtains,20,113.58,2385.18,Enterprise,Wholesale,1.05
ORD-00305100,2023-01-02,Region 27,551,Apparel,Jacket,16,79.25,1331.4,SMB,Retail,1.05
ORD-00677419,2023-01-02,Region 04,147,Beauty,Moisturizer,20,35.48,745.08,SMB,Wholesale,1.05
ORD-00551083,2023-01-02,Region 03,122,Toys,Board Game,19,53.15,1060.34,Wholesale,Online Store,1.05
ORD-00188083,2023-01-02,Region 32,229,Apparel,Jacket,11,59.01,681.57,Enterprise,Online Store,1.05
ORD-00212423,2023-01-03,Region 25,192,Books,Journal,19,24.32,485.18,Wholesale,Retail,1.05
ORD-00577601,2023-01-03,Region 42,453,Beauty,Serum,17,26.15,466.78,Wholesale,Retail,1.05
ORD-00241721,2023-01-03,Region 32,526,Sports,Dumbbells,8,72.03,605.05,Retail,Retail,1.05
ORD-00611313,2023-01-03,Region 28,126,Electronics,Tablet,3,400.54,1261.7,Enterprise,Retail,1.05
ORD-00428730,2023-01-04,Region 12,288,Books,Cookbook,14,26.24,385.73,SMB,Wholesale,1.05
ORD-00083449,2023-01-04,Region 50,302,Sports,Treadmill,18,75.05,1418.44,Enterprise,Wholesale,1.05
ORD-00868697,2023-01-04,Region 05,539,Books,Cookbook,14,24.78,364.27,Retail,Wholesale,1.05
ORD-00742364,2023-01-04,Region 17,514,Apparel,T-Shirt,20,51.61,1083.81,Wholesale,Wholesale,1.05
ORD-00063468,2023-01-04,Region 46,560,Home,Sofa,12,157.58,1985.51,Enterprise,Wholesale,1.05
ORD-00082701,2023-01-04,Region 22,204,Apparel,Sneakers,11,79.98,923.77,Retail,Wholesale,1.05
ORD-00804524,2023-01-04,Region 12,591,Sports,Dumbbells,1,79.88,83.87,Enterprise,Retail,1.05
ORD-00708885,2023-01-04,Region 41,92,Beauty,Shampoo,4,35.14,147.59,Wholesale,Retail,1.05
ORD-00340736,2023-01-05,Region 48,181,Grocery,Cooking Oil,13,23.49,320.64,Wholesale,Retail,1.05
ORD-00356959,2023-01-05,Region 42,565,Apparel,Jeans,1,45.9,48.2,Retail,Online Store,1.05
ORD-00513268,2023-01-05,Region 17,597,Apparel,Jeans,12,53.46,673.6,Enterprise,Retail,1.05
ORD-00807951,2023-01-05,Region 49,501,Electronics,Tablet,3,451.1,1420.96,Enterprise,Wholesale,1.05
ORD-00189090,2023-01-05,Region 41,100,Beauty,Lipstick,3,40.17,126.54,Enterprise,Online Store,1.05
ORD-00493473,2023-01-05,Region 40,262,Apparel,Sneakers,3,52.2,164.43,Wholesale,Online Store,1.05
ORD-00309214,2023-01-06,Region 33,467,Books,Novel,3,21.0,66.15,Retail,Retail,1.05
ORD-00705817,2023-01-06,Region 17,485,Books,Novel,15,26.96,424.62,SMB,Online Store,1.05
ORD-00295614,2023-01-06,Region 27,234,Books,Cookbook,9,18.83,177.94,Retail,Online Store,1.05
ORD-00213327,2023-01-06,Region 32,375,Beauty,Shampoo,15,25.78,406.04,Wholesale,Online Store,1.05
ORD-00162197,2023-01-06,Region 11,540,Grocery,Milk Powder,18,20.71,391.42,Enterprise,Retail,1.05
ORD-00614041,2023-01-07,Region 07,125,Toys,Puzzle,14,39.75,584.33,Wholesale,Online Store,1.05
ORD-00082893,2023-01-07,Region 01,583,Electronics,Headphones,8,683.7,5743.08,Retail,Online Store,1.05
ORD-00208867,2023-01-07,Region 26,246,Apparel,T-Shirt,6,71.27,449.0,SMB,Online Store,1.05
ORD-00138559,2023-01-08,Region 15,351,Apparel,Jacket,15,43.26,681.34,Retail,Retail,1.05
ORD-00262821,2023-01-08,Region 07,319,Sports,Yoga Mat,9,61.63,582.4,Wholesale,Retail,1.05
ORD-00608419,2023-01-09,Region 46,113,Electronics,Smartphone,5,526.83,2765.86,Retail,Wholesale,1.05
ORD-00210150,2023-01-09,Region 41,577,Books,Novel,5,33.79,177.4,Wholesale,Online Store,1.05
ORD-00467418,2023-01-09,Region 12,309,Electronics,Headphones,6,458.49,2888.49,Enterprise,Online Store,1.05
ORD-00305251,2023-01-10,Region 26,103,Sports,Dumbbells,2,93.49,196.33,Retail,Wholesale,1.05
ORD-00560029,2023-01-10,Region 40,384,Books,Novel,7,21.0,154.35,Retail,Retail,1.05
ORD-00967266,2023-01-10,Region 32,312,Books,Cookbook,1,32.0,33.6,Enterprise,Online Store,1.05
ORD-00694857,2023-01-10,Region 46,403,Home,Lamp,17,199.79,3566.25,Retail,Wholesale,1.05
ORD-00001710,2023-01-11,Region 13,587,Grocery,Milk Powder,7,21.84,160.52,Enterprise,Online Store,1.05
ORD-00829421,2023-01-11,Region 39,544,Home,Sofa,19,163.36,3259.03,Wholesale,Retail,1.05
ORD-00921026,2023-01-11,Region 52,407,Beauty,Moisturizer,15,33.31,524.63,Wholesale,Wholesale,1.05
ORD-00088742,2023-01-11,Region 39,326,Grocery,Rice,8,19.7,165.48,Wholesale,Wholesale,1.05
ORD-00934881,2023-01-12,Region 32,154,Toys,Action Figure,19,46.97,937.05,Wholesale,Wholesale,1.05
ORD-00379566,2023-01-12,Region 23,231,Grocery,Cooking Oil,9,15.98,151.01,Enterprise,Wholesale,1.05
ORD-00123494,2023-01-12,Region 18,336,Home,Lamp,7,141.27,1038.33,SMB,Wholesale,1.05
ORD-00749365,2023-01-13,Region 42,300,Beauty,Shampoo,17,30.03,536.04,Retail,Wholesale,1.05
ORD-00721732,2023-01-13,Region 46,42,Beauty,Moisturizer,2,37.67,79.11,Enterprise,Retail,1.05
ORD-00997730,2023-01-13,Region 09,353,Books,Journal,11,19.71,227.65,Enterprise,Online Store,1.05
ORD-00616665,2023-01-14,Region 39,27,Books,Journal,10,28.2,296.1,Retail,Retail,1.05
ORD-00568438,2023-01-14,Region 09,142,Toys,Board Game,13,55.54,758.12,Retail,Retail,1.05
ORD-00644119,2023-01-14,Region 54,92,Apparel,Jacket,3,45.89,144.55,Wholesale,Online Store,1.05
ORD-00648163,2023-01-14,Region 53,17,Beauty,Shampoo,18,46.14,872.05,Retail,Retail,1.05
ORD-00852974,2023-01-14,Region 37,117,Books,Cookbook,5,27.61,144.95,Enterprise,Wholesale,1.05
ORD-00001382,2023-01-15,Region 24,428,Apparel,Jacket,16,55.71,935.93,Wholesale,Online Store,1.05
ORD-00762141,2023-01-15,Region 12,319,Home,Blender,1,121.28,127.34,Enterprise,Retail,1.05
ORD-00399758,2023-01-15,Region 27,106,Toys,Puzzle,3,47.87,150.79,Enterprise,Online Store,1.05
ORD-00026186,2023-01-15,Region 14,203,Apparel,Sneakers,4,54.15,227.43,Retail,Online Store,1.05
ORD-00171973,2023-01-15,Region 16,279,Beauty,Serum,19,26.56,529.87,SMB,Retail,1.05
ORD-00464359,2023-01-15,Region 46,10,Books,Novel,12,22.77,286.9,Wholesale,Online Store,1.05
ORD-00885937,2023-01-16,Region 32,131,Books,Novel,9,29.1,275.0,SMB,Retail,1.05
ORD-00310982,2023-01-16,Region 17,94,Apparel,T-Shirt,8,56.96,478.46,Retail,Online Store,1.05
ORD-00434093,2023-01-16,Region 26,472,Grocery,Cooking Oil,6,16.65,104.9,Retail,Retail,1.05
ORD-00389606,2023-01-17,Region 16,417,Electronics,Laptop,5,520.12,2730.63,Enterprise,Online Store,1.05
ORD-00889822,2023-01-17,Region 23,7,Apparel,Jacket,15,56.5,889.88,Retail,Retail,1.05
ORD-00456078,2023-01-17,Region 09,419,Grocery,Cooking Oil,18,27.65,522.58,Enterprise,Online Store,1.05
ORD-00419220,2023-01-17,Region 50,192,Books,Novel,14,18.97,278.86,Enterprise,Retail,1.05
ORD-00337161,2023-01-17,Region 02,40,Apparel,Jeans,11,57.49,664.01,SMB,Retail,1.05
ORD-00346308,2023-01-17,Region 15,145,Apparel,Sneakers,13,50.68,691.78,Enterprise,Online Store,1.05
ORD-00499798,2023-01-17,Region 25,2,Books,Textbook,8,25.68,215.71,SMB,Wholesale,1.05
ORD-00169482,2023-01-18,Region 01,237,Electronics,Smartphone,1,588.19,617.6,SMB,Retail,1.05
ORD-00127664,2023-01-18,Region 01,367,Books,Textbook,16,18.57,311.98,SMB,Retail,1.05
ORD-00512405,2023-01-18,Region 42,580,Electronics,Smartphone,5,664.06,3486.32,SMB,Retail,1.05
ORD-00104514,2023-01-18,Region 08,68,Sports,Dumbbells,16,64.34,1080.91,Enterprise,Online Store,1.05
ORD-00078189,2023-01-18,Region 39,165,Beauty,Lipstick,18,41.43,783.03,Wholesale,Retail,1.05
ORD-00416120,2023-01-18,Region 10,277,Books,Cookbook,14,17.96,264.01,Retail,Wholesale,1.05
ORD-00313918,2023-01-19,Region 30,413,Books,Cookbook,9,34.38,324.89,SMB,Wholesale,1.05
ORD-00185498,2023-01-19,Region 19,373,Books,Cookbook,8,34.62,290.81,Retail,Wholesale,1.05
ORD-00202392,2023-01-19,Region 35,152,Sports,Yoga Mat,1,66.02,69.32,Wholesale,Online Store,1.05
ORD-00053757,2023-01-20,Region 11,260,Home,Curtains,13,105.58,1441.17,Retail,Wholesale,1.05
ORD-00757947,2023-01-20,Region 01,71,Beauty,Serum,6,35.53,223.84,Enterprise,Wholesale,1.05
ORD-00330651,2023-01-20,Region 51,331,Apparel,Sneakers,3,48.11,151.55,Retail,Online Store,1.05
ORD-00192366,2023-01-20,Region 18,542,Sports,Treadmill,3,109.97,346.41,Retail,Wholesale,1.05
ORD-00808203,2023-01-20,Region 39,429,Electronics,Headphones,12,518.43,6532.22,Enterprise,Wholesale,1.05
ORD-00068074,2023-01-20,Region 40,53,Sports,Water Bottle,6,60.49,381.09,Enterprise,Wholesale,1.05
ORD-00880164,2023-01-20,Region 14,315,Books,Journal,17,22.03,393.24,SMB,Wholesale,1.05
ORD-00384736,2023-01-20,Region 44,559,Grocery,Coffee,11,15.61,180.3,Retail,Retail,1.05
ORD-00464513,2023-01-20,Region 37,88,Electronics,Headphones,6,672.78,4238.51,Retail,Online Store,1.05
ORD-00815019,2023-01-21,Region 55,370,Beauty,Serum,4,30.07,126.29,Wholesale,Wholesale,1.05
ORD-00139893,2023-01-21,Region 23,461,Home,Blender,8,124.79,1048.24,Enterprise,Retail,1.05
ORD-00110447,2023-01-21,Region 44,274,Electronics,Headphones,15,373.42,5881.37,Wholesale,Online Store,1.05
ORD-00640374,2023-01-21,Region 01,428,Books,Textbook,7,27.15,199.55,Retail,Online Store,1.05
ORD-00691109,2023-01-21,Region 09,346,Home,Lamp,2,140.95,296.0,Retail,Retail,1.05
ORD-00100903,2023-01-21,Region 20,116,Electronics,Laptop,16,605.95,10179.96,SMB,Wholesale,1.05
ORD-00311245,2023-01-21,Region 44,147,Grocery,Coffee,11,22.81,263.46,SMB,Retail,1.05
ORD-00014930,2023-01-22,Region 42,433,Apparel,Jacket,12,61.26,771.88,SMB,Wholesale,1.05
ORD-00711524,2023-01-23,Region 46,462,Apparel,T-Shirt,17,63.82,1139.19,Wholesale,Online Store,1.05
ORD-00043192,2023-01-23,Region 38,341,Books,Cookbook,9,34.17,322.91,Enterprise,Retail,1.05
ORD-00214938,2023-01-23,Region 34,168,Apparel,T-Shirt,19,60.48,1206.58,SMB,Online Store,1.05
ORD-00181146,2023-01-23,Region 53,513,Apparel,Jacket,16,67.56,1135.01,SMB,Online Store,1.05
ORD-00040668,2023-01-24,Region 41,213,Apparel,Sneakers,16,81.06,1361.81,SMB,Retail,1.05
ORD-00705985,2023-01-24,Region 20,392,Home,Blender,16,116.97,1965.1,Wholesale,Wholesale,1.05
ORD-00300707,2023-01-24,Region 30,118,Electronics,Smartphone,2,573.8,1204.98,Enterprise,Retail,1.05
ORD-00684405,2023-01-24,Region 02,267,Electronics,Headphones,14,573.23,8426.48,Enterprise,Online Store,1.05
ORD-00979755,2023-01-24,Region 02,391,Apparel,Jacket,8,73.63,618.49,Enterprise,Online Store,1.05
ORD-00587396,2023-01-24,Region 24,292,Sports,Dumbbells,12,94.14,1186.16,SMB,Retail,1.05
ORD-00931658,2023-01-24,Region 03,161,Home,Lamp,19,181.87,3628.31,SMB,Retail,1.05
ORD-00426794,2023-01-25,Region 04,233,Home,Curtains,2,133.63,280.62,Wholesale,Online Store,1.05
ORD-00686551,2023-01-25,Region 14,295,Home,Lamp,3,152.39,480.03,Enterprise,Wholesale,1.05
ORD-00780881,2023-01-25,Region 33,377,Apparel,Jacket,12,68.97,869.02,Retail,Online Store,1.05
ORD-00837846,2023-01-25,Region 51,588,Grocery,Rice,17,15.65,279.35,Retail,Online Store,1.05
ORD-00798727,2023-01-25,Region 14,443,Beauty,Shampoo,16,41.1,690.48,SMB,Online Store,1.05
ORD-00093742,2023-01-25,Region 08,150,Grocery,Milk Powder,3,19.32,60.86,SMB,Retail,1.05
ORD-00409568,2023-01-25,Region 17,527,Home,Curtains,10,146.76,1540.98,Retail,Retail,1.05
ORD-00128329,2023-01-25,Region 38,147,Apparel,Jacket,16,63.35,1064.28,SMB,Online Store,1.05
ORD-00842294,2023-01-25,Region 20,421,Grocery,Cooking Oil,17,24.66,440.18,SMB,Retail,1.05
ORD-00139089,2023-01-26,Region 38,502,Toys,Puzzle,9,35.01,330.84,SMB,Online Store,1.05
ORD-00101954,2023-01-26,Region 55,331,Home,Sofa,14,186.89,2747.28,Wholesale,Retail,1.05
ORD-00366418,2023-01-26,Region 19,546,Apparel,Jacket,10,45.69,479.74,Enterprise,Retail,1.05
ORD-00801736,2023-01-26,Region 16,174,Apparel,Sneakers,17,61.7,1101.35,Enterprise,Wholesale,1.05
ORD-00947237,2023-01-26,Region 05,365,Toys,Puzzle,8,30.3,254.52,SMB,Online Store,1.05
ORD-00451079,2023-01-26,Region 52,466,Books,Journal,8,27.08,227.47,Wholesale,Retail,1.05
ORD-00715676,2023-01-27,Region 10,506,Home,Blender,6,184.08,1159.7,Wholesale,Retail,1.05
ORD-00181648,2023-01-27,Region 22,394,Books,Journal,16,25.33,425.54,Enterprise,Wholesale,1.05
ORD-00036858,2023-01-27,Region 13,551,Electronics,Laptop,18,607.58,11483.26,Retail,Retail,1.05
ORD-00192677,2023-01-27,Region 33,412,Books,Textbook,18,30.17,570.21,Retail,Wholesale,1.05
ORD-00068658,2023-01-27,Region 52,45,Apparel,Jeans,6,50.6,318.78,SMB,Online Store,1.05
ORD-00654084,2023-01-27,Region 22,216,Home,Sofa,17,187.29,3343.13,SMB,Online Store,1.05
ORD-00283883,2023-01-27,Region 12,160,Beauty,Shampoo,3,36.41,114.69,SMB,Wholesale,1.05
ORD-00938380,2023-01-27,Region 08,450,Toys,Action Figure,1,29.11,30.57,Wholesale,Wholesale,1.05
ORD-00154509,2023-01-27,Region 17,239,Grocery,Coffee,12,15.23,191.9,SMB,Retail,1.05
ORD-00066743,2023-01-28,Region 09,172,Grocery,Rice,4,27.93,117.31,SMB,Online Store,1.05
ORD-00469705,2023-01-28,Region 40,457,Electronics,Smartphone,14,539.44,7929.77,Enterprise,Wholesale,1.05
ORD-00125738,2023-01-28,Region 30,85,Home,Curtains,1,159.52,167.5,Retail,Online Store,1.05
ORD-00675079,2023-01-28,Region 14,31,Grocery,Rice,10,25.11,263.66,Wholesale,Retail,1.05
ORD-00197697,2023-01-28,Region 05,598,Apparel,T-Shirt,3,80.61,253.92,Enterprise,Wholesale,1.05
ORD-00181920,2023-01-29,Region 18,480,Home,Blender,16,195.29,3280.87,Enterprise,Wholesale,1.05
ORD-00165459,2023-01-29,Region 28,394,Books,Textbook,11,31.93,368.79,SMB,Wholesale,1.05
ORD-00423048,2023-01-29,Region 27,439,Grocery,Coffee,14,18.17,267.1,SMB,Retail,1.05
ORD-00211586,2023-01-29,Region 38,566,Electronics,Headphones,8,375.08,3150.67,Enterprise,Wholesale,1.05
ORD-00627557,2023-01-29,Region 36,404,Beauty,Serum,14,41.04,603.29,Retail,Wholesale,1.05
ORD-00812751,2023-01-29,Region 32,309,Sports,Dumbbells,13,72.36,987.71,Enterprise,Wholesale,1.05
ORD-00774467,2023-01-29,Region 52,386,Toys,Board Game,6,45.9,289.17,Retail,Online Store,1.05
ORD-00300932,2023-01-30,Region 33,597,Electronics,Headphones,10,535.79,5625.8,Enterprise,Online Store,1.05
ORD-00904743,2023-01-30,Region 03,491,Apparel,Jacket,9,42.02,397.09,SMB,Retail,1.05
ORD-00294616,2023-01-30,Region 10,244,Home,Blender,15,162.29,2556.07,Wholesale,Retail,1.05
ORD-00177309,2023-01-31,Region 18,302,Beauty,Serum,2,27.24,57.2,Retail,Online Store,1.05
ORD-00782904,2023-01-31,Region 19,199,Electronics,Laptop,8,525.2,4411.68,Retail,Retail,1.05
ORD-00108091,2023-01-31,Region 14,129,Apparel,Jacket,8,53.94,453.1,Wholesale,Online Store,1.05
ORD-00606637,2023-01-31,Region 16,120,Beauty,Lipstick,10,31.45,330.22,Wholesale,Wholesale,1.05
ORD-00850660,2023-02-01,Region 53,211,Toys,Board Game,14,37.78,555.37,Enterprise,Wholesale,1.05
ORD-00146244,2023-02-01,Region 28,119,Grocery,Coffee,8,19.96,167.66,Enterprise,Wholesale,1.05
ORD-00040907,2023-02-01,Region 48,509,Books,Novel,11,30.74,355.05,Wholesale,Wholesale,1.05
ORD-00570266,2023-02-01,Region 40,22,Apparel,T-Shirt,8,66.25,556.5,SMB,Wholesale,1.05
ORD-00368119,2023-02-01,Region 10,43,Electronics,Laptop,9,598.6,5656.77,Retail,Wholesale,1.05
ORD-00185424,2023-02-01,Region 44,517,Toys,Puzzle,8,39.14,328.78,Enterprise,Online Store,1.05
ORD-00343773,2023-02-01,Region 29,229,Apparel,Sneakers,6,43.84,276.19,Retail,Wholesale,1.05
ORD-00442622,2023-02-02,Region 24,59,Sports,Treadmill,6,100.63,633.97,SMB,Retail,1.05
ORD-00440979,2023-02-03,Region 07,131,Electronics,Headphones,6,668.46,4211.3,Enterprise,Retail,1.05
ORD-00913610,2023-02-03,Region 07,292,Grocery,Milk Powder,12,18.85,237.51,SMB,Wholesale,1.05
ORD-00623328,2023-02-03,Region 53,464,Electronics,Headphones,3,575.5,1812.82,Retail,Retail,1.05
ORD-00701771,2023-02-04,Region 55,242,Grocery,Cooking Oil,10,20.49,215.14,Retail,Retail,1.05
ORD-00846761,2023-02-04,Region 36,497,Books,Novel,14,18.04,265.19,Enterprise,Retail,1.05
ORD-00036086,2023-02-04,Region 08,158,Home,Lamp,16,159.51,2679.77,SMB,Retail,1.05
ORD-00684487,2023-02-04,Region 02,173,Home,Lamp,16,182.06,3058.61,Wholesale,Wholesale,1.05
ORD-00022426,2023-02-04,Region 01,217,Home,Curtains,15,202.37,3187.33,Enterprise,Wholesale,1.05
ORD-00070073,2023-02-04,Region 12,36,Apparel,Sneakers,4,48.64,204.29,Retail,Wholesale,1.05
ORD-00592355,2023-02-04,Region 40,211,Apparel,Jacket,14,82.2,1208.34,SMB,Retail,1.05
ORD-00218060,2023-02-04,Region 50,571,Grocery,Milk Powder,2,20.46,42.97,Wholesale,Wholesale,1.05
ORD-00016487,2023-02-04,Region 12,591,Books,Journal,10,32.1,337.05,Wholesale,Retail,1.05
ORD-00520212,2023-02-05,Region 21,535,Home,Blender,9,199.95,1889.53,Enterprise,Online Store,1.05
ORD-00884148,2023-02-05,Region 51,300,Books,Journal,7,18.35,134.87,Retail,Wholesale,1.05
ORD-00373346,2023-02-05,Region 45,162,Electronics,Laptop,1,387.98,407.38,Enterprise,Wholesale,1.05
ORD-00577318,2023-02-05,Region 29,72,Grocery,Coffee,4,21.07,88.49,SMB,Retail,1.05
ORD-00096376,2023-02-05,Region 40,485,Books,Journal,15,23.56,371.07,Retail,Online Store,1.05
ORD-00129818,2023-02-05,Region 07,364,Home,Curtains,19,143.52,2863.22,Wholesale,Wholesale,1.05
ORD-00106078,2023-02-06,Region 03,451,Sports,Yoga Mat,6,93.97,592.01,Retail,Retail,1.05
ORD-00040261,2023-02-06,Region 17,463,Sports,Water Bottle,7,103.14,758.08,Retail,Retail,1.05
ORD-00951814,2023-02-06,Region 52,145,Beauty,Moisturizer,6,48.25,303.98,Enterprise,Wholesale,1.05
ORD-00214627,2023-02-06,Region 37,146,Grocery,Cooking Oil,18,18.85,356.27,Wholesale,Online Store,1.05
ORD-00471883,2023-02-07,Region 39,175,Beauty,Lipstick,1,41.14,43.2,Wholesale,Online Store,1.05
ORD-00767455,2023-02-07,Region 10,476,Apparel,T-Shirt,19,47.74,952.41,SMB,Retail,1.05
ORD-00470773,2023-02-07,Region 33,138,Apparel,Jacket,7,55.5,407.92,Wholesale,Online Store,1.05
ORD-00182431,2023-02-08,Region 11,585,Books,Cookbook,10,18.62,195.51,Enterprise,Retail,1.05
ORD-00372877,2023-02-08,Region 37,487,Electronics,Laptop,19,691.61,13797.62,Retail,Wholesale,1.05
ORD-00270996,2023-02-08,Region 10,468,Apparel,Sneakers,2,59.28,124.49,Retail,Wholesale,1.05
ORD-00535944,2023-02-08,Region 07,380,Beauty,Moisturizer,11,34.28,395.93,Enterprise,Retail,1.05
ORD-00620298,2023-02-09,Region 35,310,Grocery,Cooking Oil,14,26.36,387.49,SMB,Retail,1.05
ORD-00499415,2023-02-09,Region 35,224,Toys,Building Blocks,19,51.22,1021.84,SMB,Wholesale,1.05
ORD-00208699,2023-02-09,Region 43,306,Beauty,Serum,1,31.87,33.46,Retail,Wholesale,1.05
ORD-00405715,2023-02-09,Region 10,102,Apparel,Jeans,17,71.3,1272.7,Retail,Retail,1.05
ORD-00474811,2023-02-09,Region 12,599,Beauty,Lipstick,1,33.04,34.69,Wholesale,Retail,1.05
ORD-00511186,2023-02-10,Region 24,19,Beauty,Shampoo,12,47.76,601.78,Enterprise,Retail,1.05
ORD-00283999,2023-02-10,Region 23,109,Beauty,Serum,5,27.4,143.85,SMB,Online Store,1.05
ORD-00727184,2023-02-10,Region 09,581,Apparel,Jacket,5,45.27,237.67,SMB,Wholesale,1.05
ORD-00203165,2023-02-10,Region 32,515,Electronics,Headphones,14,374.64,5507.21,SMB,Wholesale,1.05
ORD-00449866,2023-02-11,Region 04,207,Beauty,Moisturizer,14,44.55,654.88,SMB,Retail,1.05
ORD-00100683,2023-02-11,Region 09,571,Home,Curtains,4,176.47,741.17,Retail,Online Store,1.05
ORD-00507950,2023-02-11,Region 44,294,Toys,Building Blocks,8,52.65,442.26,Enterprise,Wholesale,1.05
ORD-00361512,2023-02-11,Region 32,330,Grocery,Milk Powder,6,14.25,89.78,SMB,Wholesale,1.05
ORD-00284207,2023-02-12,Region 07,63,Toys,Action Figure,11,37.05,427.93,SMB,Online Store,1.05
ORD-00947163,2023-02-12,Region 10,93,Beauty,Lipstick,5,32.99,173.2,Retail,Retail,1.05
ORD-00630599,2023-02-12,Region 46,150,Beauty,Moisturizer,17,45.0,803.25,Wholesale,Wholesale,1.05
ORD-00435533,2023-02-12,Region 26,556,Beauty,Shampoo,7,43.61,320.53,Enterprise,Retail,1.05
ORD-00857348,2023-02-12,Region 03,181,Grocery,Milk Powder,8,20.43,171.61,SMB,Wholesale,1.05
ORD-00814925,2023-02-12,Region 39,485,Apparel,Sneakers,16,67.22,1129.3,Wholesale,Wholesale,1.05
ORD-00782888,2023-02-12,Region 44,409,Electronics,Headphones,13,679.6,9276.54,Wholesale,Retail,1.05
ORD-00180721,2023-02-12,Region 49,42,Sports,Dumbbells,14,98.04,1441.19,Enterprise,Wholesale,1.05
ORD-00195419,2023-02-12,Region 22,31,Grocery,Coffee,15,17.92,282.24,Wholesale,Online Store,1.05
ORD-00521074,2023-02-13,Region 43,313,Apparel,Jeans,11,81.47,940.98,Enterprise,Online Store,1.05
ORD-00195410,2023-02-13,Region 19,15,Electronics,Tablet,2,409.29,859.51,Enterprise,Wholesale,1.05
ORD-00674600,2023-02-13,Region 04,387,Books,Novel,1,33.1,34.76,SMB,Wholesale,1.05
ORD-00298191,2023-02-13,Region 43,294,Grocery,Cooking Oil,12,27.44,345.74,SMB,Retail,1.05
ORD-00062390,2023-02-14,Region 40,458,Books,Journal,16,31.97,537.1,Wholesale,Wholesale,1.05
ORD-00250556,2023-02-14,Region 47,449,Toys,Puzzle,9,28.56,269.89,Wholesale,Retail,1.05
ORD-00896987,2023-02-14,Region 43,358,Home,Lamp,8,113.26,951.38,Retail,Wholesale,1.05
ORD-00853850,2023-02-14,Region 18,551,Grocery,Coffee,8,19.4,162.96,Retail,Wholesale,1.05
ORD-00943368,2023-02-14,Region 21,409,Books,Journal,9,32.62,308.26,Wholesale,Wholesale,1.05
ORD-00751295,2023-02-14,Region 25,270,Toys,Puzzle,4,39.44,165.65,Enterprise,Retail,1.05
ORD-00379911,2023-02-14,Region 29,157,Sports,Treadmill,3,59.6,187.74,SMB,Retail,1.05
ORD-00267417,2023-02-14,Region 34,239,Grocery,Cooking Oil,8,18.28,153.55,Wholesale,Online Store,1.05
ORD-00168049,2023-02-14,Region 16,270,Home,Lamp,20,198.41,4166.61,Retail,Retail,1.05
ORD-00396638,2023-02-15,Region 49,287,Toys,Puzzle,12,41.98,528.95,Retail,Online Store,1.05
ORD-00165741,2023-02-15,Region 11,502,Sports,Yoga Mat,7,74.65,548.68,Retail,Online Store,1.05
ORD-00275108,2023-02-15,Region 29,491,Books,Journal,19,31.47,627.83,Wholesale,Wholesale,1.05
ORD-00565742,2023-02-15,Region 40,270,Sports,Dumbbells,17,69.44,1239.5,Wholesale,Wholesale,1.05
ORD-00045678,2023-02-15,Region 02,432,Electronics,Laptop,3,566.64,1784.92,Retail,Wholesale,1.05
ORD-00181265,2023-02-16,Region 18,361,Electronics,Laptop,11,382.06,4412.79,Wholesale,Retail,1.05
ORD-00631325,2023-02-16,Region 23,189,Sports,Water Bottle,2,90.54,190.13,Retail,Wholesale,1.05
ORD-00057393,2023-02-17,Region 37,215,Toys,Building Blocks,2,52.02,109.24,Wholesale,Retail,1.05
ORD-00204139,2023-02-17,Region 46,70,Home,Lamp,13,206.5,2818.72,SMB,Retail,1.05
ORD-00359709,2023-02-17,Region 01,554,Apparel,Jeans,15,66.49,1047.22,SMB,Wholesale,1.05
ORD-00428199,2023-02-17,Region 09,521,Beauty,Moisturizer,1,43.51,45.69,SMB,Retail,1.05
ORD-00108112,2023-02-18,Region 47,256,Apparel,T-Shirt,18,79.16,1496.12,Retail,Wholesale,1.05
ORD-00865946,2023-02-18,Region 19,20,Sports,Dumbbells,19,68.97,1375.95,Enterprise,Retail,1.05
ORD-00066336,2023-02-18,Region 05,479,Beauty,Moisturizer,13,29.2,398.58,SMB,Retail,1.05
ORD-00846987,2023-02-18,Region 31,415,Books,Textbook,15,31.14,490.46,SMB,Wholesale,1.05
ORD-00652486,2023-02-18,Region 29,128,Books,Textbook,7,28.26,207.71,Enterprise,Retail,1.05
ORD-00710544,2023-02-18,Region 42,187,Home,Curtains,4,151.29,635.42,SMB,Online Store,1.05
ORD-00032826,2023-02-19,Region 12,263,Sports,Treadmill,3,106.8,336.42,Wholesale,Online Store,1.05
ORD-00403632,2023-02-20,Region 40,368,Home,Lamp,14,141.16,2075.05,Enterprise,Retail,1.05
ORD-00420798,2023-02-20,Region 38,274,Home,Blender,14,187.51,2756.4,Retail,Retail,1.05
ORD-00220155,2023-02-20,Region 53,493,Electronics,Laptop,2,383.36,805.06,Enterprise,Wholesale,1.05
ORD-00366920,2023-02-20,Region 47,42,Beauty,Serum,2,32.27,67.77,Enterprise,Wholesale,1.05
ORD-00427260,2023-02-20,Region 30,534,Apparel,Jacket,11,42.25,487.99,Retail,Retail,1.05
ORD-00049982,2023-02-20,Region 37,243,Books,Novel,1,34.36,36.08,Wholesale,Online Store,1.05
ORD-00675533,2023-02-21,Region 23,575,Books,Journal,15,30.48,480.06,Wholesale,Retail,1.05
ORD-00726695,2023-02-21,Region 20,122,Sports,Dumbbells,19,110.53,2205.07,SMB,Retail,1.05
ORD-00223534,2023-02-21,Region 25,221,Sports,Dumbbells,9,75.66,714.99,Wholesale,Online Store,1.05
ORD-00526407,2023-02-21,Region 14,411,Sports,Dumbbells,10,78.27,821.83,Enterprise,Online Store,1.05
ORD-00324512,2023-02-21,Region 20,386,Sports,Dumbbells,18,77.03,1455.87,Enterprise,Online Store,1.05
ORD-00659583,2023-02-21,Region 52,475,Toys,Board Game,3,55.35,174.35,SMB,Retail,1.05
ORD-00999592,2023-02-22,Region 11,582,Electronics,Smartphone,3,545.83,1719.36,SMB,Wholesale,1.05
ORD-00740114,2023-02-22,Region 01,587,Home,Lamp,7,170.32,1251.85,SMB,Online Store,1.05
ORD-00814264,2023-02-22,Region 51,37,Beauty,Serum,13,30.57,417.28,SMB,Online Store,1.05
ORD-00192817,2023-02-22,Region 18,320,Beauty,Moisturizer,4,37.71,158.38,Retail,Online Store,1.05
ORD-00295820,2023-02-22,Region 17,461,Sports,Treadmill,20,88.49,1858.29,Wholesale,Online Store,1.05
ORD-00618547,2023-02-22,Region 13,283,Books,Novel,1,21.68,22.76,Retail,Retail,1.05
ORD-00394957,2023-02-22,Region 16,300,Apparel,Jacket,19,64.81,1292.96,Enterprise,Retail,1.05
ORD-00469703,2023-02-23,Region 51,238,Beauty,Shampoo,19,27.05,539.65,Wholesale,Retail,1.05
ORD-00723047,2023-02-23,Region 26,562,Beauty,Shampoo,7,28.85,212.05,Wholesale,Online Store,1.05
ORD-00826660,2023-02-23,Region 48,425,Books,Cookbook,18,31.33,592.14,Retail,Wholesale,1.05
ORD-00582946,2023-02-23,Region 08,319,Books,Cookbook,18,26.48,500.47,Retail,Wholesale,1.05
ORD-00475277,2023-02-23,Region 05,235,Books,Textbook,12,30.78,387.83,SMB,Retail,1.05
ORD-00513362,2023-02-24,Region 07,583,Home,Lamp,9,175.64,1659.8,SMB,Online Store,1.05
ORD-00033224,2023-02-24,Region 28,62,Beauty,Shampoo,5,48.74,255.89,Enterprise,Online Store,1.05
ORD-00252026,2023-02-25,Region 46,379,Books,Textbook,10,29.11,305.66,Retail,Retail,1.05
ORD-00292631,2023-02-25,Region 16,371,Books,Novel,13,27.25,371.96,Retail,Online Store,1.05
ORD-00888744,2023-02-26,Region 41,588,Apparel,Jacket,5,80.48,422.52,Wholesale,Wholesale,1.05
ORD-00844810,2023-02-26,Region 05,387,Toys,Board Game,14,51.91,763.08,Enterprise,Online Store,1.05
ORD-00265973,2023-02-26,Region 32,309,Beauty,Serum,20,43.94,922.74,SMB,Retail,1.05
ORD-00382315,2023-02-27,Region 06,143,Electronics,Smartphone,2,525.52,1103.59,Wholesale,Online Store,1.05
ORD-00827188,2023-02-27,Region 21,144,Apparel,Jeans,16,74.54,1252.27,SMB,Online Store,1.05
ORD-00818897,2023-02-27,Region 23,378,Sports,Water Bottle,2,63.99,134.38,SMB,Wholesale,1.05
ORD-00277865,2023-02-27,Region 24,107,Home,Sofa,6,199.23,1255.15,Enterprise,Online Store,1.05
ORD-00224870,2023-02-28,Region 06,102,Home,Sofa,12,153.39,1932.71,SMB,Retail,1.05
ORD-00416225,2023-02-28,Region 29,156,Home,Sofa,7,185.55,1363.79,Retail,Retail,1.05
ORD-00776116,2023-02-28,Region 20,195,Beauty,Lipstick,2,46.59,97.84,Enterprise,Wholesale,1.05
ORD-00945333,2023-02-28,Region 46,114,Electronics,Headphones,15,403.88,6361.11,Enterprise,Retail,1.05
ORD-00148484,2023-02-28,Region 24,495,Toys,Board Game,10,31.23,327.92,SMB,Wholesale,1.05
ORD-00925698,2023-02-28,Region 23,440,Sports,Dumbbells,19,80.75,1610.96,Retail,Retail,1.05
ORD-00047422,2023-02-28,Region 31,9,Grocery,Cooking Oil,2,23.12,48.55,SMB,Wholesale,1.05
ORD-00812326,2023-03-01,Region 17,156,Apparel,T-Shirt,17,53.83,960.87,Enterprise,Wholesale,1.05
ORD-00068977,2023-03-01,Region 19,577,Home,Sofa,6,180.51,1137.21,Wholesale,Retail,1.05
ORD-00533844,2023-03-01,Region 17,356,Electronics,Laptop,19,604.29,12055.59,Enterprise,Online Store,1.05
ORD-00082460,2023-03-01,Region 46,491,Beauty,Shampoo,16,35.49,596.23,SMB,Retail,1.05
ORD-00281784,2023-03-01,Region 13,10,Books,Novel,20,25.33,531.93,Enterprise,Wholesale,1.05
ORD-00604130,2023-03-02,Region 09,23,Beauty,Lipstick,9,34.42,325.27,Retail,Wholesale,1.05
ORD-00717430,2023-03-02,Region 09,26,Grocery,Cooking Oil,14,23.45,344.72,Wholesale,Wholesale,1.05
ORD-00419931,2023-03-02,Region 04,347,Books,Novel,1,28.69,30.12,Retail,Wholesale,1.05
ORD-00179232,2023-03-02,Region 25,17,Home,Sofa,20,105.99,2225.79,Retail,Retail,1.05
ORD-00496375,2023-03-02,Region 18,569,Beauty,Serum,13,32.04,437.35,SMB,Retail,1.05
ORD-00570582,2023-03-02,Region 33,213,Grocery,Cooking Oil,16,16.07,269.98,Retail,Wholesale,1.05
ORD-00837523,2023-03-02,Region 39,506,Home,Lamp,4,169.0,709.8,Wholesale,Online Store,1.05
ORD-00811075,2023-03-03,Region 06,372,Electronics,Laptop,13,500.3,6829.1,SMB,Wholesale,1.05
ORD-00210484,2023-03-03,Region 26,434,Beauty,Lipstick,18,24.62,465.32,Retail,Retail,1.05
ORD-00385892,2023-03-04,Region 55,256,Books,Cookbook,4,28.1,118.02,SMB,Wholesale,1.05
ORD-00872614,2023-03-04,Region 35,507,Apparel,T-Shirt,2,48.41,101.66,SMB,Retail,1.05
ORD-00704935,2023-03-04,Region 25,74,Beauty,Lipstick,6,29.39,185.16,Wholesale,Online Store,1.05
ORD-00437101,2023-03-04,Region 49,324,Home,Blender,4,142.82,599.84,SMB,Wholesale,1.05
ORD-00746689,2023-03-05,Region 29,165,Books,Novel,16,25.74,432.43,Retail,Online Store,1.05
ORD-00312923,2023-03-05,Region 44,15,Beauty,Shampoo,17,26.13,466.42,SMB,Retail,1.05
ORD-00338211,2023-03-06,Region 20,260,Electronics,Laptop,12,514.22,6479.17,Retail,Wholesale,1.05
ORD-00001172,2023-03-06,Region 02,412,Home,Curtains,12,184.38,2323.19,SMB,Online Store,1.05
ORD-00250950,2023-03-06,Region 02,137,Beauty,Shampoo,15,47.58,749.38,SMB,Online Store,1.05
ORD-00233492,2023-03-06,Region 51,334,Books,Novel,8,18.76,157.58,Retail,Online Store,1.05
ORD-00606335,2023-03-06,Region 30,348,Apparel,T-Shirt,5,52.53,275.78,SMB,Online Store,1.05
ORD-00715454,2023-03-07,Region 53,66,Beauty,Shampoo,5,43.31,227.38,Wholesale,Retail,1.05
ORD-00732690,2023-03-07,Region 44,508,Beauty,Serum,6,31.75,200.02,Retail,Wholesale,1.05
ORD-00466663,2023-03-07,Region 46,277,Books,Journal,12,24.51,308.83,Retail,Online Store,1.05
ORD-00858828,2023-03-07,Region 27,220,Sports,Treadmill,8,69.2,581.28,SMB,Online Store,1.05
ORD-00444521,2023-03-08,Region 43,424,Apparel,Jacket,8,64.06,538.1,Wholesale,Online Store,1.05
ORD-00935025,2023-03-08,Region 08,124,Grocery,Coffee,14,23.95,352.07,Retail,Retail,1.05
ORD-00115846,2023-03-08,Region 33,161,Beauty,Lipstick,7,32.26,237.11,SMB,Retail,1.05
ORD-00178661,2023-03-08,Region 21,552,Sports,Treadmill,14,83.63,1229.36,SMB,Wholesale,1.05
ORD-00794146,2023-03-09,Region 12,587,Books,Textbook,20,19.51,409.71,Enterprise,Retail,1.05
ORD-00365975,2023-03-09,Region 47,238,Toys,Board Game,8,35.93,301.81,Enterprise,Online Store,1.05
ORD-00184040,2023-03-09,Region 10,450,Apparel,T-Shirt,6,72.84,458.89,Enterprise,Retail,1.05
ORD-00287617,2023-03-09,Region 48,10,Apparel,Jeans,6,56.79,357.78,Wholesale,Retail,1.05
ORD-00979686,2023-03-10,Region 18,90,Toys,Puzzle,5,38.8,203.7,Enterprise,Retail,1.05
ORD-00630214,2023-03-10,Region 54,435,Electronics,Headphones,5,459.02,2409.86,SMB,Wholesale,1.05
ORD-00375175,2023-03-10,Region 07,460,Apparel,T-Shirt,19,50.58,1009.07,Wholesale,Retail,1.05
ORD-00897247,2023-03-10,Region 11,337,Books,Cookbook,17,23.83,425.37,Enterprise,Online Store,1.05
ORD-00727558,2023-03-10,Region 47,310,Sports,Dumbbells,7,75.2,552.72,Retail,Wholesale,1.05
ORD-00347857,2023-03-11,Region 28,414,Toys,Action Figure,13,46.23,631.04,Retail,Online Store,1.05
ORD-00097461,2023-03-11,Region 09,461,Toys,Building Blocks,1,35.24,37.0,Wholesale,Wholesale,1.05
ORD-00771771,2023-03-11,Region 36,401,Sports,Yoga Mat,18,76.79,1451.33,Enterprise,Wholesale,1.05
ORD-00336718,2023-03-11,Region 27,20,Toys,Action Figure,8,45.7,383.88,Retail,Online Store,1.05
ORD-00576443,2023-03-11,Region 32,184,Sports,Yoga Mat,17,94.37,1684.5,Wholesale,Retail,1.05
ORD-00689411,2023-03-12,Region 24,246,Sports,Dumbbells,20,70.57,1481.97,SMB,Online Store,1.05
ORD-00865359,2023-03-12,Region 15,63,Sports,Treadmill,13,82.86,1131.04,Enterprise,Online Store,1.05
ORD-00115123,2023-03-12,Region 52,89,Books,Textbook,18,23.68,447.55,Wholesale,Retail,1.05
ORD-00185913,2023-03-12,Region 27,56,Electronics,Tablet,4,568.14,2386.19,SMB,Retail,1.05
ORD-00980294,2023-03-12,Region 17,210,Books,Journal,7,26.61,195.58,Retail,Retail,1.05
ORD-00800146,2023-03-12,Region 03,544,Beauty,Shampoo,1,48.23,50.64,Enterprise,Retail,1.05
ORD-00022538,2023-03-12,Region 36,448,Apparel,T-Shirt,18,45.2,854.28,Enterprise,Wholesale,1.05
ORD-00861310,2023-03-13,Region 26,571,Electronics,Smartphone,7,683.44,5023.28,Enterprise,Retail,1.05
ORD-00938188,2023-03-13,Region 46,499,Electronics,Tablet,3,644.73,2030.9,SMB,Retail,1.05
ORD-00585984,2023-03-13,Region 46,12,Home,Lamp,5,139.6,732.9,SMB,Wholesale,1.05
ORD-00326075,2023-03-13,Region 22,441,Toys,Building Blocks,8,53.37,448.31,Enterprise,Online Store,1.05
ORD-00066742,2023-03-13,Region 45,515,Beauty,Lipstick,11,36.38,420.19,Enterprise,Wholesale,1.05
ORD-00636927,2023-03-13,Region 37,206,Beauty,Lipstick,3,39.84,125.5,Wholesale,Online Store,1.05
ORD-00439180,2023-03-13,Region 45,577,Books,Textbook,20,21.08,442.68,Wholesale,Online Store,1.05
ORD-00647359,2023-03-13,Region 17,100,Sports,Treadmill,3,108.81,342.75,Wholesale,Retail,1.05
ORD-00128964,2023-03-14,Region 46,206,Electronics,Tablet,5,458.42,2406.7,SMB,Online Store,1.05
ORD-00673809,2023-03-14,Region 19,411,Apparel,Sneakers,15,67.88,1069.11,Retail,Wholesale,1.05
ORD-00030613,2023-03-14,Region 16,183,Beauty,Moisturizer,5,28.33,148.73,Wholesale,Online Store,1.05
ORD-00597501,2023-03-14,Region 25,75,Sports,Treadmill,17,102.74,1833.91,Retail,Wholesale,1.05
ORD-00580382,2023-03-14,Region 12,331,Sports,Dumbbells,6,90.64,571.03,Enterprise,Wholesale,1.05
ORD-00250812,2023-03-14,Region 34,65,Electronics,Laptop,19,366.57,7313.07,Retail,Online Store,1.05
ORD-00169122,2023-03-15,Region 33,276,Apparel,Jacket,11,50.25,580.39,Retail,Wholesale,1.05
ORD-00803048,2023-03-15,Region 51,139,Apparel,T-Shirt,12,53.38,672.59,SMB,Online Store,1.05
ORD-00904985,2023-03-15,Region 32,578,Beauty,Serum,2,27.87,58.53,Enterprise,Wholesale,1.05
ORD-00456769,2023-03-15,Region 39,87,Home,Blender,12,161.3,2032.38,Enterprise,Retail,1.05
ORD-00939287,2023-03-15,Region 14,420,Home,Sofa,5,109.56,575.19,SMB,Wholesale,1.05
ORD-00506446,2023-03-15,Region 51,185,Home,Blender,10,156.37,1641.89,Wholesale,Online Store,1.05
ORD-00115771,2023-03-15,Region 06,239,Books,Textbook,2,19.66,41.29,Retail,Wholesale,1.05
ORD-00221876,2023-03-15,Region 27,500,Beauty,Lipstick,4,48.8,204.96,Enterprise,Wholesale,1.05
ORD-00031718,2023-03-15,Region 36,266,Apparel,T-Shirt,13,44.93,613.29,Enterprise,Wholesale,1.05
ORD-00333585,2023-03-16,Region 08,560,Electronics,Tablet,18,697.45,13181.8,Enterprise,Retail,1.05
ORD-00708091,2023-03-16,Region 32,249,Toys,Board Game,16,45.49,764.23,Retail,Wholesale,1.05
ORD-00885300,2023-03-16,Region 47,437,Beauty,Lipstick,8,46.69,392.2,Enterprise,Wholesale,1.05
ORD-00027112,2023-03-16,Region 14,545,Apparel,Jeans,17,80.38,1434.78,Wholesale,Online Store,1.05
ORD-00689948,2023-03-16,Region 38,437,Apparel,Sneakers,7,69.1,507.88,SMB,Retail,1.05
ORD-00326819,2023-03-17,Region 12,348,Home,Lamp,13,190.98,2606.88,Wholesale,Online Store,1.05
ORD-00677814,2023-03-17,Region 46,48,Electronics,Headphones,19,660.86,13184.16,Enterprise,Retail,1.05
ORD-00332989,2023-03-17,Region 53,428,Electronics,Headphones,16,426.07,7157.98,Wholesale,Retail,1.05
ORD-00911166,2023-03-17,Region 45,455,Books,Cookbook,13,25.02,341.52,Wholesale,Online Store,1.05
ORD-00674942,2023-03-17,Region 27,588,Beauty,Moisturizer,1,32.48,34.1,SMB,Retail,1.05
ORD-00531515,2023-03-17,Region 53,110,Beauty,Serum,13,38.64,527.44,Wholesale,Wholesale,1.05
ORD-00396894,2023-03-17,Region 35,461,Home,Blender,17,148.18,2645.01,Enterprise,Online Store,1.05
ORD-00756341,2023-03-17,Region 49,29,Electronics,Laptop,15,585.51,9221.78,Enterprise,Wholesale,1.05
ORD-00406072,2023-03-18,Region 55,250,Beauty,Serum,18,37.84,715.18,SMB,Retail,1.05
ORD-00274480,2023-03-18,Region 02,188,Books,Textbook,8,30.4,255.36,SMB,Wholesale,1.05
ORD-00218093,2023-03-18,Region 27,295,Home,Lamp,13,166.16,2268.08,Wholesale,Online Store,1.05
ORD-00683091,2023-03-18,Region 55,315,Apparel,Sneakers,13,52.96,722.9,Wholesale,Retail,1.05
ORD-00069321,2023-03-19,Region 10,357,Electronics,Headphones,1,362.5,380.62,Retail,Online Store,1.05
ORD-00088292,2023-03-19,Region 14,122,Toys,Building Blocks,8,42.05,353.22,Retail,Wholesale,1.05
ORD-00399630,2023-03-19,Region 52,513,Home,Blender,6,105.99,667.74,Enterprise,Retail,1.05
ORD-00026289,2023-03-19,Region 49,154,Apparel,Jacket,9,68.9,651.1,Enterprise,Online Store,1.05
ORD-00048358,2023-03-19,Region 42,441,Books,Journal,2,31.33,65.79,Retail,Retail,1.05
ORD-00628847,2023-03-20,Region 07,376,Home,Sofa,2,191.1,401.31,SMB,Wholesale,1.05
ORD-00211635,2023-03-20,Region 28,471,Electronics,Tablet,19,676.69,13499.97,Retail,Online Store,1.05
ORD-00382360,2023-03-20,Region 33,595,Books,Novel,16,19.57,328.78,Enterprise,Wholesale,1.05
ORD-00265613,2023-03-20,Region 32,534,Home,Curtains,13,162.61,2219.63,Wholesale,Online Store,1.05
ORD-00479632,2023-03-20,Region 55,184,Electronics,Smartphone,10,588.11,6175.16,Wholesale,Retail,1.05
ORD-00431712,2023-03-21,Region 41,305,Electronics,Smartphone,14,615.69,9050.64,Wholesale,Online Store,1.05
ORD-00023285,2023-03-21,Region 09,319,Sports,Dumbbells,13,111.43,1521.02,Retail,Online Store,1.05
ORD-00781698,2023-03-21,Region 55,352,Beauty,Moisturizer,4,34.93,146.71,Wholesale,Online Store,1.05
ORD-00325489,2023-03-22,Region 23,488,Grocery,Coffee,4,14.38,60.4,Retail,Retail,1.05
ORD-00103641,2023-03-22,Region 21,195,Apparel,Sneakers,7,49.89,366.69,Enterprise,Wholesale,1.05
ORD-00770256,2023-03-22,Region 20,452,Electronics,Headphones,4,350.47,1471.97,Retail,Retail,1.05
ORD-00070755,2023-03-22,Region 44,92,Books,Novel,16,20.06,337.01,Retail,Retail,1.05
ORD-00192553,2023-03-22,Region 44,375,Home,Curtains,7,120.69,887.07,SMB,Online Store,1.05
ORD-00568228,2023-03-23,Region 29,351,Grocery,Rice,9,16.09,152.05,SMB,Online Store,1.05
ORD-00093876,2023-03-23,Region 05,46,Books,Textbook,19,18.26,364.29,Retail,Online Store,1.05
ORD-00256147,2023-03-23,Region 01,62,Grocery,Coffee,4,18.03,75.73,SMB,Wholesale,1.05
ORD-00207645,2023-03-23,Region 43,132,Beauty,Lipstick,19,30.75,613.46,Enterprise,Wholesale,1.05
ORD-00363499,2023-03-23,Region 37,457,Home,Lamp,7,184.7,1357.54,Retail,Online Store,1.05
ORD-00735052,2023-03-23,Region 08,361,Sports,Treadmill,18,89.96,1700.24,Wholesale,Online Store,1.05
ORD-00477902,2023-03-24,Region 08,403,Sports,Dumbbells,1,96.97,101.82,Wholesale,Wholesale,1.05
ORD-00798764,2023-03-24,Region 55,302,Home,Curtains,17,165.99,2962.92,SMB,Online Store,1.05
ORD-00475205,2023-03-24,Region 20,267,Grocery,Cooking Oil,9,17.96,169.72,Enterprise,Wholesale,1.05
ORD-00966337,2023-03-24,Region 07,424,Grocery,Cooking Oil,7,23.44,172.28,Enterprise,Wholesale,1.05
ORD-00338277,2023-03-24,Region 45,370,Books,Cookbook,11,23.12,267.04,Wholesale,Wholesale,1.05
ORD-00911255,2023-03-24,Region 29,397,Electronics,Smartphone,5,520.72,2733.78,Retail,Wholesale,1.05
ORD-00877247,2023-03-24,Region 36,216,Grocery,Cooking Oil,20,27.24,572.04,Wholesale,Online Store,1.05
ORD-00302997,2023-03-24,Region 18,357,Electronics,Laptop,7,655.6,4818.66,SMB,Wholesale,1.05
ORD-00912680,2023-03-24,Region 36,232,Beauty,Moisturizer,10,31.26,328.23,Retail,Retail,1.05
ORD-00813425,2023-03-24,Region 41,432,Electronics,Headphones,4,543.38,2282.2,Retail,Retail,1.05
ORD-00284869,2023-03-24,Region 07,397,Toys,Board Game,15,51.77,815.38,Enterprise,Retail,1.05
ORD-00409239,2023-03-24,Region 30,395,Grocery,Milk Powder,15,27.39,431.39,Wholesale,Retail,1.05
ORD-00001687,2023-03-24,Region 42,88,Sports,Water Bottle,3,74.78,235.56,Enterprise,Retail,1.05
ORD-00114135,2023-03-25,Region 11,48,Toys,Board Game,5,41.99,220.45,SMB,Retail,1.05
ORD-00518900,2023-03-25,Region 41,417,Toys,Building Blocks,2,30.88,64.85,Retail,Wholesale,1.05
ORD-00376872,2023-03-25,Region 41,448,Electronics,Smartphone,2,406.97,854.64,SMB,Wholesale,1.05
ORD-00894770,2023-03-25,Region 22,553,Beauty,Serum,12,45.14,568.76,Wholesale,Retail,1.05
ORD-00972098,2023-03-26,Region 38,399,Sports,Treadmill,2,82.97,174.24,Retail,Online Store,1.05
ORD-00992545,2023-03-26,Region 54,73,Sports,Yoga Mat,16,106.94,1796.59,SMB,Online Store,1.05
ORD-00733995,2023-03-26,Region 33,205,Apparel,T-Shirt,16,58.59,984.31,Wholesale,Wholesale,1.05
ORD-00631405,2023-03-26,Region 49,70,Apparel,Jacket,17,51.93,926.95,SMB,Online Store,1.05
ORD-00852398,2023-03-26,Region 18,483,Home,Lamp,1,198.29,208.2,Retail,Retail,1.05
ORD-00472257,2023-03-27,Region 51,480,Sports,Treadmill,7,70.41,517.51,Enterprise,Wholesale,1.05
ORD-00892655,2023-03-27,Region 53,117,Apparel,Jacket,1,65.52,68.8,Retail,Retail,1.05
ORD-00563628,2023-03-27,Region 23,231,Grocery,Cooking Oil,11,21.42,247.4,Enterprise,Online Store,1.05
ORD-00043195,2023-03-27,Region 06,260,Grocery,Milk Powder,11,19.55,225.8,Wholesale,Online Store,1.05
ORD-00052402,2023-03-27,Region 25,439,Beauty,Moisturizer,2,41.6,87.36,SMB,Online Store,1.05
ORD-00960536,2023-03-27,Region 28,136,Home,Curtains,1,197.56,207.44,Wholesale,Retail,1.05
ORD-00795486,2023-03-27,Region 47,368,Electronics,Headphones,9,499.15,4716.97,Enterprise,Online Store,1.05
ORD-00074716,2023-03-28,Region 40,381,Toys,Action Figure,14,52.03,764.84,SMB,Wholesale,1.05
ORD-00860776,2023-03-28,Region 07,527,Grocery,Rice,7,20.91,153.69,Wholesale,Wholesale,1.05
ORD-00214217,2023-03-28,Region 45,94,Sports,Yoga Mat,11,96.48,1114.34,Retail,Wholesale,1.05
ORD-00540628,2023-03-28,Region 22,191,Books,Textbook,16,28.33,475.94,SMB,Online Store,1.05
ORD-00607207,2023-03-28,Region 28,353,Beauty,Serum,20,35.19,738.99,Wholesale,Online Store,1.05
ORD-00055018,2023-03-29,Region 43,440,Books,Journal,5,22.61,118.7,SMB,Wholesale,1.05
ORD-00349282,2023-03-29,Region 33,330,Sports,Dumbbells,4,86.64,363.89,Retail,Wholesale,1.05
ORD-00224642,2023-03-29,Region 17,550,Sports,Dumbbells,5,76.83,403.36,Enterprise,Retail,1.05
ORD-00365620,2023-03-29,Region 42,166,Electronics,Tablet,5,490.48,2575.02,Wholesale,Online Store,1.05
ORD-00294013,2023-03-29,Region 10,520,Books,Cookbook,17,31.21,557.1,Retail,Wholesale,1.05
ORD-00717709,2023-03-29,Region 40,482,Sports,Yoga Mat,9,100.09,945.85,Wholesale,Online Store,1.05
ORD-00130110,2023-03-29,Region 12,312,Books,Journal,9,21.38,202.04,Enterprise,Retail,1.05
ORD-00261393,2023-03-30,Region 39,474,Books,Textbook,20,23.78,499.38,Enterprise,Wholesale,1.05
ORD-00749068,2023-03-30,Region 13,30,Books,Novel,4,29.59,124.28,Enterprise,Retail,1.05
ORD-00210129,2023-03-30,Region 29,114,Apparel,T-Shirt,6,59.37,374.03,Retail,Retail,1.05
ORD-00352761,2023-03-30,Region 15,353,Home,Curtains,4,158.87,667.25,Enterprise,Wholesale,1.05
ORD-00696212,2023-03-31,Region 06,502,Toys,Puzzle,3,47.19,148.65,Wholesale,Online Store,1.05
ORD-00580285,2023-03-31,Region 37,586,Beauty,Shampoo,5,36.26,190.36,Enterprise,Wholesale,1.05
ORD-00763825,2023-03-31,Region 39,316,Beauty,Lipstick,19,46.14,920.49,Enterprise,Retail,1.05
ORD-00978983,2023-03-31,Region 26,45,Beauty,Lipstick,5,33.56,176.19,SMB,Retail,1.05
ORD-00833333,2023-03-31,Region 45,398,Beauty,Serum,14,46.91,689.58,Wholesale,Retail,1.05
ORD-00590299,2023-04-01,Region 51,26,Home,Sofa,10,179.91,1397.9,Wholesale,Online Store,0.777
ORD-00590269,2023-04-01,Region 11,297,Grocery,Coffee,11,26.62,227.52,Retail,Online Store,0.777
ORD-00277563,2023-04-01,Region 36,325,Toys,Board Game,2,40.32,62.66,SMB,Retail,0.777
ORD-00807384,2023-04-02,Region 07,488,Apparel,Jeans,13,66.12,667.88,Enterprise,Online Store,0.777
ORD-00297531,2023-04-02,Region 23,387,Electronics,Smartphone,18,562.52,7867.4,Enterprise,Retail,0.777
ORD-00492875,2023-04-03,Region 04,442,Electronics,Laptop,2,558.87,868.48,Retail,Wholesale,0.777
ORD-00165041,2023-04-03,Region 10,503,Beauty,Lipstick,20,42.33,657.81,Wholesale,Wholesale,0.777
ORD-00166604,2023-04-03,Region 31,209,Sports,Yoga Mat,4,87.37,271.55,Enterprise,Retail,0.777
ORD-00166542,2023-04-03,Region 17,97,Electronics,Tablet,4,501.56,1558.85,Wholesale,Retail,0.777
ORD-00398833,2023-04-03,Region 44,99,Toys,Board Game,11,28.28,241.71,Wholesale,Retail,0.777
ORD-00860508,2023-04-04,Region 49,159,Home,Curtains,14,168.49,1832.83,Wholesale,Wholesale,0.777
ORD-00461162,2023-04-04,Region 40,3,Apparel,Jacket,8,42.37,263.37,SMB,Online Store,0.777
ORD-00768999,2023-04-04,Region 18,470,Electronics,Tablet,12,389.06,3627.6,Enterprise,Online Store,0.777
ORD-00525750,2023-04-04,Region 05,40,Books,Textbook,10,19.49,151.44,SMB,Wholesale,0.777
ORD-00416508,2023-04-04,Region 40,389,Apparel,Sneakers,14,51.18,556.74,Retail,Retail,0.777
ORD-00988233,2023-04-05,Region 06,127,Books,Textbook,2,23.17,36.01,Wholesale,Retail,0.777
ORD-00335052,2023-04-05,Region 01,446,Apparel,T-Shirt,2,70.63,109.76,Enterprise,Wholesale,0.777
ORD-00934288,2023-04-05,Region 31,109,Beauty,Moisturizer,13,47.7,481.82,Wholesale,Wholesale,0.777
ORD-00374468,2023-04-05,Region 31,18,Apparel,T-Shirt,19,66.02,974.65,Retail,Online Store,0.777
ORD-00215537,2023-04-06,Region 53,533,Home,Sofa,18,147.94,2069.09,Enterprise,Online Store,0.777
ORD-00497916,2023-04-06,Region 38,436,Toys,Building Blocks,14,37.48,407.71,Retail,Retail,0.777
ORD-00376747,2023-04-06,Region 50,280,Sports,Water Bottle,15,102.79,1198.02,Enterprise,Wholesale,0.777
ORD-00329952,2023-04-06,Region 42,563,Apparel,T-Shirt,15,69.17,806.18,Wholesale,Wholesale,0.777
ORD-00287545,2023-04-06,Region 30,255,Grocery,Milk Powder,8,24.73,153.72,Retail,Wholesale,0.777
ORD-00635970,2023-04-06,Region 41,2,Apparel,T-Shirt,19,53.82,794.54,Enterprise,Wholesale,0.777
ORD-00685010,2023-04-07,Region 06,166,Apparel,Jacket,10,45.57,354.08,Wholesale,Online Store,0.777
ORD-00430126,2023-04-07,Region 09,226,Apparel,Jacket,12,57.05,531.93,Enterprise,Online Store,0.777
ORD-00906911,2023-04-07,Region 36,334,Home,Curtains,13,202.12,2041.61,Wholesale,Retail,0.777
ORD-00471940,2023-04-07,Region 36,467,Apparel,Jacket,5,76.53,297.32,Retail,Retail,0.777
ORD-00079202,2023-04-07,Region 54,203,Books,Cookbook,20,27.59,428.75,Enterprise,Wholesale,0.777
ORD-00801372,2023-04-07,Region 04,448,Beauty,Shampoo,19,44.23,652.97,SMB,Wholesale,0.777
ORD-00631765,2023-04-07,Region 06,123,Books,Cookbook,19,29.44,434.62,Retail,Wholesale,0.777
ORD-00423185,2023-04-07,Region 10,211,Home,Blender,19,146.85,2167.95,Enterprise,Online Store,0.777
ORD-00524596,2023-04-07,Region 18,312,Toys,Building Blocks,9,30.57,213.78,Retail,Retail,0.777
ORD-00198580,2023-04-07,Region 08,95,Home,Lamp,6,122.37,570.49,Wholesale,Retail,0.777
ORD-00059282,2023-04-07,Region 39,426,Toys,Puzzle,7,41.94,228.11,Enterprise,Online Store,0.777
ORD-00503842,2023-04-08,Region 07,471,Books,Journal,13,21.14,213.54,Wholesale,Wholesale,0.777
ORD-00219583,2023-04-08,Region 22,593,Electronics,Tablet,12,422.21,3936.69,Enterprise,Online Store,0.777
ORD-00615424,2023-04-08,Region 40,549,Electronics,Laptop,11,696.27,5951.02,Enterprise,Wholesale,0.777
ORD-00221539,2023-04-09,Region 54,367,Books,Textbook,14,18.82,204.72,Retail,Online Store,0.777
ORD-00614035,2023-04-09,Region 45,263,Apparel,T-Shirt,8,43.03,267.47,Wholesale,Retail,0.777
ORD-00130277,2023-04-09,Region 53,546,Books,Journal,12,19.69,183.59,SMB,Wholesale,0.777
ORD-00768925,2023-04-09,Region 27,462,Home,Curtains,12,122.5,1142.19,Enterprise,Retail,0.777
ORD-00086605,2023-04-10,Region 31,222,Apparel,Jeans,13,56.75,573.23,Enterprise,Online Store,0.777
ORD-00901796,2023-04-10,Region 29,222,Sports,Treadmill,7,85.46,464.82,SMB,Retail,0.777
ORD-00627980,2023-04-10,Region 19,397,Electronics,Smartphone,9,482.43,3373.63,Wholesale,Wholesale,0.777
ORD-00465775,2023-04-10,Region 09,435,Sports,Water Bottle,19,94.24,1391.27,Enterprise,Online Store,0.777
ORD-00071370,2023-04-10,Region 37,394,Home,Sofa,10,175.21,1361.38,Wholesale,Online Store,0.777
ORD-00628874,2023-04-10,Region 18,298,Grocery,Cooking Oil,3,16.56,38.6,SMB,Wholesale,0.777
ORD-00894678,2023-04-11,Region 30,224,Sports,Water Bottle,17,97.2,1283.91,Wholesale,Online Store,0.777
ORD-00852863,2023-04-11,Region 25,538,Sports,Water Bottle,10,81.59,633.95,Wholesale,Retail,0.777
ORD-00627826,2023-04-11,Region 44,495,Electronics,Laptop,4,521.75,1621.6,Retail,Retail,0.777
ORD-00847376,2023-04-12,Region 36,302,Toys,Action Figure,9,40.32,281.96,Wholesale,Retail,0.777
ORD-00185559,2023-04-12,Region 51,378,Apparel,Sneakers,6,70.28,327.65,SMB,Wholesale,0.777
ORD-00279257,2023-04-12,Region 16,200,Grocery,Milk Powder,7,16.0,87.02,SMB,Wholesale,0.777
ORD-00898317,2023-04-12,Region 31,271,Books,Novel,17,25.6,338.15,Wholesale,Retail,0.777
ORD-00110338,2023-04-12,Region 35,409,Sports,Water Bottle,16,107.23,1333.08,SMB,Online Store,0.777
ORD-00198493,2023-04-12,Region 41,52,Home,Blender,2,114.51,177.95,Wholesale,Retail,0.777
ORD-00056425,2023-04-12,Region 22,41,Home,Lamp,20,177.45,2757.57,Retail,Retail,0.777
ORD-00897760,2023-04-13,Region 21,313,Sports,Dumbbells,16,68.21,847.99,Retail,Retail,0.777
ORD-00299694,2023-04-14,Region 06,44,Books,Novel,2,23.29,36.19,Wholesale,Wholesale,0.777
ORD-00771267,2023-04-14,Region 21,181,Grocery,Rice,6,22.87,106.62,SMB,Online Store,0.777
ORD-00390433,2023-04-14,Region 04,477,Toys,Board Game,8,44.6,277.23,Enterprise,Wholesale,0.777
ORD-00408865,2023-04-14,Region 41,561,Books,Textbook,16,24.72,307.32,Retail,Retail,0.777
ORD-00052413,2023-04-14,Region 10,410,Books,Cookbook,6,26.78,124.85,SMB,Retail,0.777
ORD-00966903,2023-04-14,Region 55,198,Home,Curtains,18,114.63,1603.22,Wholesale,Retail,0.777
ORD-00875277,2023-04-14,Region 27,164,Grocery,Coffee,14,15.43,167.85,Retail,Wholesale,0.777
ORD-00679409,2023-04-15,Region 31,66,Electronics,Smartphone,9,486.76,3403.91,Wholesale,Online Store,0.777
ORD-00735433,2023-04-15,Region 55,496,Apparel,Jeans,13,53.59,541.31,Wholesale,Wholesale,0.777
ORD-00074436,2023-04-15,Region 16,14,Books,Textbook,2,22.87,35.54,Retail,Wholesale,0.777
ORD-00037411,2023-04-15,Region 36,372,Apparel,Jacket,16,65.02,808.33,SMB,Retail,0.777
ORD-00497314,2023-04-16,Region 03,547,Electronics,Laptop,19,619.41,9144.35,Retail,Wholesale,0.777
ORD-00399337,2023-04-16,Region 22,553,Home,Sofa,9,123.88,866.29,Enterprise,Retail,0.777
ORD-00853587,2023-04-16,Region 39,300,Sports,Dumbbells,13,65.14,657.98,SMB,Online Store,0.777
ORD-00878973,2023-04-17,Region 34,448,Grocery,Coffee,8,26.89,167.15,Enterprise,Online Store,0.777
ORD-00355873,2023-04-17,Region 27,264,Beauty,Shampoo,12,45.86,427.6,Wholesale,Retail,0.777
ORD-00028097,2023-04-17,Region 23,459,Beauty,Serum,11,30.99,264.87,Enterprise,Retail,0.777
ORD-00751729,2023-04-17,Region 27,558,Home,Blender,3,143.51,334.52,Enterprise,Wholesale,0.777
ORD-00250342,2023-04-17,Region 30,165,Grocery,Rice,12,17.59,164.01,Enterprise,Retail,0.777
ORD-00944951,2023-04-18,Region 04,461,Home,Blender,16,137.57,1710.27,Wholesale,Online Store,0.777
ORD-00514322,2023-04-18,Region 39,565,Grocery,Milk Powder,11,14.87,127.09,Retail,Online Store,0.777
ORD-00667788,2023-04-18,Region 04,407,Grocery,Rice,7,19.42,105.63,Enterprise,Online Store,0.777
ORD-00692773,2023-04-19,Region 37,101,Electronics,Laptop,11,675.87,5776.66,Retail,Online Store,0.777
ORD-00988860,2023-04-19,Region 31,289,Apparel,T-Shirt,20,71.96,1118.26,Wholesale,Retail,0.777
ORD-00628345,2023-04-19,Region 23,475,Books,Textbook,17,22.3,294.56,Wholesale,Online Store,0.777
ORD-00571986,2023-04-19,Region 20,270,Home,Blender,1,170.97,132.84,SMB,Wholesale,0.777
ORD-00766418,2023-04-20,Region 40,544,Books,Textbook,6,27.83,129.74,Retail,Wholesale,0.777
ORD-00751168,2023-04-20,Region 44,87,Toys,Action Figure,14,53.73,584.47,Retail,Online Store,0.777
ORD-00130997,2023-04-20,Region 40,114,Sports,Water Bottle,3,60.0,139.86,Wholesale,Online Store,0.777
ORD-00702385,2023-04-21,Region 45,322,Home,Lamp,8,165.46,1028.5,Enterprise,Wholesale,0.777
ORD-00456862,2023-04-21,Region 55,583,Sports,Treadmill,3,91.21,212.61,Retail,Retail,0.777
ORD-00198949,2023-04-21,Region 21,197,Grocery,Milk Powder,9,17.37,121.47,Enterprise,Wholesale,0.777
ORD-00927742,2023-04-21,Region 32,370,Electronics,Headphones,14,600.88,6536.37,Enterprise,Retail,0.777
ORD-00183327,2023-04-22,Region 31,16,Apparel,Jacket,8,79.41,493.61,SMB,Online Store,0.777
ORD-00673138,2023-04-22,Region 25,315,Grocery,Coffee,5,14.55,56.53,SMB,Retail,0.777
ORD-00009193,2023-04-22,Region 22,382,Toys,Board Game,12,48.87,455.66,SMB,Online Store,0.777
ORD-00212178,2023-04-22,Region 47,504,Grocery,Cooking Oil,4,16.27,50.57,Wholesale,Online Store,0.777
ORD-00306870,2023-04-23,Region 28,74,Electronics,Headphones,2,538.98,837.57,SMB,Retail,0.777
ORD-00606372,2023-04-23,Region 46,175,Books,Novel,14,27.61,300.34,SMB,Retail,0.777
ORD-00104912,2023-04-23,Region 27,384,Grocery,Coffee,4,26.67,82.89,Retail,Retail,0.777
ORD-00440044,2023-04-24,Region 31,187,Grocery,Milk Powder,15,26.64,310.49,SMB,Retail,0.777
ORD-00033319,2023-04-24,Region 18,260,Grocery,Coffee,19,21.5,317.4,SMB,Online Store,0.777
ORD-00890140,2023-04-24,Region 09,113,Apparel,Sneakers,7,51.65,280.92,Retail,Wholesale,0.777
ORD-00881794,2023-04-24,Region 34,430,Sports,Dumbbells,4,62.34,193.75,Enterprise,Online Store,0.777
ORD-00350970,2023-04-24,Region 15,341,Home,Blender,8,154.4,959.75,Retail,Retail,0.777
ORD-00179620,2023-04-25,Region 49,324,Home,Sofa,18,199.81,2794.54,Retail,Online Store,0.777
ORD-00234720,2023-04-25,Region 18,572,Toys,Action Figure,11,30.27,258.72,SMB,Retail,0.777
ORD-00411528,2023-04-25,Region 05,76,Books,Cookbook,16,22.9,284.69,Wholesale,Online Store,0.777
ORD-00770332,2023-04-27,Region 11,570,Grocery,Coffee,2,23.04,35.8,Enterprise,Retail,0.777
ORD-00823421,2023-04-27,Region 24,535,Home,Curtains,11,149.79,1280.26,SMB,Online Store,0.777
ORD-00625445,2023-04-27,Region 23,77,Grocery,Coffee,5,24.12,93.71,Enterprise,Online Store,0.777
ORD-00159459,2023-04-27,Region 30,230,Books,Textbook,13,33.44,337.78,Enterprise,Online Store,0.777
ORD-00102182,2023-04-27,Region 27,428,Home,Curtains,1,147.04,114.25,Retail,Retail,0.777
ORD-00118006,2023-04-27,Region 45,140,Home,Sofa,17,135.29,1787.05,SMB,Wholesale,0.777
ORD-00302650,2023-04-27,Region 20,195,Home,Curtains,17,132.89,1755.34,SMB,Wholesale,0.777
ORD-00903343,2023-04-27,Region 24,475,Apparel,T-Shirt,20,83.26,1293.86,SMB,Wholesale,0.777
ORD-00580134,2023-04-28,Region 06,293,Home,Blender,8,140.56,873.72,Wholesale,Wholesale,0.777
ORD-00684660,2023-04-28,Region 01,353,Home,Sofa,11,118.26,1010.77,SMB,Wholesale,0.777
ORD-00481859,2023-04-28,Region 08,261,Home,Sofa,16,182.35,2266.98,SMB,Wholesale,0.777
ORD-00187484,2023-04-28,Region 01,557,Apparel,Sneakers,17,57.77,763.08,SMB,Retail,0.777
ORD-00466472,2023-04-28,Region 50,356,Electronics,Headphones,3,354.92,827.32,SMB,Online Store,0.777
ORD-00249859,2023-04-28,Region 54,382,Apparel,Sneakers,8,62.96,391.36,Enterprise,Retail,0.777
ORD-00978248,2023-04-28,Region 41,42,Apparel,Sneakers,13,61.9,625.25,SMB,Wholesale,0.777
ORD-00826650,2023-04-28,Region 11,560,Toys,Action Figure,2,53.8,83.61,Enterprise,Online Store,0.777
ORD-00817322,2023-04-28,Region 26,96,Home,Curtains,5,167.32,650.04,Wholesale,Wholesale,0.777
ORD-00819783,2023-04-29,Region 09,242,Home,Curtains,6,184.56,860.42,Retail,Wholesale,0.777
ORD-00090877,2023-04-29,Region 16,146,Sports,Treadmill,9,92.81,649.02,Wholesale,Retail,0.777
ORD-00670391,2023-04-29,Region 24,546,Sports,Treadmill,18,82.23,1150.07,SMB,Wholesale,0.777
ORD-00158700,2023-04-29,Region 37,161,Books,Textbook,1,19.16,14.89,Wholesale,Online Store,0.777
ORD-00926557,2023-04-29,Region 30,459,Sports,Dumbbells,12,97.26,906.85,Wholesale,Retail,0.777
ORD-00775108,2023-04-29,Region 45,112,Electronics,Tablet,4,675.26,2098.71,Retail,Wholesale,0.777
ORD-00117745,2023-04-29,Region 43,201,Grocery,Milk Powder,18,18.55,259.44,Retail,Online Store,0.777
ORD-00567238,2023-04-29,Region 05,165,Apparel,Jeans,3,76.09,177.37,Enterprise,Online Store,0.777
ORD-00264835,2023-04-29,Region 18,298,Sports,Dumbbells,16,80.08,995.55,SMB,Wholesale,0.777
ORD-00691885,2023-04-30,Region 31,283,Toys,Puzzle,2,33.97,52.79,SMB,Online Store,0.777
ORD-00996071,2023-04-30,Region 22,261,Apparel,Sneakers,3,51.22,119.39,Retail,Retail,0.777
ORD-00594607,2023-05-01,Region 41,223,Grocery,Rice,11,18.88,161.37,Wholesale,Retail,0.777
ORD-00048080,2023-05-01,Region 28,245,Toys,Board Game,1,40.24,31.27,Wholesale,Retail,0.777
ORD-00051440,2023-05-01,Region 40,398,Electronics,Smartphone,4,576.91,1793.04,Enterprise,Retail,0.777
ORD-00009737,2023-05-01,Region 16,480,Beauty,Shampoo,8,39.86,247.77,SMB,Retail,0.777
ORD-00821294,2023-05-01,Region 38,153,Grocery,Milk Powder,11,19.32,165.13,Wholesale,Retail,0.777
ORD-00779458,2023-05-01,Region 22,457,Home,Blender,16,146.96,1827.01,Retail,Wholesale,0.777
ORD-00256366,2023-05-02,Region 32,193,Books,Journal,10,19.58,152.14,Retail,Retail,0.777
ORD-00825184,2023-05-02,Region 01,336,Apparel,Jacket,20,63.84,992.07,SMB,Online Store,0.777
ORD-00472291,2023-05-02,Region 04,166,Home,Blender,3,122.02,284.43,Retail,Wholesale,0.777
ORD-00216877,2023-05-02,Region 22,399,Toys,Building Blocks,6,40.41,188.39,Enterprise,Retail,0.777
ORD-00822971,2023-05-02,Region 04,399,Home,Curtains,15,156.06,1818.88,Wholesale,Online Store,0.777
ORD-00401906,2023-05-02,Region 38,489,Sports,Dumbbells,18,61.0,853.15,Wholesale,Retail,0.777
ORD-00950043,2023-05-03,Region 51,516,Beauty,Lipstick,10,44.84,348.41,SMB,Wholesale,0.777
ORD-00717658,2023-05-03,Region 31,370,Toys,Puzzle,5,32.17,124.98,Retail,Online Store,0.777
ORD-00977220,2023-05-03,Region 40,158,Electronics,Laptop,20,617.56,9596.88,Retail,Wholesale,0.777
ORD-00333080,2023-05-03,Region 45,449,Home,Blender,20,113.28,1760.37,SMB,Retail,0.777
ORD-00590347,2023-05-03,Region 36,430,Electronics,Laptop,3,458.39,1068.51,SMB,Retail,0.777
ORD-00898678,2023-05-03,Region 22,22,Books,Textbook,6,29.62,138.09,Retail,Online Store,0.777
ORD-00000185,2023-05-04,Region 29,107,Toys,Puzzle,10,38.96,302.72,SMB,Wholesale,0.777
ORD-00600785,2023-05-04,Region 36,551,Sports,Water Bottle,17,66.38,876.81,Wholesale,Retail,0.777
ORD-00470128,2023-05-04,Region 44,590,Grocery,Milk Powder,17,22.98,303.54,SMB,Online Store,0.777
ORD-00470883,2023-05-05,Region 27,513,Grocery,Cooking Oil,4,18.17,56.47,Wholesale,Wholesale,0.777
ORD-00084898,2023-05-05,Region 27,103,Books,Textbook,11,23.65,202.14,SMB,Retail,0.777
ORD-00729837,2023-05-05,Region 28,550,Home,Blender,11,191.53,1637.01,SMB,Wholesale,0.777
ORD-00953012,2023-05-06,Region 17,476,Beauty,Shampoo,13,38.97,393.64,Retail,Online Store,0.777
ORD-00721135,2023-05-06,Region 36,582,Toys,Building Blocks,2,29.5,45.84,Enterprise,Retail,0.777
ORD-00257103,2023-05-06,Region 48,371,Toys,Board Game,18,52.64,736.22,SMB,Retail,0.777
ORD-00581830,2023-05-06,Region 44,295,Beauty,Shampoo,17,26.51,350.17,Retail,Online Store,0.777
ORD-00950260,2023-05-06,Region 11,312,Home,Curtains,12,123.23,1149.0,SMB,Wholesale,0.777
ORD-00749669,2023-05-07,Region 52,493,Books,Novel,16,24.14,300.11,Enterprise,Wholesale,0.777
ORD-00233711,2023-05-07,Region 27,216,Books,Textbook,16,23.57,293.02,Wholesale,Wholesale,0.777
ORD-00458309,2023-05-07,Region 12,93,Toys,Puzzle,15,43.01,501.28,Retail,Retail,0.777
ORD-00043172,2023-05-07,Region 49,356,Toys,Board Game,5,39.61,153.88,Retail,Online Store,0.777
ORD-00480866,2023-05-08,Region 27,491,Apparel,Sneakers,4,66.95,208.08,Enterprise,Retail,0.777
ORD-00332275,2023-05-08,Region 11,411,Electronics,Headphones,15,580.1,6761.07,Enterprise,Online Store,0.777
ORD-00105156,2023-05-09,Region 53,8,Home,Lamp,14,197.87,2152.43,Retail,Retail,0.777
ORD-00771983,2023-05-09,Region 12,402,Electronics,Headphones,4,365.35,1135.51,Wholesale,Online Store,0.777
ORD-00352277,2023-05-09,Region 20,540,Apparel,Jeans,20,72.83,1131.78,SMB,Wholesale,0.777
ORD-00895234,2023-05-09,Region 04,377,Books,Textbook,12,27.24,253.99,SMB,Online Store,0.777
ORD-00333676,2023-05-09,Region 53,488,Toys,Board Game,13,53.53,540.71,SMB,Wholesale,0.777
ORD-00342517,2023-05-09,Region 21,484,Beauty,Serum,18,48.68,680.84,Retail,Wholesale,0.777
ORD-00114471,2023-05-10,Region 42,229,Home,Sofa,9,134.0,937.06,SMB,Online Store,0.777
ORD-00332335,2023-05-10,Region 41,524,Grocery,Coffee,15,27.65,322.26,SMB,Wholesale,0.777
ORD-00986563,2023-05-10,Region 29,72,Sports,Water Bottle,12,69.14,644.66,Retail,Retail,0.777
ORD-00711134,2023-05-10,Region 47,326,Electronics,Tablet,15,574.98,6701.39,Wholesale,Online Store,0.777
ORD-00273192,2023-05-10,Region 32,128,Electronics,Smartphone,16,476.14,5919.37,Retail,Wholesale,0.777
ORD-00262360,2023-05-10,Region 42,394,Grocery,Cooking Oil,19,15.55,229.56,Retail,Wholesale,0.777
ORD-00825160,2023-05-10,Region 16,520,Toys,Action Figure,19,35.61,525.71,Retail,Retail,0.777
ORD-00909157,2023-05-10,Region 44,319,Electronics,Headphones,3,542.95,1265.62,Wholesale,Online Store,0.777
ORD-00261142,2023-05-10,Region 41,135,Electronics,Tablet,11,543.03,4641.28,SMB,Wholesale,0.777
ORD-00878927,2023-05-10,Region 14,121,Toys,Puzzle,14,52.38,569.79,Wholesale,Retail,0.777
ORD-00403175,2023-05-11,Region 50,503,Beauty,Lipstick,5,42.05,163.36,SMB,Wholesale,0.777
ORD-00367836,2023-05-11,Region 06,373,Electronics,Tablet,19,636.13,9391.19,Wholesale,Online Store,0.777
ORD-00416362,2023-05-11,Region 35,245,Apparel,Sneakers,7,66.42,361.26,SMB,Wholesale,0.777
ORD-00680442,2023-05-12,Region 41,414,Electronics,Tablet,7,565.04,3073.25,Enterprise,Wholesale,0.777
ORD-00854939,2023-05-12,Region 35,263,Grocery,Coffee,12,23.51,219.21,Enterprise,Online Store,0.777
ORD-00249054,2023-05-13,Region 41,69,Apparel,T-Shirt,6,52.65,245.45,Wholesale,Online Store,0.777
ORD-00015696,2023-05-13,Region 16,435,Beauty,Serum,1,40.66,31.59,Retail,Online Store,0.777
ORD-00189058,2023-05-13,Region 35,304,Electronics,Smartphone,13,437.24,4416.56,Enterprise,Wholesale,0.777
ORD-00432743,2023-05-13,Region 32,214,Home,Curtains,10,193.27,1501.71,Enterprise,Retail,0.777
ORD-00914895,2023-05-14,Region 37,110,Apparel,T-Shirt,13,69.96,706.67,Enterprise,Retail,0.777
ORD-00625674,2023-05-14,Region 40,530,Toys,Action Figure,8,28.96,180.02,Wholesale,Online Store,0.777
ORD-00645960,2023-05-14,Region 25,163,Beauty,Lipstick,13,29.49,297.88,SMB,Wholesale,0.777
ORD-00041325,2023-05-14,Region 06,263,Home,Lamp,3,207.53,483.75,Enterprise,Retail,0.777
ORD-00513924,2023-05-14,Region 51,392,Toys,Board Game,11,45.04,384.96,Retail,Online Store,0.777
ORD-00348113,2023-05-14,Region 23,121,Beauty,Shampoo,10,41.32,321.06,Retail,Wholesale,0.777
ORD-00605877,2023-05-14,Region 11,64,Electronics,Tablet,1,678.41,527.12,Retail,Online Store,0.777
ORD-00445585,2023-05-15,Region 45,416,Electronics,Smartphone,15,559.64,6522.6,Enterprise,Wholesale,0.777
ORD-00290537,2023-05-15,Region 36,537,Grocery,Rice,6,16.96,79.07,Wholesale,Retail,0.777
ORD-00827997,2023-05-15,Region 04,445,Home,Blender,9,113.19,791.54,Retail,Retail,0.777
ORD-00123261,2023-05-15,Region 50,75,Beauty,Moisturizer,12,46.23,431.05,SMB,Retail,0.777
ORD-00884424,2023-05-15,Region 18,35,Apparel,T-Shirt,3,75.66,176.36,SMB,Online Store,0.777
ORD-00198394,2023-05-15,Region 05,456,Books,Novel,14,30.03,326.67,Enterprise,Retail,0.777
ORD-00513454,2023-05-15,Region 19,355,Electronics,Tablet,17,383.04,5059.58,SMB,Wholesale,0.777
ORD-00785690,2023-05-15,Region 29,457,Sports,Yoga Mat,1,65.27,50.71,Wholesale,Online Store,0.777
ORD-00029782,2023-05-15,Region 28,79,Beauty,Lipstick,14,31.68,344.62,Retail,Wholesale,0.777
ORD-00563677,2023-05-16,Region 42,340,Electronics,Laptop,6,668.31,3115.66,Enterprise,Online Store,0.777
ORD-00742336,2023-05-16,Region 22,247,Home,Blender,3,115.84,270.02,Enterprise,Online Store,0.777
ORD-00389909,2023-05-16,Region 37,559,Toys,Puzzle,14,29.02,315.68,Wholesale,Retail,0.777
ORD-00518251,2023-05-16,Region 37,496,Electronics,Smartphone,16,527.33,6555.77,SMB,Retail,0.777
ORD-00087946,2023-05-17,Region 16,39,Toys,Action Figure,9,46.73,326.78,Retail,Online Store,0.777
ORD-00191084,2023-05-17,Region 21,512,Apparel,Jacket,14,65.55,713.05,Retail,Wholesale,0.777
ORD-00624451,2023-05-17,Region 45,573,Home,Curtains,5,162.65,631.9,SMB,Wholesale,0.777
ORD-00055608,2023-05-17,Region 33,30,Apparel,Jacket,20,77.02,1196.89,SMB,Online Store,0.777
ORD-00890814,2023-05-17,Region 44,404,Sports,Dumbbells,7,102.68,558.48,Wholesale,Wholesale,0.777
ORD-00226228,2023-05-18,Region 16,564,Grocery,Cooking Oil,12,20.58,191.89,Enterprise,Retail,0.777
ORD-00951140,2023-05-18,Region 54,236,Home,Sofa,14,168.09,1828.48,SMB,Online Store,0.777
ORD-00387672,2023-05-18,Region 10,306,Apparel,Jeans,11,59.72,510.43,Wholesale,Wholesale,0.777
ORD-00413234,2023-05-18,Region 45,517,Apparel,Jeans,18,57.43,803.22,Retail,Online Store,0.777
ORD-00052950,2023-05-18,Region 34,374,Toys,Building Blocks,14,35.38,384.86,SMB,Wholesale,0.777
ORD-00372309,2023-05-19,Region 02,258,Sports,Water Bottle,2,87.24,135.57,Enterprise,Retail,0.777
ORD-00105758,2023-05-19,Region 46,117,Apparel,Jacket,9,62.52,437.2,Wholesale,Wholesale,0.777
ORD-00984542,2023-05-20,Region 44,518,Grocery,Cooking Oil,20,24.63,382.75,Enterprise,Online Store,0.777
ORD-00357671,2023-05-20,Region 39,297,Home,Sofa,20,169.66,2636.52,Wholesale,Wholesale,0.777
ORD-00476878,2023-05-21,Region 34,404,Toys,Board Game,6,44.84,209.04,Wholesale,Wholesale,0.777
ORD-00273907,2023-05-21,Region 52,438,Home,Curtains,19,197.19,2911.12,Wholesale,Online Store,0.777
ORD-00493412,2023-05-21,Region 33,389,Grocery,Cooking Oil,19,26.79,395.5,Enterprise,Online Store,0.777
ORD-00969466,2023-05-22,Region 49,64,Toys,Puzzle,17,39.73,524.79,SMB,Wholesale,0.777
ORD-00567202,2023-05-22,Region 27,300,Beauty,Lipstick,13,38.74,391.31,Retail,Online Store,0.777
ORD-00526831,2023-05-22,Region 27,252,Beauty,Shampoo,5,41.11,159.71,Wholesale,Online Store,0.777
ORD-00065469,2023-05-22,Region 30,497,Books,Novel,5,21.17,82.25,Enterprise,Online Store,0.777
ORD-00053540,2023-05-22,Region 12,9,Apparel,T-Shirt,5,55.08,213.99,Enterprise,Wholesale,0.777
ORD-00993152,2023-05-22,Region 24,457,Toys,Board Game,3,48.86,113.89,Wholesale,Wholesale,0.777
ORD-00580122,2023-05-23,Region 17,509,Electronics,Smartphone,1,565.96,439.75,Enterprise,Wholesale,0.777
ORD-00318419,2023-05-23,Region 20,81,Grocery,Cooking Oil,15,26.53,309.21,Retail,Online Store,0.777
ORD-00835557,2023-05-24,Region 42,458,Sports,Water Bottle,4,79.44,246.9,Wholesale,Retail,0.777
ORD-00010787,2023-05-24,Region 11,44,Toys,Puzzle,8,48.72,302.84,Retail,Wholesale,0.777
ORD-00957144,2023-05-24,Region 05,374,Sports,Treadmill,2,96.35,149.73,SMB,Online Store,0.777
ORD-00442304,2023-05-25,Region 38,271,Books,Textbook,3,31.62,73.71,SMB,Wholesale,0.777
ORD-00647040,2023-05-25,Region 40,154,Home,Blender,6,202.17,942.52,SMB,Online Store,0.777
ORD-00545157,2023-05-25,Region 19,377,Toys,Action Figure,13,40.69,411.01,Wholesale,Online Store,0.777
ORD-00185381,2023-05-25,Region 52,561,Apparel,Jeans,1,61.85,48.06,Wholesale,Online Store,0.777
ORD-00202051,2023-05-25,Region 18,98,Books,Novel,7,34.02,185.03,Retail,Wholesale,0.777
ORD-00602264,2023-05-26,Region 51,591,Sports,Yoga Mat,2,95.27,148.05,Wholesale,Wholesale,0.777
ORD-00736472,2023-05-26,Region 29,192,Grocery,Milk Powder,7,23.07,125.48,SMB,Online Store,0.777
ORD-00285012,2023-05-26,Region 45,195,Apparel,Jeans,8,53.15,330.38,Retail,Retail,0.777
ORD-00772091,2023-05-26,Region 37,10,Beauty,Shampoo,12,30.31,282.61,Retail,Wholesale,0.777
ORD-00188934,2023-05-26,Region 31,399,Electronics,Tablet,11,472.35,4037.18,Enterprise,Online Store,0.777
ORD-00356067,2023-05-26,Region 17,152,Apparel,T-Shirt,3,54.72,127.55,SMB,Wholesale,0.777
ORD-00329168,2023-05-26,Region 07,382,Electronics,Laptop,2,490.88,762.83,Retail,Retail,0.777
ORD-00176678,2023-05-27,Region 02,349,Apparel,T-Shirt,16,82.23,1022.28,Retail,Retail,0.777
ORD-00615076,2023-05-27,Region 50,452,Home,Curtains,19,191.15,2821.95,Retail,Retail,0.777
ORD-00229497,2023-05-27,Region 47,169,Electronics,Laptop,19,466.17,6882.07,SMB,Online Store,0.777
ORD-00032978,2023-05-27,Region 10,252,Apparel,Jeans,3,42.38,98.79,Enterprise,Retail,0.777
ORD-00549454,2023-05-27,Region 37,123,Toys,Building Blocks,3,30.73,71.63,SMB,Online Store,0.777
ORD-00741225,2023-05-27,Region 50,478,Apparel,Sneakers,12,66.28,617.99,Enterprise,Retail,0.777
ORD-00686065,2023-05-27,Region 02,540,Electronics,Laptop,1,480.48,373.33,SMB,Retail,0.777
ORD-00169075,2023-05-27,Region 19,322,Books,Journal,5,20.8,80.81,Enterprise,Retail,0.777
ORD-00546261,2023-05-27,Region 44,354,Grocery,Cooking Oil,5,25.81,100.27,Retail,Online Store,0.777
ORD-00900013,2023-05-28,Region 32,477,Beauty,Lipstick,14,34.88,379.42,Enterprise,Online Store,0.777
ORD-00155613,2023-05-28,Region 25,482,Sports,Water Bottle,19,78.08,1152.7,Enterprise,Online Store,0.777
ORD-00723570,2023-05-28,Region 52,401,Sports,Treadmill,16,95.15,1182.9,Wholesale,Online Store,0.777
ORD-00370958,2023-05-28,Region 54,183,Sports,Yoga Mat,11,104.1,889.74,Retail,Wholesale,0.777
ORD-00404971,2023-05-28,Region 20,106,Apparel,Sneakers,6,67.08,312.73,SMB,Online Store,0.777
ORD-00760823,2023-05-28,Region 45,15,Books,Cookbook,3,24.18,56.36,SMB,Retail,0.777
ORD-00871293,2023-05-28,Region 35,598,Toys,Puzzle,1,39.48,30.68,Wholesale,Wholesale,0.777
ORD-00243023,2023-05-30,Region 40,95,Toys,Board Game,8,48.1,298.99,Wholesale,Wholesale,0.777
ORD-00028959,2023-05-30,Region 39,155,Home,Sofa,8,209.78,1303.99,Enterprise,Online Store,0.777
ORD-00262001,2023-05-30,Region 34,327,Electronics,Headphones,4,457.25,1421.13,Wholesale,Retail,0.777
ORD-00777194,2023-05-30,Region 40,451,Apparel,T-Shirt,16,81.76,1016.44,Wholesale,Online Store,0.777
ORD-00270064,2023-05-30,Region 04,75,Electronics,Smartphone,2,607.54,944.12,SMB,Online Store,0.777
ORD-00096775,2023-05-30,Region 15,227,Beauty,Shampoo,3,28.18,65.69,Enterprise,Online Store,0.777
ORD-00244781,2023-05-31,Region 02,552,Toys,Building Blocks,17,32.18,425.07,Retail,Retail,0.777
ORD-00763000,2023-05-31,Region 34,567,Apparel,T-Shirt,18,56.47,789.79,SMB,Retail,0.777
ORD-00101687,2023-06-01,Region 27,515,Apparel,Jacket,14,43.39,472.0,Wholesale,Online Store,0.777
ORD-00004416,2023-06-01,Region 46,8,Sports,Dumbbells,8,95.36,592.76,Wholesale,Online Store,0.777
ORD-00470941,2023-06-02,Region 05,579,Apparel,Jeans,17,64.67,854.23,Wholesale,Wholesale,0.777
ORD-00358900,2023-06-02,Region 34,211,Apparel,Sneakers,1,69.38,53.91,Retail,Online Store,0.777
ORD-00355897,2023-06-02,Region 34,77,Home,Blender,9,158.16,1106.01,SMB,Wholesale,0.777
ORD-00328238,2023-06-02,Region 37,31,Toys,Puzzle,20,33.03,513.29,Enterprise,Wholesale,0.777
ORD-00854458,2023-06-02,Region 53,383,Toys,Board Game,13,29.84,301.41,Enterprise,Wholesale,0.777
ORD-00428578,2023-06-02,Region 42,248,Toys,Building Blocks,15,45.39,529.02,Wholesale,Retail,0.777
ORD-00156411,2023-06-03,Region 49,147,Electronics,Laptop,9,416.35,2911.54,Retail,Retail,0.777
ORD-00432371,2023-06-03,Region 36,500,Apparel,Jacket,12,61.86,576.78,SMB,Online Store,0.777
ORD-00773196,2023-06-03,Region 22,566,Electronics,Tablet,13,587.06,5929.89,Retail,Online Store,0.777
ORD-00861495,2023-06-03,Region 25,574,Grocery,Cooking Oil,5,23.34,90.68,Retail,Retail,0.777
ORD-00455701,2023-06-03,Region 05,208,Toys,Action Figure,10,46.93,364.65,Wholesale,Online Store,0.777
ORD-00280503,2023-06-03,Region 41,453,Apparel,T-Shirt,8,54.21,336.97,SMB,Wholesale,0.777
ORD-00981394,2023-06-03,Region 42,121,Toys,Board Game,14,32.33,351.69,SMB,Wholesale,0.777
ORD-00018092,2023-06-03,Region 06,580,Toys,Building Blocks,2,46.23,71.84,SMB,Retail,0.777
ORD-00920727,2023-06-04,Region 40,42,Beauty,Lipstick,12,40.74,379.86,SMB,Retail,0.777
ORD-00937867,2023-06-04,Region 10,5,Beauty,Moisturizer,11,28.17,240.77,Retail,Online Store,0.777
ORD-00469556,2023-06-04,Region 26,558,Books,Textbook,1,19.98,15.52,Wholesale,Online Store,0.777
ORD-00673975,2023-06-04,Region 44,377,Grocery,Milk Powder,1,21.67,16.84,Retail,Wholesale,0.777
ORD-00575318,2023-06-05,Region 04,30,Home,Sofa,4,118.44,368.11,Retail,Online Store,0.777
ORD-00808357,2023-06-05,Region 50,370,Grocery,Milk Powder,3,22.08,51.47,Retail,Retail,0.777
ORD-00270512,2023-06-05,Region 51,315,Apparel,Sneakers,9,83.17,581.61,SMB,Wholesale,0.777
ORD-00900270,2023-06-05,Region 23,458,Home,Blender,6,165.98,773.8,Enterprise,Retail,0.777
ORD-00041425,2023-06-05,Region 28,370,Books,Journal,17,31.75,419.39,Retail,Online Store,0.777
ORD-00396663,2023-06-05,Region 48,48,Toys,Action Figure,14,47.63,518.12,SMB,Online Store,0.777
ORD-00637578,2023-06-06,Region 23,373,Sports,Water Bottle,11,57.54,491.79,SMB,Retail,0.777
ORD-00654624,2023-06-06,Region 46,54,Home,Curtains,17,143.2,1891.53,SMB,Online Store,0.777
ORD-00330797,2023-06-06,Region 04,22,Sports,Treadmill,14,66.62,724.69,Wholesale,Wholesale,0.777
ORD-00633446,2023-06-06,Region 35,368,Sports,Yoga Mat,14,56.16,610.91,Retail,Wholesale,0.777
ORD-00001419,2023-06-06,Region 16,330,Apparel,T-Shirt,16,56.96,708.13,Retail,Online Store,0.777
ORD-00097074,2023-06-07,Region 36,200,Electronics,Tablet,19,452.48,6679.96,Retail,Retail,0.777
ORD-00302662,2023-06-07,Region 46,377,Electronics,Headphones,16,521.45,6482.67,Wholesale,Retail,0.777
ORD-00014607,2023-06-07,Region 32,510,Books,Textbook,15,20.4,237.76,Retail,Online Store,0.777
ORD-00167489,2023-06-08,Region 09,156,Electronics,Headphones,9,581.07,4063.42,Enterprise,Retail,0.777
ORD-00388667,2023-06-08,Region 46,395,Grocery,Rice,19,27.06,399.49,Enterprise,Wholesale,0.777
ORD-00803897,2023-06-08,Region 01,30,Toys,Action Figure,17,42.08,555.83,SMB,Wholesale,0.777
ORD-00186646,2023-06-08,Region 30,541,Grocery,Cooking Oil,17,22.0,290.6,Wholesale,Wholesale,0.777
ORD-00324839,2023-06-09,Region 22,406,Grocery,Cooking Oil,20,15.61,242.58,Retail,Wholesale,0.777
ORD-00311912,2023-06-09,Region 22,167,Toys,Board Game,17,37.53,495.73,Retail,Retail,0.777
ORD-00930248,2023-06-10,Region 01,51,Sports,Yoga Mat,12,84.56,788.44,Wholesale,Wholesale,0.777
ORD-00395978,2023-06-10,Region 32,473,Sports,Treadmill,14,95.17,1035.26,Retail,Wholesale,0.777
ORD-00805773,2023-06-10,Region 50,194,Books,Novel,2,21.2,32.94,Enterprise,Wholesale,0.777
ORD-00768587,2023-06-10,Region 16,99,Beauty,Shampoo,10,36.01,279.8,Enterprise,Online Store,0.777
ORD-00511388,2023-06-11,Region 42,163,Grocery,Rice,17,20.58,271.84,Enterprise,Online Store,0.777
ORD-00487131,2023-06-11,Region 04,119,Electronics,Headphones,15,640.77,7468.17,Enterprise,Wholesale,0.777
ORD-00302266,2023-06-11,Region 30,350,Apparel,Sneakers,13,51.84,523.64,Wholesale,Retail,0.777
ORD-00395036,2023-06-11,Region 26,176,Toys,Puzzle,19,37.06,547.12,Enterprise,Retail,0.777
ORD-00277645,2023-06-12,Region 35,281,Apparel,Jeans,4,44.88,139.49,Wholesale,Wholesale,0.777
ORD-00824194,2023-06-12,Region 21,498,Electronics,Headphones,8,538.48,3347.19,Retail,Wholesale,0.777
ORD-00069918,2023-06-12,Region 37,105,Electronics,Laptop,4,583.9,1814.76,Wholesale,Wholesale,0.777
ORD-00277916,2023-06-12,Region 30,444,Books,Cookbook,6,23.22,108.25,Retail,Wholesale,0.777
ORD-00107756,2023-06-12,Region 16,77,Sports,Dumbbells,4,56.23,174.76,Wholesale,Retail,0.777
ORD-00210442,2023-06-12,Region 50,185,Books,Textbook,14,32.32,351.58,SMB,Online Store,0.777
ORD-00181876,2023-06-12,Region 47,307,Electronics,Headphones,6,614.68,2865.64,SMB,Wholesale,0.777
ORD-00440647,2023-06-13,Region 14,170,Toys,Board Game,17,40.64,536.81,SMB,Wholesale,0.777
ORD-00599606,2023-06-13,Region 54,479,Home,Blender,18,183.29,2563.49,Enterprise,Online Store,0.777
ORD-00887311,2023-06-13,Region 40,105,Sports,Water Bottle,3,71.49,166.64,Retail,Online Store,0.777
ORD-00762306,2023-06-13,Region 27,60,Toys,Puzzle,18,46.11,644.89,Retail,Wholesale,0.777
ORD-00793867,2023-06-13,Region 19,175,Home,Curtains,3,159.3,371.33,Retail,Retail,0.777
ORD-00164304,2023-06-13,Region 50,356,Sports,Yoga Mat,18,105.31,1472.87,Wholesale,Online Store,0.777
ORD-00467123,2023-06-13,Region 05,12,Books,Novel,12,29.8,277.86,Enterprise,Retail,0.777
ORD-00170890,2023-06-14,Region 19,95,Sports,Dumbbells,15,75.29,877.5,Wholesale,Retail,0.777
ORD-00314674,2023-06-14,Region 30,542,Grocery,Cooking Oil,16,15.24,189.46,Enterprise,Wholesale,0.777
ORD-00879165,2023-06-15,Region 46,150,Home,Curtains,20,201.53,3131.78,SMB,Online Store,0.777
ORD-00939712,2023-06-15,Region 17,310,Apparel,Jacket,20,45.91,713.44,Wholesale,Online Store,0.777
ORD-00426237,2023-06-15,Region 50,445,Beauty,Serum,14,29.28,318.51,SMB,Online Store,0.777
ORD-00775744,2023-06-16,Region 37,547,Sports,Water Bottle,13,81.09,819.09,Enterprise,Wholesale,0.777
ORD-00249657,2023-06-16,Region 52,194,Beauty,Shampoo,5,42.44,164.88,Enterprise,Wholesale,0.777
ORD-00526546,2023-06-16,Region 17,207,Electronics,Headphones,10,594.64,4620.35,Enterprise,Wholesale,0.777
ORD-00835419,2023-06-16,Region 02,382,Sports,Dumbbells,15,105.29,1227.15,Wholesale,Wholesale,0.777
ORD-00059292,2023-06-16,Region 42,330,Books,Novel,12,23.79,221.82,Wholesale,Retail,0.777
ORD-00114582,2023-06-17,Region 40,305,Apparel,Jacket,6,76.08,354.68,SMB,Wholesale,0.777
ORD-00187929,2023-06-17,Region 09,464,Toys,Puzzle,12,45.5,424.24,Enterprise,Online Store,0.777
ORD-00792183,2023-06-17,Region 21,489,Toys,Board Game,6,31.63,147.46,SMB,Wholesale,0.777
ORD-00704692,2023-06-17,Region 18,597,Apparel,T-Shirt,2,80.24,124.69,Enterprise,Wholesale,0.777
ORD-00878601,2023-06-17,Region 25,236,Books,Journal,8,33.59,208.8,Retail,Online Store,0.777
ORD-00008717,2023-06-17,Region 54,14,Apparel,Jacket,13,73.38,741.21,Retail,Online Store,0.777
ORD-00204397,2023-06-17,Region 33,418,Electronics,Tablet,20,443.43,6890.9,Retail,Retail,0.777
ORD-00652504,2023-06-17,Region 10,565,Sports,Treadmill,17,58.91,778.14,SMB,Online Store,0.777
ORD-00438901,2023-06-18,Region 41,203,Beauty,Moisturizer,12,38.96,363.26,Retail,Online Store,0.777
ORD-00774926,2023-06-18,Region 06,166,Books,Novel,18,26.91,376.36,SMB,Retail,0.777
ORD-00650249,2023-06-18,Region 25,559,Apparel,Sneakers,11,82.12,701.88,Enterprise,Online Store,0.777
ORD-00652803,2023-06-18,Region 20,163,Home,Blender,12,205.9,1919.81,Wholesale,Wholesale,0.777
ORD-00494276,2023-06-18,Region 09,165,Beauty,Shampoo,12,43.45,405.13,Wholesale,Retail,0.777
ORD-00542997,2023-06-18,Region 51,171,Home,Curtains,6,195.01,909.14,Wholesale,Wholesale,0.777
ORD-00921005,2023-06-18,Region 47,405,Beauty,Lipstick,6,43.66,203.54,SMB,Online Store,0.777
ORD-00529927,2023-06-19,Region 35,596,Electronics,Laptop,5,353.8,1374.51,Retail,Retail,0.777
ORD-00480309,2023-06-19,Region 10,319,Apparel,Jacket,15,51.86,604.43,Enterprise,Wholesale,0.777
ORD-00203337,2023-06-19,Region 29,395,Grocery,Rice,7,17.19,93.5,Wholesale,Online Store,0.777
ORD-00641021,2023-06-20,Region 47,146,Books,Textbook,6,30.76,143.4,Retail,Wholesale,0.777
ORD-00517558,2023-06-20,Region 10,361,Electronics,Headphones,10,657.54,5109.09,SMB,Wholesale,0.777
ORD-00328313,2023-06-20,Region 12,121,Books,Textbook,13,26.38,266.46,SMB,Online Store,0.777
ORD-00292604,2023-06-20,Region 12,404,Beauty,Shampoo,19,30.4,448.8,Wholesale,Retail,0.777
ORD-00639020,2023-06-20,Region 11,7,Sports,Dumbbells,20,77.41,1202.95,Enterprise,Online Store,0.777
ORD-00252174,2023-06-20,Region 40,88,Electronics,Headphones,4,378.36,1175.94,SMB,Retail,0.777
ORD-00899935,2023-06-20,Region 24,67,Apparel,Jeans,20,76.78,1193.16,SMB,Wholesale,0.777
ORD-00831125,2023-06-20,Region 49,311,Sports,Dumbbells,5,90.38,351.13,SMB,Online Store,0.777
ORD-00949905,2023-06-20,Region 21,544,Toys,Building Blocks,7,51.45,279.84,Wholesale,Online Store,0.777
ORD-00307302,2023-06-21,Region 03,111,Apparel,Sneakers,4,45.17,140.39,Retail,Online Store,0.777
ORD-00216538,2023-06-21,Region 08,126,Toys,Puzzle,10,42.91,333.41,Retail,Retail,0.777
ORD-00921401,2023-06-21,Region 05,264,Apparel,Jeans,11,58.93,503.67,SMB,Wholesale,0.777
ORD-00834092,2023-06-21,Region 24,298,Electronics,Smartphone,16,691.22,8593.25,Retail,Retail,0.777
ORD-00514259,2023-06-22,Region 29,131,Grocery,Milk Powder,1,27.68,21.51,SMB,Online Store,0.777
ORD-00597898,2023-06-22,Region 13,441,Toys,Puzzle,19,51.57,761.33,Enterprise,Retail,0.777
ORD-00062036,2023-06-22,Region 08,161,Sports,Treadmill,19,56.5,834.11,Enterprise,Wholesale,0.777
ORD-00537217,2023-06-22,Region 41,597,Sports,Dumbbells,9,100.85,705.24,Enterprise,Online Store,0.777
ORD-00667977,2023-06-23,Region 09,248,Books,Journal,12,28.06,261.63,Retail,Retail,0.777
ORD-00465367,2023-06-23,Region 46,266,Home,Lamp,20,155.71,2419.73,SMB,Wholesale,0.777
ORD-00628642,2023-06-24,Region 14,269,Sports,Treadmill,6,61.82,288.2,SMB,Retail,0.777
ORD-00502187,2023-06-24,Region 37,445,Beauty,Moisturizer,17,26.81,354.13,Wholesale,Retail,0.777
ORD-00070480,2023-06-24,Region 06,318,Grocery,Milk Powder,19,19.3,284.93,SMB,Retail,0.777
ORD-00880776,2023-06-25,Region 44,242,Apparel,Jeans,1,62.26,48.38,Enterprise,Online Store,0.777
ORD-00061245,2023-06-25,Region 03,575,Books,Cookbook,13,24.82,250.71,Wholesale,Online Store,0.777
ORD-00552023,2023-06-25,Region 29,377,Sports,Treadmill,6,98.49,459.16,Enterprise,Wholesale,0.777
ORD-00106225,2023-06-26,Region 50,146,Electronics,Laptop,19,666.13,9834.08,SMB,Wholesale,0.777
ORD-00889358,2023-06-26,Region 48,600,Apparel,T-Shirt,5,57.35,222.8,Retail,Online Store,0.777
ORD-00505823,2023-06-26,Region 14,560,Sports,Treadmill,15,77.86,907.46,Retail,Retail,0.777
ORD-00385082,2023-06-26,Region 38,123,Home,Blender,8,139.42,866.63,Enterprise,Wholesale,0.777
ORD-00804399,2023-06-26,Region 05,166,Books,Cookbook,19,30.99,457.51,Enterprise,Retail,0.777
ORD-00576143,2023-06-26,Region 37,374,Sports,Dumbbells,8,62.42,388.0,Wholesale,Retail,0.777
ORD-00203766,2023-06-26,Region 51,217,Books,Cookbook,8,25.26,157.02,Retail,Online Store,0.777
ORD-00578367,2023-06-26,Region 45,49,Grocery,Coffee,1,25.73,19.99,Wholesale,Online Store,0.777
ORD-00462525,2023-06-26,Region 05,346,Beauty,Lipstick,4,25.23,78.41,Enterprise,Online Store,0.777
ORD-00066828,2023-06-27,Region 42,138,Electronics,Smartphone,1,587.17,456.23,Enterprise,Wholesale,0.777
ORD-00515238,2023-06-27,Region 11,50,Toys,Building Blocks,13,39.48,398.79,Wholesale,Wholesale,0.777
ORD-00313964,2023-06-27,Region 27,149,Sports,Treadmill,4,58.74,182.56,Wholesale,Retail,0.777
ORD-00684163,2023-06-27,Region 10,268,Toys,Puzzle,12,32.17,299.95,SMB,Wholesale,0.777
ORD-00006709,2023-06-28,Region 55,544,Sports,Water Bottle,13,100.31,1013.23,SMB,Wholesale,0.777
ORD-00483615,2023-06-28,Region 35,581,Electronics,Laptop,5,477.93,1856.76,Enterprise,Retail,0.777
ORD-00533191,2023-06-28,Region 35,67,Home,Blender,2,124.84,194.0,Enterprise,Online Store,0.777
ORD-00851711,2023-06-28,Region 02,230,Sports,Water Bottle,9,101.01,706.36,Enterprise,Wholesale,0.777
ORD-00331227,2023-06-29,Region 06,310,Beauty,Serum,3,42.74,99.63,Enterprise,Online Store,0.777
ORD-00394676,2023-06-29,Region 35,441,Books,Journal,11,22.61,193.25,Enterprise,Online Store,0.777
ORD-00964783,2023-06-29,Region 32,452,Toys,Puzzle,15,49.33,574.94,Wholesale,Wholesale,0.777
ORD-00149798,2023-06-29,Region 34,436,Home,Sofa,5,199.81,776.26,SMB,Wholesale,0.777
ORD-00586828,2023-06-29,Region 48,520,Electronics,Tablet,17,688.0,9087.79,Wholesale,Online Store,0.777
ORD-00495510,2023-06-29,Region 38,356,Toys,Puzzle,15,46.63,543.47,Retail,Retail,0.777
ORD-00451884,2023-06-29,Region 49,177,Toys,Building Blocks,11,37.29,318.72,Retail,Online Store,0.777
ORD-00636345,2023-06-30,Region 06,95,Home,Blender,14,167.4,1820.98,Wholesale,Wholesale,0.777
ORD-00364915,2023-06-30,Region 54,588,Electronics,Laptop,16,545.46,6781.16,SMB,Wholesale,0.777
ORD-00180103,2023-06-30,Region 51,298,Apparel,Sneakers,16,47.45,589.9,Retail,Online Store,0.777
ORD-00079656,2023-06-30,Region 11,542,Electronics,Laptop,20,634.34,9857.64,Retail,Wholesale,0.777
ORD-00021425,2023-06-30,Region 36,387,Books,Textbook,20,26.25,407.92,Enterprise,Wholesale,0.777
ORD-00912351,2023-07-01,Region 18,253,Sports,Yoga Mat,10,94.96,997.08,SMB,Retail,1.05
ORD-00689446,2023-07-01,Region 51,336,Books,Textbook,11,21.08,243.47,SMB,Wholesale,1.05
ORD-00830260,2023-07-01,Region 21,342,Home,Lamp,18,145.29,2745.98,Wholesale,Wholesale,1.05
ORD-00659592,2023-07-02,Region 34,258,Grocery,Milk Powder,7,26.13,192.06,Wholesale,Wholesale,1.05
ORD-00129361,2023-07-02,Region 49,135,Toys,Puzzle,2,32.64,68.54,Retail,Wholesale,1.05
ORD-00056243,2023-07-02,Region 37,82,Grocery,Coffee,12,18.38,231.59,Retail,Retail,1.05
ORD-00891556,2023-07-02,Region 16,509,Books,Textbook,16,18.1,304.08,SMB,Retail,1.05
ORD-00788725,2023-07-02,Region 23,547,Sports,Yoga Mat,19,103.52,2065.22,Enterprise,Wholesale,1.05
ORD-00864371,2023-07-03,Region 29,79,Grocery,Coffee,18,14.41,272.35,SMB,Online Store,1.05
ORD-00351987,2023-07-03,Region 05,220,Beauty,Serum,20,35.43,744.03,Enterprise,Online Store,1.05
ORD-00896827,2023-07-03,Region 07,506,Apparel,Jeans,16,70.15,1178.52,Wholesale,Online Store,1.05
ORD-00269429,2023-07-03,Region 52,235,Beauty,Serum,15,45.5,716.62,Retail,Online Store,1.05
ORD-00239527,2023-07-03,Region 51,512,Grocery,Cooking Oil,17,25.36,452.68,Enterprise,Retail,1.05
ORD-00449596,2023-07-04,Region 07,32,Sports,Yoga Mat,16,58.79,987.67,Retail,Retail,1.05
ORD-00330756,2023-07-04,Region 01,581,Beauty,Shampoo,8,25.13,211.09,SMB,Retail,1.05
ORD-00241457,2023-07-04,Region 46,311,Beauty,Lipstick,16,43.99,739.03,Enterprise,Online Store,1.05
ORD-00242082,2023-07-04,Region 52,80,Toys,Action Figure,13,36.66,500.41,Enterprise,Retail,1.05
ORD-00554789,2023-07-04,Region 13,571,Sports,Water Bottle,2,95.6,200.76,Retail,Online Store,1.05
ORD-00330216,2023-07-04,Region 10,108,Electronics,Laptop,15,641.48,10103.31,Retail,Wholesale,1.05
ORD-00082965,2023-07-05,Region 35,419,Books,Cookbook,10,19.3,202.65,Wholesale,Online Store,1.05
ORD-00779229,2023-07-05,Region 31,26,Home,Blender,17,138.03,2463.84,Retail,Retail,1.05
ORD-00246895,2023-07-05,Region 10,311,Beauty,Moisturizer,15,32.02,504.32,SMB,Online Store,1.05
ORD-00471263,2023-07-06,Region 21,107,Beauty,Moisturizer,7,32.75,240.71,Retail,Wholesale,1.05
ORD-00194702,2023-07-06,Region 14,27,Home,Lamp,9,114.28,1079.95,Wholesale,Retail,1.05
ORD-00716634,2023-07-06,Region 42,428,Toys,Board Game,6,38.03,239.59,SMB,Online Store,1.05
ORD-00684788,2023-07-06,Region 37,220,Books,Journal,2,27.06,56.83,Enterprise,Retail,1.05
ORD-00253268,2023-07-06,Region 26,48,Toys,Building Blocks,6,45.92,289.3,Enterprise,Retail,1.05
ORD-00905739,2023-07-06,Region 47,61,Apparel,T-Shirt,17,82.47,1472.09,SMB,Online Store,1.05
ORD-00603945,2023-07-07,Region 28,229,Grocery,Coffee,14,27.51,404.4,Retail,Online Store,1.05
ORD-00933280,2023-07-08,Region 49,413,Home,Blender,3,156.91,494.27,Enterprise,Online Store,1.05
ORD-00903820,2023-07-08,Region 30,132,Books,Textbook,10,34.03,357.32,SMB,Online Store,1.05
ORD-00434056,2023-07-08,Region 44,352,Sports,Water Bottle,10,65.04,682.92,Enterprise,Wholesale,1.05
ORD-00658587,2023-07-08,Region 20,550,Grocery,Rice,19,23.67,472.22,Enterprise,Online Store,1.05
ORD-00607356,2023-07-08,Region 50,237,Electronics,Smartphone,12,514.26,6479.68,SMB,Retail,1.05
ORD-00811353,2023-07-08,Region 47,348,Beauty,Moisturizer,11,41.07,474.36,Wholesale,Online Store,1.05
ORD-00180316,2023-07-08,Region 55,59,Apparel,Jacket,15,46.85,737.89,Retail,Online Store,1.05
ORD-00876437,2023-07-08,Region 39,39,Books,Textbook,5,27.31,143.38,Enterprise,Online Store,1.05
ORD-00251679,2023-07-08,Region 48,257,Grocery,Rice,20,25.98,545.58,SMB,Wholesale,1.05
ORD-00660823,2023-07-09,Region 39,363,Grocery,Milk Powder,14,14.24,209.33,SMB,Retail,1.05
ORD-00125786,2023-07-09,Region 18,477,Apparel,T-Shirt,16,63.9,1073.52,Retail,Retail,1.05
ORD-00023898,2023-07-09,Region 29,65,Beauty,Moisturizer,7,28.79,211.61,SMB,Wholesale,1.05
ORD-00092376,2023-07-09,Region 53,434,Books,Cookbook,18,28.33,535.44,Retail,Wholesale,1.05
ORD-00118842,2023-07-09,Region 05,250,Home,Blender,13,133.16,1817.63,Retail,Retail,1.05
ORD-00129018,2023-07-09,Region 23,583,Home,Sofa,14,198.22,2913.83,Wholesale,Retail,1.05
ORD-00674722,2023-07-10,Region 44,469,Home,Curtains,16,144.56,2428.61,Wholesale,Online Store,1.05
ORD-00690707,2023-07-10,Region 35,58,Books,Novel,17,32.05,572.09,Enterprise,Retail,1.05
ORD-00147156,2023-07-10,Region 18,35,Grocery,Coffee,4,20.15,84.63,Wholesale,Online Store,1.05
ORD-00469322,2023-07-10,Region 28,200,Apparel,Jeans,9,77.34,730.86,Enterprise,Wholesale,1.05
ORD-00124732,2023-07-10,Region 13,206,Sports,Water Bottle,13,103.7,1415.5,Enterprise,Retail,1.05
ORD-00467205,2023-07-10,Region 11,19,Sports,Dumbbells,13,106.55,1454.41,Retail,Online Store,1.05
ORD-00770154,2023-07-10,Region 53,527,Home,Lamp,7,157.22,1155.57,Enterprise,Wholesale,1.05
ORD-00448287,2023-07-11,Region 45,75,Home,Curtains,18,145.75,2754.68,Enterprise,Retail,1.05
ORD-00953331,2023-07-11,Region 34,512,Home,Sofa,8,120.55,1012.62,Retail,Online Store,1.05
ORD-00629280,2023-07-11,Region 43,139,Apparel,Jacket,5,75.2,394.8,Wholesale,Retail,1.05
ORD-00264295,2023-07-11,Region 05,257,Books,Cookbook,1,22.09,23.19,Enterprise,Wholesale,1.05
ORD-00141861,2023-07-11,Region 29,180,Apparel,Sneakers,8,72.53,609.25,Retail,Online Store,1.05
ORD-00768189,2023-07-12,Region 38,237,Sports,Water Bottle,10,64.15,673.58,Retail,Online Store,1.05
ORD-00497547,2023-07-12,Region 42,36,Books,Novel,19,34.22,682.69,Retail,Online Store,1.05
ORD-00874662,2023-07-12,Region 50,114,Sports,Dumbbells,13,107.31,1464.78,Retail,Online Store,1.05
ORD-00823400,2023-07-12,Region 37,232,Apparel,Sneakers,18,83.5,1578.15,Wholesale,Online Store,1.05
ORD-00884685,2023-07-12,Region 28,552,Grocery,Milk Powder,15,22.78,358.79,Retail,Online Store,1.05
ORD-00711434,2023-07-12,Region 06,439,Books,Novel,9,25.02,236.44,Retail,Wholesale,1.05
ORD-00938094,2023-07-13,Region 44,328,Beauty,Moisturizer,6,47.6,299.88,Wholesale,Wholesale,1.05
ORD-00501033,2023-07-13,Region 54,593,Grocery,Rice,20,18.93,397.53,SMB,Retail,1.05
ORD-00501685,2023-07-14,Region 25,284,Grocery,Coffee,14,26.52,389.84,SMB,Online Store,1.05
ORD-00367192,2023-07-15,Region 15,554,Toys,Puzzle,3,34.27,107.95,Retail,Retail,1.05
ORD-00309845,2023-07-15,Region 38,124,Sports,Water Bottle,5,101.1,530.78,Enterprise,Wholesale,1.05
ORD-00541130,2023-07-15,Region 54,44,Grocery,Rice,6,17.6,110.88,Retail,Wholesale,1.05
ORD-00197834,2023-07-16,Region 36,338,Home,Curtains,19,197.77,3945.51,Wholesale,Wholesale,1.05
ORD-00703135,2023-07-16,Region 02,37,Books,Novel,1,34.14,35.85,Retail,Wholesale,1.05
ORD-00112110,2023-07-16,Region 01,99,Grocery,Milk Powder,18,14.94,282.37,Enterprise,Retail,1.05
ORD-00140259,2023-07-16,Region 32,70,Electronics,Headphones,17,462.92,8263.12,SMB,Wholesale,1.05
ORD-00009954,2023-07-17,Region 47,549,Home,Blender,17,209.38,3737.43,Enterprise,Wholesale,1.05
ORD-00329038,2023-07-17,Region 37,282,Apparel,Jeans,14,55.43,814.82,Retail,Wholesale,1.05
ORD-00687453,2023-07-17,Region 12,57,Books,Textbook,5,32.35,169.84,Enterprise,Online Store,1.05
ORD-00539604,2023-07-18,Region 53,544,Home,Sofa,20,124.81,2621.01,Retail,Wholesale,1.05
ORD-00043754,2023-07-18,Region 07,29,Apparel,Sneakers,16,64.56,1084.61,Enterprise,Wholesale,1.05
ORD-00274636,2023-07-18,Region 12,103,Books,Textbook,2,27.08,56.87,SMB,Wholesale,1.05
ORD-00032445,2023-07-18,Region 21,479,Electronics,Tablet,6,481.11,3030.99,Retail,Retail,1.05
ORD-00071725,2023-07-18,Region 07,106,Beauty,Serum,16,27.12,455.62,Retail,Retail,1.05
ORD-00980328,2023-07-18,Region 37,290,Sports,Treadmill,9,67.17,634.76,Wholesale,Online Store,1.05
ORD-00811276,2023-07-19,Region 53,507,Electronics,Headphones,6,527.24,3321.61,Wholesale,Wholesale,1.05
ORD-00631012,2023-07-19,Region 49,510,Toys,Action Figure,18,49.0,926.1,Enterprise,Online Store,1.05
ORD-00017282,2023-07-19,Region 33,131,Toys,Puzzle,7,41.48,304.88,Retail,Online Store,1.05
ORD-00993411,2023-07-20,Region 54,68,Apparel,Jacket,6,76.7,483.21,Enterprise,Wholesale,1.05
ORD-00615339,2023-07-20,Region 11,222,Grocery,Coffee,8,15.06,126.5,SMB,Wholesale,1.05
ORD-00329181,2023-07-20,Region 22,248,Sports,Yoga Mat,18,92.23,1743.15,Retail,Online Store,1.05
ORD-00597265,2023-07-21,Region 49,398,Sports,Treadmill,10,70.3,738.15,Retail,Online Store,1.05
ORD-00093058,2023-07-21,Region 12,44,Sports,Treadmill,15,102.24,1610.28,Enterprise,Online Store,1.05
ORD-00823177,2023-07-21,Region 40,133,Beauty,Serum,5,28.9,151.72,Enterprise,Retail,1.05
ORD-00607697,2023-07-21,Region 12,442,Toys,Board Game,4,48.24,202.61,Retail,Wholesale,1.05
ORD-00866791,2023-07-22,Region 15,218,Sports,Yoga Mat,17,89.18,1591.86,Retail,Retail,1.05
ORD-00178920,2023-07-22,Region 27,251,Electronics,Tablet,15,387.08,6096.51,Wholesale,Online Store,1.05
ORD-00780610,2023-07-22,Region 52,569,Sports,Yoga Mat,3,74.69,235.27,SMB,Retail,1.05
ORD-00745309,2023-07-22,Region 42,253,Sports,Yoga Mat,11,57.07,659.16,SMB,Online Store,1.05
ORD-00897342,2023-07-23,Region 52,535,Grocery,Cooking Oil,12,24.34,306.68,Wholesale,Retail,1.05
ORD-00573702,2023-07-23,Region 23,504,Home,Lamp,12,163.86,2064.64,Enterprise,Online Store,1.05
ORD-00939140,2023-07-23,Region 13,193,Beauty,Moisturizer,14,29.01,426.45,SMB,Wholesale,1.05
ORD-00631184,2023-07-23,Region 17,307,Toys,Board Game,1,47.18,49.54,Enterprise,Online Store,1.05
ORD-00494013,2023-07-23,Region 45,306,Books,Cookbook,2,28.3,59.43,SMB,Online Store,1.05
ORD-00895577,2023-07-24,Region 35,555,Home,Sofa,14,188.07,2764.63,Enterprise,Wholesale,1.05
ORD-00616459,2023-07-24,Region 21,479,Electronics,Tablet,8,509.45,4279.38,Wholesale,Retail,1.05
ORD-00965027,2023-07-24,Region 03,171,Home,Curtains,3,105.37,331.92,Enterprise,Online Store,1.05
ORD-00429901,2023-07-24,Region 03,39,Beauty,Serum,9,48.94,462.48,Wholesale,Retail,1.05
ORD-00024271,2023-07-24,Region 41,271,Books,Textbook,9,33.53,316.86,Enterprise,Retail,1.05
ORD-00510305,2023-07-25,Region 34,259,Beauty,Lipstick,15,41.32,650.79,SMB,Online Store,1.05
ORD-00664343,2023-07-25,Region 52,223,Toys,Puzzle,16,29.98,503.66,Wholesale,Online Store,1.05
ORD-00345038,2023-07-25,Region 18,382,Home,Lamp,18,160.46,3032.69,Enterprise,Wholesale,1.05
ORD-00071334,2023-07-26,Region 34,54,Apparel,Jeans,14,83.58,1228.63,SMB,Wholesale,1.05
ORD-00503247,2023-07-26,Region 09,559,Beauty,Shampoo,11,46.08,532.22,SMB,Online Store,1.05
ORD-00443525,2023-07-26,Region 42,349,Beauty,Moisturizer,6,29.52,185.98,Wholesale,Online Store,1.05
ORD-00623382,2023-07-26,Region 14,390,Beauty,Lipstick,3,31.41,98.94,Enterprise,Online Store,1.05
ORD-00216756,2023-07-27,Region 20,372,Apparel,Jacket,10,43.98,461.79,Retail,Online Store,1.05
ORD-00822345,2023-07-27,Region 27,238,Books,Textbook,20,29.0,609.0,Enterprise,Retail,1.05
ORD-00751428,2023-07-27,Region 07,409,Beauty,Lipstick,4,35.08,147.34,Enterprise,Retail,1.05
ORD-00636640,2023-07-27,Region 50,427,Apparel,T-Shirt,18,53.67,1014.36,SMB,Retail,1.05
ORD-00184425,2023-07-27,Region 48,269,Electronics,Headphones,1,401.66,421.74,Enterprise,Retail,1.05
ORD-00824868,2023-07-27,Region 42,196,Apparel,Jacket,18,48.16,910.22,Wholesale,Online Store,1.05
ORD-00735674,2023-07-28,Region 29,269,Grocery,Coffee,11,14.03,162.05,Enterprise,Online Store,1.05
ORD-00137067,2023-07-28,Region 33,592,Beauty,Moisturizer,10,48.2,506.1,SMB,Online Store,1.05
ORD-00973423,2023-07-28,Region 43,16,Apparel,Jeans,5,82.88,435.12,Retail,Retail,1.05
ORD-00957737,2023-07-28,Region 26,87,Grocery,Rice,2,19.74,41.45,SMB,Retail,1.05
ORD-00629568,2023-07-29,Region 18,551,Books,Textbook,8,19.86,166.82,Retail,Wholesale,1.05
ORD-00175698,2023-07-29,Region 36,104,Home,Curtains,18,136.73,2584.2,Enterprise,Online Store,1.05
ORD-00520945,2023-07-29,Region 24,263,Home,Curtains,4,207.23,870.37,Wholesale,Online Store,1.05
ORD-00316190,2023-07-29,Region 52,383,Apparel,Jacket,6,75.63,476.47,SMB,Online Store,1.05
ORD-00401397,2023-07-29,Region 23,191,Beauty,Serum,6,44.38,279.59,Enterprise,Online Store,1.05
ORD-00093350,2023-07-30,Region 01,14,Toys,Action Figure,13,29.37,400.9,SMB,Retail,1.05
ORD-00023673,2023-07-30,Region 29,523,Grocery,Milk Powder,16,25.22,423.7,Enterprise,Retail,1.05
ORD-00791757,2023-07-30,Region 52,68,Sports,Dumbbells,14,78.74,1157.48,Wholesale,Online Store,1.05
ORD-00944184,2023-07-30,Region 02,221,Grocery,Coffee,17,20.02,357.36,SMB,Wholesale,1.05
ORD-00880500,2023-07-30,Region 14,589,Electronics,Tablet,14,600.11,8821.62,Enterprise,Online Store,1.05
ORD-00828217,2023-07-31,Region 43,414,Toys,Action Figure,14,28.55,419.68,SMB,Online Store,1.05
ORD-00534700,2023-07-31,Region 09,69,Home,Sofa,13,115.06,1570.57,SMB,Wholesale,1.05
ORD-00648861,2023-07-31,Region 25,479,Home,Blender,2,133.29,279.91,SMB,Online Store,1.05
ORD-00829829,2023-08-01,Region 55,251,Electronics,Smartphone,4,520.1,2184.42,Enterprise,Online Store,1.05
ORD-00859353,2023-08-01,Region 14,67,Grocery,Rice,10,16.46,172.83,Enterprise,Online Store,1.05
ORD-00908756,2023-08-01,Region 54,192,Home,Lamp,11,143.55,1658.0,Enterprise,Online Store,1.05
ORD-00417684,2023-08-01,Region 18,531,Home,Lamp,16,112.58,1891.34,Enterprise,Online Store,1.05
ORD-00161454,2023-08-01,Region 25,475,Home,Sofa,13,166.6,2274.09,Enterprise,Wholesale,1.05
ORD-00441903,2023-08-01,Region 02,531,Grocery,Rice,20,16.47,345.87,SMB,Wholesale,1.05
ORD-00635403,2023-08-02,Region 41,362,Toys,Board Game,17,34.86,622.25,Enterprise,Wholesale,1.05
ORD-00562707,2023-08-02,Region 09,496,Grocery,Milk Powder,8,16.74,140.62,SMB,Wholesale,1.05
ORD-00965339,2023-08-02,Region 28,203,Toys,Puzzle,4,51.45,216.09,Enterprise,Wholesale,1.05
ORD-00259552,2023-08-02,Region 53,394,Books,Journal,14,20.0,294.0,Enterprise,Retail,1.05
ORD-00329134,2023-08-03,Region 40,354,Apparel,Sneakers,13,50.06,683.32,Enterprise,Retail,1.05
ORD-00614887,2023-08-04,Region 16,467,Toys,Building Blocks,8,34.48,289.63,Enterprise,Wholesale,1.05
ORD-00014842,2023-08-04,Region 17,215,Grocery,Rice,6,23.06,145.28,Wholesale,Wholesale,1.05
ORD-00052541,2023-08-04,Region 31,268,Sports,Treadmill,10,99.62,1046.01,Wholesale,Online Store,1.05
ORD-00422125,2023-08-04,Region 47,40,Books,Textbook,17,28.26,504.44,Wholesale,Online Store,1.05
ORD-00201003,2023-08-04,Region 05,142,Electronics,Headphones,9,455.66,4305.99,Enterprise,Retail,1.05
ORD-00296516,2023-08-05,Region 20,457,Grocery,Milk Powder,11,22.5,259.88,Wholesale,Online Store,1.05
ORD-00819653,2023-08-05,Region 01,396,Grocery,Cooking Oil,7,14.96,109.96,Wholesale,Online Store,1.05
ORD-00615427,2023-08-05,Region 25,178,Toys,Board Game,13,55.46,757.03,SMB,Wholesale,1.05
ORD-00092340,2023-08-05,Region 05,54,Sports,Dumbbells,9,60.92,575.69,Enterprise,Retail,1.05
ORD-00387817,2023-08-05,Region 46,397,Sports,Treadmill,4,106.48,447.22,Enterprise,Wholesale,1.05
ORD-00268446,2023-08-05,Region 53,582,Grocery,Milk Powder,15,22.25,350.44,Enterprise,Retail,1.05
ORD-00874941,2023-08-06,Region 25,86,Apparel,Jacket,6,65.04,409.75,Wholesale,Wholesale,1.05
ORD-00339672,2023-08-06,Region 04,460,Sports,Treadmill,17,92.65,1653.8,Enterprise,Online Store,1.05
ORD-00574982,2023-08-06,Region 47,246,Toys,Board Game,16,32.81,551.21,Wholesale,Wholesale,1.05
ORD-00218040,2023-08-06,Region 12,536,Electronics,Headphones,15,442.03,6961.97,Retail,Online Store,1.05
ORD-00447840,2023-08-06,Region 39,338,Toys,Board Game,18,38.22,722.36,Wholesale,Wholesale,1.05
ORD-00912474,2023-08-06,Region 08,26,Apparel,Sneakers,12,71.6,902.16,Retail,Retail,1.05
ORD-00300504,2023-08-07,Region 35,589,Home,Curtains,5,107.75,565.69,SMB,Retail,1.05
ORD-00114913,2023-08-07,Region 02,36,Toys,Puzzle,20,35.44,744.24,Enterprise,Online Store,1.05
ORD-00247907,2023-08-07,Region 18,7,Apparel,Jacket,16,70.04,1176.67,SMB,Wholesale,1.05
ORD-00144193,2023-08-07,Region 12,22,Books,Textbook,6,30.32,191.02,Enterprise,Retail,1.05
ORD-00157390,2023-08-07,Region 41,574,Books,Novel,8,34.8,292.32,Enterprise,Online Store,1.05
ORD-00753016,2023-08-08,Region 01,517,Electronics,Laptop,7,589.72,4334.44,SMB,Retail,1.05
ORD-00745284,2023-08-08,Region 03,138,Toys,Building Blocks,3,48.94,154.16,SMB,Online Store,1.05
ORD-00001552,2023-08-08,Region 53,158,Toys,Board Game,1,48.22,50.63,Wholesale,Retail,1.05
ORD-00861041,2023-08-08,Region 26,191,Electronics,Laptop,13,497.48,6790.6,Retail,Wholesale,1.05
ORD-00312423,2023-08-09,Region 11,42,Apparel,Sneakers,10,52.86,555.03,SMB,Wholesale,1.05
ORD-00337637,2023-08-09,Region 39,124,Toys,Building Blocks,10,39.86,418.53,Wholesale,Online Store,1.05
ORD-00353395,2023-08-09,Region 51,158,Books,Novel,7,25.4,186.69,Retail,Retail,1.05
ORD-00376115,2023-08-09,Region 43,242,Home,Curtains,4,169.33,711.19,SMB,Wholesale,1.05
ORD-00868205,2023-08-10,Region 24,243,Apparel,Jacket,13,61.11,834.15,Retail,Online Store,1.05
ORD-00865901,2023-08-10,Region 15,302,Home,Lamp,1,153.45,161.12,Wholesale,Wholesale,1.05
ORD-00060420,2023-08-10,Region 24,372,Apparel,T-Shirt,3,82.87,261.04,Enterprise,Retail,1.05
ORD-00126817,2023-08-10,Region 24,65,Grocery,Rice,5,18.1,95.02,Wholesale,Retail,1.05
ORD-00424068,2023-08-10,Region 24,439,Sports,Dumbbells,13,92.15,1257.85,Retail,Wholesale,1.05
ORD-00392630,2023-08-11,Region 38,398,Apparel,Jeans,18,73.12,1381.97,SMB,Online Store,1.05
ORD-00603077,2023-08-11,Region 12,264,Electronics,Laptop,20,608.32,12774.72,SMB,Wholesale,1.05
ORD-00986017,2023-08-11,Region 21,55,Books,Journal,13,28.56,389.84,Enterprise,Retail,1.05
ORD-00005708,2023-08-11,Region 03,78,Electronics,Laptop,6,463.99,2923.14,Enterprise,Retail,1.05
ORD-00242165,2023-08-12,Region 29,164,Beauty,Moisturizer,4,46.89,196.94,SMB,Wholesale,1.05
ORD-00549622,2023-08-12,Region 21,12,Home,Sofa,17,136.23,2431.71,SMB,Online Store,1.05
ORD-00058008,2023-08-12,Region 11,525,Grocery,Cooking Oil,8,16.91,142.04,Wholesale,Online Store,1.05
ORD-00977288,2023-08-13,Region 53,408,Home,Curtains,7,191.56,1407.97,Wholesale,Wholesale,1.05
ORD-00922821,2023-08-13,Region 18,548,Home,Sofa,12,150.24,1893.02,Wholesale,Wholesale,1.05
ORD-00075430,2023-08-13,Region 25,371,Grocery,Milk Powder,3,18.22,57.39,Wholesale,Online Store,1.05
ORD-00552547,2023-08-13,Region 02,36,Apparel,Jeans,3,65.34,205.82,Wholesale,Retail,1.05
ORD-00794196,2023-08-13,Region 53,96,Apparel,Jeans,1,62.66,65.79,Wholesale,Online Store,1.05
ORD-00644963,2023-08-14,Region 10,239,Home,Curtains,11,138.6,1600.83,SMB,Retail,1.05
ORD-00902220,2023-08-15,Region 47,328,Books,Novel,16,31.22,524.5,Enterprise,Wholesale,1.05
ORD-00439992,2023-08-15,Region 55,261,Electronics,Smartphone,7,536.37,3942.32,Enterprise,Retail,1.05
ORD-00991351,2023-08-15,Region 29,73,Beauty,Lipstick,2,28.47,59.79,Enterprise,Wholesale,1.05
ORD-00892977,2023-08-15,Region 23,89,Electronics,Headphones,2,537.6,1128.96,SMB,Retail,1.05
ORD-00955962,2023-08-16,Region 19,4,Books,Journal,11,28.63,330.68,SMB,Online Store,1.05
ORD-00872559,2023-08-16,Region 31,104,Electronics,Headphones,14,666.17,9792.7,Retail,Retail,1.05
ORD-00312702,2023-08-16,Region 48,64,Toys,Building Blocks,13,33.62,458.91,Enterprise,Online Store,1.05
ORD-00805904,2023-08-17,Region 54,1,Beauty,Shampoo,14,29.08,427.48,Retail,Online Store,1.05
ORD-00772346,2023-08-17,Region 10,417,Sports,Yoga Mat,14,96.94,1425.02,SMB,Online Store,1.05
ORD-00055625,2023-08-17,Region 49,163,Home,Blender,18,135.46,2560.19,Retail,Online Store,1.05
ORD-00413486,2023-08-17,Region 09,259,Books,Cookbook,10,27.29,286.54,Enterprise,Retail,1.05
ORD-00051619,2023-08-17,Region 22,348,Toys,Building Blocks,9,53.58,506.33,Wholesale,Retail,1.05
ORD-00479066,2023-08-17,Region 47,340,Books,Journal,17,26.65,475.7,Wholesale,Retail,1.05
ORD-00725780,2023-08-17,Region 28,201,Electronics,Smartphone,15,581.92,9165.24,Retail,Online Store,1.05
ORD-00960456,2023-08-17,Region 09,60,Beauty,Lipstick,14,36.15,531.4,Wholesale,Retail,1.05
ORD-00704405,2023-08-18,Region 52,384,Toys,Action Figure,1,49.63,52.11,Retail,Wholesale,1.05
ORD-00679267,2023-08-18,Region 04,64,Home,Lamp,4,199.19,836.6,SMB,Retail,1.05
ORD-00761570,2023-08-18,Region 31,42,Apparel,T-Shirt,5,76.33,400.73,SMB,Retail,1.05
ORD-00115332,2023-08-19,Region 52,142,Toys,Action Figure,18,34.48,651.67,SMB,Wholesale,1.05
ORD-00626421,2023-08-19,Region 07,117,Grocery,Milk Powder,17,14.92,266.32,Wholesale,Retail,1.05
ORD-00000916,2023-08-19,Region 52,397,Apparel,Jeans,5,58.86,309.02,SMB,Online Store,1.05
ORD-00949760,2023-08-19,Region 44,580,Beauty,Lipstick,6,41.51,261.51,Retail,Online Store,1.05
ORD-00932537,2023-08-19,Region 31,400,Grocery,Rice,18,16.39,309.77,Retail,Wholesale,1.05
ORD-00858787,2023-08-19,Region 53,351,Beauty,Lipstick,14,32.24,473.93,SMB,Wholesale,1.05
ORD-00946375,2023-08-19,Region 46,383,Grocery,Milk Powder,10,22.43,235.52,Enterprise,Online Store,1.05
ORD-00666888,2023-08-20,Region 20,529,Apparel,Jacket,11,59.84,691.15,SMB,Online Store,1.05
ORD-00060330,2023-08-20,Region 10,278,Home,Sofa,9,130.11,1229.54,Retail,Wholesale,1.05
ORD-00990414,2023-08-20,Region 14,592,Toys,Puzzle,19,30.83,615.06,SMB,Online Store,1.05
ORD-00299257,2023-08-20,Region 36,352,Sports,Yoga Mat,19,62.35,1243.88,Wholesale,Online Store,1.05
ORD-00968492,2023-08-20,Region 06,456,Grocery,Rice,18,25.6,483.84,Retail,Online Store,1.05
ORD-00544379,2023-08-20,Region 13,134,Home,Curtains,4,119.3,501.06,Wholesale,Online Store,1.05
ORD-00358619,2023-08-21,Region 19,46,Sports,Treadmill,14,84.41,1240.83,Enterprise,Wholesale,1.05
ORD-00156187,2023-08-21,Region 53,493,Toys,Board Game,18,31.03,586.47,Wholesale,Retail,1.05
ORD-00803714,2023-08-21,Region 35,154,Books,Journal,2,17.55,36.86,Wholesale,Online Store,1.05
ORD-00162949,2023-08-21,Region 25,187,Grocery,Cooking Oil,14,14.97,220.06,Retail,Online Store,1.05
ORD-00194276,2023-08-21,Region 01,403,Home,Sofa,6,203.68,1283.18,Wholesale,Retail,1.05
ORD-00909891,2023-08-21,Region 19,432,Toys,Action Figure,4,33.18,139.36,Enterprise,Online Store,1.05
ORD-00716119,2023-08-21,Region 29,292,Sports,Dumbbells,20,70.53,1481.13,Enterprise,Online Store,1.05
ORD-00159565,2023-08-21,Region 20,108,Apparel,Jeans,18,57.42,1085.24,SMB,Online Store,1.05
ORD-00139638,2023-08-22,Region 17,216,Sports,Yoga Mat,9,108.42,1024.57,SMB,Wholesale,1.05
ORD-00925280,2023-08-22,Region 10,515,Apparel,Sneakers,3,51.07,160.87,Enterprise,Retail,1.05
ORD-00691910,2023-08-22,Region 32,554,Sports,Dumbbells,15,109.58,1725.89,Retail,Online Store,1.05
ORD-00363325,2023-08-22,Region 02,326,Electronics,Smartphone,8,409.42,3439.13,SMB,Wholesale,1.05
ORD-00836631,2023-08-22,Region 24,307,Sports,Dumbbells,16,62.08,1042.94,Wholesale,Wholesale,1.05
ORD-00463910,2023-08-22,Region 44,23,Toys,Board Game,2,28.61,60.08,Wholesale,Retail,1.05
ORD-00877037,2023-08-23,Region 03,445,Apparel,Jacket,9,70.35,664.81,Wholesale,Wholesale,1.05
ORD-00234113,2023-08-23,Region 04,539,Home,Blender,20,151.22,3175.62,SMB,Online Store,1.05
ORD-00648368,2023-08-23,Region 09,387,Books,Novel,6,18.4,115.92,Retail,Retail,1.05
ORD-00473587,2023-08-23,Region 28,72,Apparel,Jacket,7,43.24,317.81,Retail,Retail,1.05
ORD-00003757,2023-08-23,Region 50,447,Apparel,T-Shirt,17,53.85,961.22,Wholesale,Online Store,1.05
ORD-00829635,2023-08-23,Region 19,573,Sports,Water Bottle,7,96.11,706.41,Retail,Wholesale,1.05
ORD-00557342,2023-08-24,Region 08,75,Beauty,Shampoo,15,40.31,634.88,Enterprise,Wholesale,1.05
ORD-00155552,2023-08-25,Region 32,597,Toys,Board Game,8,30.03,252.25,Wholesale,Wholesale,1.05
ORD-00153668,2023-08-25,Region 49,369,Books,Textbook,3,24.05,75.76,Retail,Online Store,1.05
ORD-00112171,2023-08-25,Region 01,181,Apparel,Jeans,18,83.01,1568.89,Retail,Wholesale,1.05
ORD-00738973,2023-08-25,Region 10,597,Sports,Treadmill,7,62.06,456.14,SMB,Online Store,1.05
ORD-00459638,2023-08-25,Region 11,251,Sports,Dumbbells,2,90.58,190.22,SMB,Online Store,1.05
ORD-00404813,2023-08-25,Region 19,315,Home,Lamp,8,194.9,1637.16,Retail,Wholesale,1.05
ORD-00958859,2023-08-26,Region 16,128,Books,Journal,20,25.5,535.5,Enterprise,Retail,1.05
ORD-00594452,2023-08-26,Region 51,465,Sports,Water Bottle,10,76.61,804.41,Retail,Online Store,1.05
ORD-00118592,2023-08-26,Region 14,13,Books,Novel,10,30.43,319.52,Retail,Wholesale,1.05
ORD-00366305,2023-08-26,Region 14,344,Home,Lamp,19,179.3,3577.04,Retail,Retail,1.05
ORD-00540938,2023-08-26,Region 03,539,Sports,Yoga Mat,8,57.63,484.09,SMB,Wholesale,1.05
ORD-00891364,2023-08-26,Region 12,469,Books,Novel,15,26.43,416.27,Enterprise,Wholesale,1.05
ORD-00659639,2023-08-27,Region 29,200,Grocery,Rice,16,19.16,321.89,SMB,Wholesale,1.05
ORD-00193863,2023-08-27,Region 32,554,Books,Cookbook,15,25.88,407.61,Wholesale,Wholesale,1.05
ORD-00030678,2023-08-27,Region 28,256,Electronics,Laptop,10,415.69,4364.74,Enterprise,Online Store,1.05
ORD-00015319,2023-08-27,Region 03,80,Sports,Treadmill,17,56.16,1002.46,Retail,Wholesale,1.05
ORD-00955663,2023-08-27,Region 49,551,Electronics,Tablet,20,657.49,13807.29,Wholesale,Online Store,1.05
ORD-00567130,2023-08-27,Region 52,446,Electronics,Smartphone,10,459.03,4819.81,Retail,Wholesale,1.05
ORD-00184527,2023-08-27,Region 45,115,Grocery,Milk Powder,18,19.96,377.24,Enterprise,Online Store,1.05
ORD-00287105,2023-08-28,Region 50,556,Beauty,Lipstick,20,28.38,595.98,SMB,Retail,1.05
ORD-00067298,2023-08-28,Region 27,522,Books,Novel,14,19.41,285.33,Wholesale,Online Store,1.05
ORD-00620991,2023-08-28,Region 41,275,Grocery,Coffee,19,18.79,374.86,Retail,Retail,1.05
ORD-00578698,2023-08-29,Region 09,529,Grocery,Rice,8,26.85,225.54,Wholesale,Retail,1.05
ORD-00443181,2023-08-29,Region 06,542,Home,Blender,19,153.97,3071.7,Retail,Online Store,1.05
ORD-00201231,2023-08-29,Region 33,24,Grocery,Milk Powder,8,15.0,126.0,Wholesale,Wholesale,1.05
ORD-00818617,2023-08-29,Region 26,35,Home,Blender,12,208.54,2627.6,Enterprise,Retail,1.05
ORD-00402294,2023-08-29,Region 03,423,Apparel,Jacket,14,70.13,1030.91,Wholesale,Wholesale,1.05
ORD-00922764,2023-08-30,Region 54,272,Home,Lamp,4,207.3,870.66,SMB,Wholesale,1.05
ORD-00002334,2023-08-30,Region 15,175,Home,Blender,20,207.56,4358.76,Enterprise,Wholesale,1.05
ORD-00538778,2023-09-01,Region 51,160,Electronics,Laptop,10,545.66,5729.43,Retail,Online Store,1.05
ORD-00674239,2023-09-01,Region 11,265,Apparel,T-Shirt,3,76.77,241.83,Retail,Wholesale,1.05
ORD-00075500,2023-09-01,Region 55,286,Toys,Puzzle,20,35.35,742.35,Enterprise,Online Store,1.05
ORD-00352319,2023-09-01,Region 21,90,Beauty,Moisturizer,2,37.68,79.13,Wholesale,Online Store,1.05
ORD-00678942,2023-09-01,Region 08,403,Sports,Water Bottle,9,83.11,785.39,Retail,Online Store,1.05
ORD-00608511,2023-09-01,Region 04,493,Home,Sofa,18,154.05,2911.54,Enterprise,Retail,1.05
ORD-00576798,2023-09-02,Region 29,282,Books,Novel,17,23.86,425.9,Enterprise,Online Store,1.05
ORD-00355302,2023-09-02,Region 53,270,Electronics,Laptop,20,513.34,10780.14,Retail,Wholesale,1.05
ORD-00740655,2023-09-02,Region 52,141,Electronics,Tablet,2,457.84,961.46,Wholesale,Online Store,1.05
ORD-00936448,2023-09-03,Region 48,237,Home,Curtains,4,178.52,749.78,Wholesale,Online Store,1.05
ORD-00556849,2023-09-03,Region 27,563,Home,Sofa,6,166.76,1050.59,SMB,Online Store,1.05
ORD-00137862,2023-09-03,Region 31,152,Books,Textbook,2,24.74,51.95,Retail,Retail,1.05
ORD-00096436,2023-09-03,Region 29,169,Apparel,Jacket,17,74.01,1321.08,SMB,Retail,1.05
ORD-00857926,2023-09-04,Region 24,98,Sports,Water Bottle,9,111.12,1050.08,Enterprise,Wholesale,1.05
ORD-00813086,2023-09-04,Region 11,13,Toys,Action Figure,10,29.99,314.9,Wholesale,Online Store,1.05
ORD-00548173,2023-09-04,Region 21,286,Apparel,Jeans,20,45.22,949.62,Retail,Online Store,1.05
ORD-00902174,2023-09-04,Region 02,556,Beauty,Shampoo,16,37.59,631.51,Enterprise,Online Store,1.05
ORD-00790411,2023-09-04,Region 27,103,Toys,Puzzle,8,34.96,293.66,Retail,Retail,1.05
ORD-00339032,2023-09-04,Region 13,495,Beauty,Lipstick,18,33.68,636.55,Wholesale,Online Store,1.05
ORD-00899698,2023-09-04,Region 26,20,Grocery,Coffee,5,18.73,98.33,Wholesale,Retail,1.05
ORD-00431477,2023-09-05,Region 17,468,Electronics,Laptop,1,644.17,676.38,Wholesale,Retail,1.05
ORD-00714004,2023-09-05,Region 37,3,Electronics,Tablet,16,535.58,8997.74,Retail,Online Store,1.05
ORD-00920348,2023-09-05,Region 02,124,Toys,Puzzle,1,53.34,56.01,Enterprise,Wholesale,1.05
ORD-00010120,2023-09-05,Region 19,159,Grocery,Coffee,18,26.27,496.5,Wholesale,Retail,1.05
ORD-00557464,2023-09-05,Region 30,442,Apparel,T-Shirt,15,66.25,1043.44,Retail,Wholesale,1.05
ORD-00781037,2023-09-05,Region 52,153,Sports,Water Bottle,12,98.69,1243.49,Enterprise,Wholesale,1.05
ORD-00987303,2023-09-06,Region 49,24,Sports,Yoga Mat,14,105.86,1556.14,Enterprise,Online Store,1.05
ORD-00197396,2023-09-06,Region 35,499,Beauty,Shampoo,4,46.26,194.29,Wholesale,Online Store,1.05
ORD-00529971,2023-09-06,Region 14,521,Apparel,T-Shirt,17,64.47,1150.79,Enterprise,Online Store,1.05
ORD-00352206,2023-09-06,Region 33,82,Grocery,Cooking Oil,12,17.62,222.01,SMB,Retail,1.05
ORD-00335048,2023-09-06,Region 17,278,Sports,Water Bottle,9,100.62,950.86,SMB,Online Store,1.05
ORD-00802453,2023-09-06,Region 50,328,Electronics,Laptop,15,550.03,8662.97,Wholesale,Retail,1.05
ORD-00347248,2023-09-07,Region 34,579,Beauty,Lipstick,6,46.44,292.57,Retail,Wholesale,1.05
ORD-00511488,2023-09-07,Region 54,67,Apparel,T-Shirt,19,51.32,1023.83,SMB,Retail,1.05
ORD-00704334,2023-09-08,Region 20,465,Apparel,Jeans,17,75.57,1348.92,Retail,Online Store,1.05
ORD-00285197,2023-09-08,Region 50,332,Beauty,Moisturizer,3,35.67,112.36,Enterprise,Wholesale,1.05
ORD-00702608,2023-09-08,Region 06,447,Toys,Action Figure,2,53.54,112.43,Enterprise,Online Store,1.05
ORD-00176442,2023-09-08,Region 32,407,Sports,Yoga Mat,3,96.23,303.12,SMB,Wholesale,1.05
ORD-00373614,2023-09-08,Region 10,565,Books,Novel,15,27.97,440.53,Wholesale,Online Store,1.05
ORD-00920175,2023-09-09,Region 52,271,Sports,Treadmill,3,105.54,332.45,SMB,Online Store,1.05
ORD-00548213,2023-09-09,Region 26,576,Beauty,Lipstick,6,33.4,210.42,Enterprise,Online Store,1.05
ORD-00644932,2023-09-09,Region 52,167,Electronics,Laptop,8,557.76,4685.18,Enterprise,Wholesale,1.05
ORD-00194944,2023-09-09,Region 30,572,Toys,Board Game,14,32.12,472.16,SMB,Retail,1.05
ORD-00703173,2023-09-09,Region 39,317,Grocery,Milk Powder,20,16.44,345.24,SMB,Online Store,1.05
ORD-00459058,2023-09-10,Region 21,290,Home,Lamp,14,139.55,2051.39,Enterprise,Wholesale,1.05
ORD-00964755,2023-09-11,Region 10,286,Apparel,Jacket,2,60.27,126.57,Enterprise,Wholesale,1.05
ORD-00606480,2023-09-11,Region 21,152,Electronics,Headphones,1,679.42,713.39,Wholesale,Wholesale,1.05
ORD-00000078,2023-09-11,Region 48,132,Electronics,Tablet,17,350.42,6255.0,Enterprise,Online Store,1.05
ORD-00421621,2023-09-11,Region 25,20,Beauty,Shampoo,15,24.52,386.19,SMB,Wholesale,1.05
ORD-00377482,2023-09-12,Region 05,460,Electronics,Headphones,3,663.52,2090.09,Retail,Retail,1.05
ORD-00917527,2023-09-12,Region 45,338,Beauty,Serum,13,26.3,359.0,SMB,Online Store,1.05
ORD-00110278,2023-09-12,Region 36,60,Books,Textbook,10,25.95,272.48,Wholesale,Wholesale,1.05
ORD-00018393,2023-09-12,Region 07,375,Beauty,Moisturizer,11,25.75,297.41,Wholesale,Retail,1.05
ORD-00358246,2023-09-13,Region 06,393,Books,Novel,20,21.45,450.45,Enterprise,Wholesale,1.05
ORD-00632719,2023-09-13,Region 48,201,Apparel,Sneakers,4,63.86,268.21,SMB,Wholesale,1.05
ORD-00996826,2023-09-13,Region 03,209,Books,Textbook,1,26.71,28.05,Wholesale,Wholesale,1.05
ORD-00355326,2023-09-13,Region 25,118,Home,Curtains,14,112.81,1658.31,SMB,Wholesale,1.05
ORD-00961564,2023-09-14,Region 55,95,Home,Sofa,9,179.11,1692.59,Enterprise,Wholesale,1.05
ORD-00678021,2023-09-14,Region 27,138,Toys,Board Game,19,49.43,986.13,Enterprise,Wholesale,1.05
ORD-00784863,2023-09-14,Region 30,253,Toys,Board Game,4,49.51,207.94,Enterprise,Retail,1.05
ORD-00024566,2023-09-15,Region 28,45,Beauty,Moisturizer,11,32.64,376.99,Wholesale,Online Store,1.05
ORD-00525260,2023-09-15,Region 23,487,Toys,Building Blocks,14,33.97,499.36,Wholesale,Wholesale,1.05
ORD-00073030,2023-09-15,Region 06,199,Sports,Treadmill,6,83.39,525.36,SMB,Wholesale,1.05
ORD-00016080,2023-09-15,Region 01,357,Electronics,Headphones,13,667.52,9111.65,SMB,Wholesale,1.05
ORD-00753346,2023-09-15,Region 31,265,Home,Sofa,9,133.49,1261.48,Enterprise,Retail,1.05
ORD-00043141,2023-09-16,Region 19,371,Grocery,Milk Powder,10,16.0,168.0,SMB,Online Store,1.05
ORD-00308879,2023-09-16,Region 55,174,Electronics,Tablet,14,566.51,8327.7,Wholesale,Online Store,1.05
ORD-00618505,2023-09-16,Region 35,11,Electronics,Headphones,2,538.11,1130.03,Wholesale,Online Store,1.05
ORD-00139686,2023-09-16,Region 48,5,Toys,Action Figure,18,51.24,968.44,Enterprise,Wholesale,1.05
ORD-00468532,2023-09-17,Region 47,231,Apparel,Jacket,17,80.55,1437.82,SMB,Online Store,1.05
ORD-00808505,2023-09-17,Region 50,305,Apparel,T-Shirt,8,80.33,674.77,Retail,Wholesale,1.05
ORD-00878443,2023-09-17,Region 03,202,Apparel,Jacket,5,47.16,247.59,Retail,Wholesale,1.05
ORD-00283767,2023-09-17,Region 29,208,Grocery,Rice,1,20.04,21.04,Enterprise,Retail,1.05
ORD-00635599,2023-09-17,Region 32,262,Books,Journal,15,25.63,403.67,SMB,Online Store,1.05
ORD-00580427,2023-09-17,Region 50,460,Grocery,Coffee,12,19.33,243.56,Enterprise,Wholesale,1.05
ORD-00666147,2023-09-17,Region 32,273,Sports,Yoga Mat,2,60.64,127.34,SMB,Wholesale,1.05
ORD-00386132,2023-09-17,Region 02,378,Beauty,Moisturizer,16,40.78,685.1,Wholesale,Wholesale,1.05
ORD-00088884,2023-09-18,Region 02,520,Grocery,Rice,10,26.3,276.15,Wholesale,Wholesale,1.05
ORD-00836214,2023-09-18,Region 20,289,Beauty,Serum,4,45.35,190.47,Wholesale,Retail,1.05
ORD-00607491,2023-09-18,Region 36,275,Home,Curtains,1,188.95,198.4,Enterprise,Retail,1.05
ORD-00522840,2023-09-19,Region 31,400,Beauty,Moisturizer,20,46.59,978.39,Wholesale,Retail,1.05
ORD-00683616,2023-09-19,Region 51,239,Beauty,Lipstick,20,25.43,534.03,Wholesale,Retail,1.05
ORD-00006990,2023-09-19,Region 50,156,Home,Sofa,4,105.24,442.01,Retail,Retail,1.05
ORD-00466439,2023-09-19,Region 29,426,Books,Textbook,13,23.08,315.04,SMB,Wholesale,1.05
ORD-00100002,2023-09-19,Region 44,95,Toys,Puzzle,10,28.45,298.73,Wholesale,Retail,1.05
ORD-00602001,2023-09-21,Region 08,220,Apparel,Jacket,15,72.83,1147.07,SMB,Online Store,1.05
ORD-00176956,2023-09-21,Region 27,246,Toys,Action Figure,6,31.48,198.32,Wholesale,Online Store,1.05
ORD-00476863,2023-09-22,Region 34,93,Home,Curtains,11,105.29,1216.1,Retail,Wholesale,1.05
ORD-00523438,2023-09-22,Region 04,561,Grocery,Cooking Oil,3,19.33,60.89,Enterprise,Retail,1.05
ORD-00207206,2023-09-22,Region 37,486,Home,Curtains,5,206.6,1084.65,Retail,Wholesale,1.05
ORD-00343816,2023-09-22,Region 12,298,Toys,Board Game,3,33.52,105.59,Wholesale,Online Store,1.05
ORD-00332270,2023-09-22,Region 31,366,Sports,Yoga Mat,18,62.34,1178.23,SMB,Retail,1.05
ORD-00008184,2023-09-22,Region 19,25,Books,Textbook,13,25.7,350.8,Retail,Online Store,1.05
ORD-00749339,2023-09-22,Region 47,251,Grocery,Coffee,19,19.89,396.81,Wholesale,Retail,1.05
ORD-00204126,2023-09-23,Region 11,7,Home,Blender,7,128.51,944.55,SMB,Retail,1.05
ORD-00452144,2023-09-23,Region 41,43,Home,Blender,13,161.15,2199.7,Enterprise,Online Store,1.05
ORD-00154449,2023-09-23,Region 33,197,Books,Cookbook,13,31.12,424.79,Retail,Online Store,1.05
ORD-00878460,2023-09-23,Region 30,106,Books,Textbook,13,18.78,256.35,Wholesale,Online Store,1.05
ORD-00933153,2023-09-24,Region 26,2,Grocery,Milk Powder,16,21.03,353.3,Retail,Online Store,1.05
ORD-00802360,2023-09-24,Region 51,510,Books,Journal,18,18.14,342.85,SMB,Retail,1.05
ORD-00751996,2023-09-24,Region 10,533,Home,Blender,5,130.63,685.81,Retail,Retail,1.05
ORD-00199527,2023-09-24,Region 54,591,Beauty,Shampoo,18,30.0,567.0,Retail,Retail,1.05
ORD-00243192,2023-09-24,Region 37,20,Grocery,Rice,6,27.25,171.68,Enterprise,Wholesale,1.05
ORD-00493850,2023-09-24,Region 47,243,Apparel,Jacket,4,62.82,263.84,Wholesale,Wholesale,1.05
ORD-00711421,2023-09-24,Region 38,309,Apparel,Sneakers,4,82.16,345.07,Retail,Wholesale,1.05
ORD-00767460,2023-09-25,Region 07,283,Electronics,Smartphone,6,416.14,2621.68,SMB,Retail,1.05
ORD-00325388,2023-09-25,Region 38,388,Grocery,Milk Powder,20,15.3,321.3,Enterprise,Wholesale,1.05
ORD-00977888,2023-09-25,Region 53,355,Electronics,Laptop,4,511.07,2146.49,Wholesale,Online Store,1.05
ORD-00686750,2023-09-25,Region 11,68,Home,Blender,16,121.55,2042.04,SMB,Wholesale,1.05
ORD-00592287,2023-09-26,Region 19,139,Toys,Building Blocks,15,30.46,479.75,Retail,Online Store,1.05
ORD-00871823,2023-09-26,Region 35,197,Beauty,Shampoo,13,31.9,435.44,SMB,Retail,1.05
ORD-00640933,2023-09-26,Region 20,480,Grocery,Cooking Oil,8,22.83,191.77,SMB,Online Store,1.05
ORD-00802406,2023-09-26,Region 06,569,Books,Journal,8,21.28,178.75,Wholesale,Wholesale,1.05
ORD-00421033,2023-09-26,Region 12,382,Electronics,Smartphone,14,519.04,7629.89,Retail,Wholesale,1.05
ORD-00257439,2023-09-27,Region 35,474,Electronics,Tablet,19,610.39,12177.28,Wholesale,Wholesale,1.05
ORD-00924034,2023-09-27,Region 41,86,Grocery,Coffee,4,24.79,104.12,SMB,Wholesale,1.05
ORD-00544150,2023-09-27,Region 25,79,Grocery,Milk Powder,20,25.61,537.81,Retail,Wholesale,1.05
ORD-00942087,2023-09-28,Region 06,448,Grocery,Coffee,7,25.97,190.88,SMB,Online Store,1.05
ORD-00723092,2023-09-28,Region 14,14,Apparel,Jacket,19,73.05,1457.35,Enterprise,Wholesale,1.05
ORD-00766758,2023-09-28,Region 38,62,Grocery,Rice,2,24.91,52.31,Retail,Online Store,1.05
ORD-00902072,2023-09-28,Region 17,156,Books,Cookbook,1,30.17,31.68,Enterprise,Wholesale,1.05
ORD-00722619,2023-09-28,Region 29,534,Books,Textbook,2,21.73,45.63,Enterprise,Online Store,1.05
ORD-00445037,2023-09-29,Region 02,133,Toys,Board Game,1,36.29,38.1,Wholesale,Retail,1.05
ORD-00629264,2023-09-30,Region 46,544,Toys,Building Blocks,1,35.21,36.97,SMB,Retail,1.05
ORD-00982440,2023-09-30,Region 27,320,Beauty,Serum,7,30.66,225.35,Enterprise,Retail,1.05
ORD-00103630,2023-10-01,Region 47,190,Electronics,Laptop,2,468.09,982.99,Wholesale,Retail,1.05
ORD-00233750,2023-10-01,Region 10,53,Electronics,Smartphone,11,515.48,5953.79,Wholesale,Online Store,1.05
ORD-00284414,2023-10-01,Region 22,352,Grocery,Milk Powder,19,14.61,291.47,Enterprise,Wholesale,1.05
ORD-00640054,2023-10-01,Region 26,318,Electronics,Headphones,14,478.09,7027.92,Wholesale,Wholesale,1.05
ORD-00464454,2023-10-02,Region 38,584,Apparel,T-Shirt,11,46.15,533.03,Retail,Online Store,1.05
ORD-00632576,2023-10-02,Region 06,463,Electronics,Tablet,2,537.03,1127.76,SMB,Retail,1.05
ORD-00484904,2023-10-02,Region 06,18,Books,Cookbook,2,28.48,59.81,Wholesale,Online Store,1.05
ORD-00328673,2023-10-02,Region 19,241,Beauty,Shampoo,15,46.4,730.8,Retail,Retail,1.05
ORD-00893770,2023-10-03,Region 21,39,Grocery,Milk Powder,12,19.66,247.72,Wholesale,Online Store,1.05
ORD-00823044,2023-10-03,Region 27,372,Beauty,Serum,8,41.48,348.43,Wholesale,Retail,1.05
ORD-00497777,2023-10-03,Region 36,346,Toys,Action Figure,2,35.71,74.99,Enterprise,Online Store,1.05
ORD-00119636,2023-10-03,Region 50,438,Home,Sofa,6,156.13,983.62,Wholesale,Online Store,1.05
ORD-00496025,2023-10-03,Region 22,447,Electronics,Headphones,16,601.99,10113.43,Retail,Online Store,1.05
ORD-00642900,2023-10-04,Region 55,170,Apparel,Jacket,19,46.97,937.05,Wholesale,Online Store,1.05
ORD-00390350,2023-10-04,Region 01,13,Home,Blender,3,118.93,374.63,Enterprise,Retail,1.05
ORD-00728182,2023-10-04,Region 02,360,Grocery,Milk Powder,9,19.4,183.33,Enterprise,Retail,1.05
ORD-00813642,2023-10-04,Region 54,541,Apparel,T-Shirt,16,44.29,744.07,Wholesale,Wholesale,1.05
ORD-00976208,2023-10-04,Region 23,390,Electronics,Smartphone,5,486.04,2551.71,Enterprise,Wholesale,1.05
ORD-00543082,2023-10-04,Region 23,269,Home,Blender,15,173.22,2728.22,SMB,Wholesale,1.05
ORD-00220382,2023-10-04,Region 06,66,Sports,Water Bottle,3,77.05,242.71,Retail,Wholesale,1.05
ORD-00893310,2023-10-05,Region 06,325,Home,Sofa,7,156.59,1150.94,Wholesale,Retail,1.05
ORD-00878007,2023-10-05,Region 42,212,Grocery,Milk Powder,9,21.76,205.63,Wholesale,Wholesale,1.05
ORD-00213673,2023-10-05,Region 12,508,Toys,Building Blocks,7,34.8,255.78,SMB,Wholesale,1.05
ORD-00661790,2023-10-05,Region 22,351,Grocery,Coffee,5,21.51,112.93,Enterprise,Wholesale,1.05
ORD-00429789,2023-10-05,Region 49,56,Toys,Action Figure,19,53.82,1073.71,Retail,Retail,1.05
ORD-00142497,2023-10-05,Region 10,380,Beauty,Shampoo,1,30.35,31.87,Wholesale,Online Store,1.05
ORD-00074396,2023-10-05,Region 11,394,Beauty,Shampoo,11,45.66,527.37,SMB,Retail,1.05
ORD-00973840,2023-10-05,Region 46,354,Grocery,Coffee,12,26.76,337.18,Enterprise,Online Store,1.05
ORD-00647936,2023-10-05,Region 09,534,Home,Curtains,11,166.39,1921.8,Retail,Online Store,1.05
ORD-00543285,2023-10-05,Region 34,275,Grocery,Coffee,4,23.57,98.99,Wholesale,Retail,1.05
ORD-00618037,2023-10-06,Region 23,418,Sports,Water Bottle,14,85.18,1252.15,Wholesale,Online Store,1.05
ORD-00341087,2023-10-06,Region 13,93,Grocery,Rice,1,15.4,16.17,Retail,Retail,1.05
ORD-00351344,2023-10-06,Region 54,259,Electronics,Smartphone,13,356.01,4859.54,Wholesale,Retail,1.05
ORD-00846449,2023-10-07,Region 30,184,Toys,Building Blocks,14,29.53,434.09,Retail,Wholesale,1.05
ORD-00829338,2023-10-07,Region 51,588,Apparel,Sneakers,16,57.62,968.02,SMB,Wholesale,1.05
ORD-00594021,2023-10-07,Region 54,556,Electronics,Headphones,17,699.77,12490.89,SMB,Wholesale,1.05
ORD-00258262,2023-10-07,Region 48,579,Apparel,Jacket,17,73.36,1309.48,Enterprise,Retail,1.05
ORD-00480909,2023-10-07,Region 36,119,Apparel,Jacket,15,47.19,743.24,SMB,Wholesale,1.05
ORD-00594165,2023-10-07,Region 47,370,Grocery,Cooking Oil,5,16.14,84.74,Wholesale,Retail,1.05
ORD-00531891,2023-10-08,Region 21,214,Grocery,Rice,6,14.69,92.55,Wholesale,Wholesale,1.05
ORD-00984966,2023-10-08,Region 17,485,Books,Novel,17,27.71,494.62,Retail,Retail,1.05
ORD-00079916,2023-10-08,Region 35,230,Electronics,Tablet,8,425.79,3576.64,SMB,Online Store,1.05
ORD-00183510,2023-10-08,Region 21,303,Beauty,Moisturizer,17,43.44,775.4,Retail,Wholesale,1.05
ORD-00576523,2023-10-08,Region 06,447,Apparel,Jeans,2,67.55,141.85,Wholesale,Retail,1.05
ORD-00259361,2023-10-09,Region 28,433,Electronics,Headphones,8,674.3,5664.12,Wholesale,Online Store,1.05
ORD-00321523,2023-10-09,Region 03,98,Beauty,Moisturizer,18,42.92,811.19,SMB,Retail,1.05
ORD-00250560,2023-10-09,Region 45,176,Apparel,Jacket,9,82.72,781.7,Retail,Wholesale,1.05
ORD-00122581,2023-10-09,Region 15,252,Grocery,Coffee,15,26.82,422.42,SMB,Retail,1.05
ORD-00465909,2023-10-10,Region 47,431,Grocery,Coffee,6,22.75,143.33,Enterprise,Retail,1.05
ORD-00859907,2023-10-10,Region 41,236,Electronics,Headphones,5,666.31,3498.13,SMB,Online Store,1.05
ORD-00479253,2023-10-10,Region 14,371,Toys,Puzzle,5,49.63,260.56,SMB,Online Store,1.05
ORD-00346148,2023-10-10,Region 23,179,Books,Journal,6,23.52,148.18,SMB,Retail,1.05
ORD-00964372,2023-10-10,Region 46,543,Apparel,T-Shirt,16,73.79,1239.67,SMB,Retail,1.05
ORD-00679377,2023-10-10,Region 42,591,Home,Sofa,11,131.47,1518.48,Enterprise,Retail,1.05
ORD-00358723,2023-10-10,Region 23,173,Home,Lamp,9,190.51,1800.32,Wholesale,Retail,1.05
ORD-00487424,2023-10-10,Region 21,427,Grocery,Cooking Oil,1,15.27,16.03,Wholesale,Wholesale,1.05
ORD-00467783,2023-10-11,Region 53,429,Grocery,Coffee,1,24.78,26.02,SMB,Wholesale,1.05
ORD-00395945,2023-10-11,Region 35,220,Books,Cookbook,1,29.66,31.14,Retail,Retail,1.05
ORD-00269841,2023-10-11,Region 34,422,Apparel,Jacket,19,78.52,1566.47,Enterprise,Wholesale,1.05
ORD-00533027,2023-10-11,Region 32,479,Home,Lamp,10,105.68,1109.64,Enterprise,Retail,1.05
ORD-00422040,2023-10-11,Region 28,132,Electronics,Laptop,14,550.57,8093.38,Retail,Wholesale,1.05
ORD-00184780,2023-10-11,Region 08,102,Electronics,Tablet,18,601.04,11359.66,Enterprise,Online Store,1.05
ORD-00623753,2023-10-11,Region 10,473,Home,Lamp,18,171.12,3234.17,Retail,Retail,1.05
ORD-00725924,2023-10-11,Region 43,377,Apparel,Jacket,12,42.03,529.58,Wholesale,Online Store,1.05
ORD-00304799,2023-10-12,Region 32,188,Beauty,Moisturizer,6,41.06,258.68,Retail,Retail,1.05
ORD-00330566,2023-10-12,Region 37,381,Books,Novel,15,25.57,402.73,Retail,Online Store,1.05
ORD-00577955,2023-10-12,Region 06,245,Grocery,Coffee,12,25.51,321.43,Enterprise,Online Store,1.05
ORD-00876375,2023-10-13,Region 29,138,Home,Lamp,2,206.74,434.15,Wholesale,Wholesale,1.05
ORD-00137262,2023-10-13,Region 47,361,Beauty,Moisturizer,15,26.97,424.78,Retail,Retail,1.05
ORD-00959041,2023-10-13,Region 20,322,Grocery,Cooking Oil,18,19.48,368.17,Wholesale,Wholesale,1.05
ORD-00346914,2023-10-13,Region 55,431,Books,Journal,15,30.98,487.94,Enterprise,Retail,1.05
ORD-00846532,2023-10-13,Region 32,551,Electronics,Laptop,5,446.85,2345.96,SMB,Retail,1.05
ORD-00372177,2023-10-14,Region 23,563,Home,Sofa,7,192.77,1416.86,SMB,Online Store,1.05
ORD-00860002,2023-10-14,Region 54,504,Grocery,Cooking Oil,6,21.78,137.21,Wholesale,Wholesale,1.05
ORD-00121613,2023-10-14,Region 47,249,Books,Textbook,19,27.74,553.41,Wholesale,Retail,1.05
ORD-00656873,2023-10-14,Region 49,195,Apparel,T-Shirt,2,57.93,121.65,Wholesale,Online Store,1.05
ORD-00641417,2023-10-14,Region 23,537,Toys,Board Game,15,40.82,642.92,Retail,Retail,1.05
ORD-00144138,2023-10-14,Region 18,253,Toys,Board Game,10,35.99,377.9,Enterprise,Wholesale,1.05
ORD-00816029,2023-10-15,Region 07,514,Toys,Puzzle,2,37.59,78.94,Retail,Online Store,1.05
ORD-00425062,2023-10-15,Region 04,567,Apparel,Sneakers,1,52.48,55.1,Wholesale,Wholesale,1.05
ORD-00751313,2023-10-15,Region 47,301,Books,Cookbook,19,21.68,432.52,SMB,Wholesale,1.05
ORD-00884338,2023-10-15,Region 48,598,Books,Journal,10,34.1,358.05,Retail,Online Store,1.05
ORD-00765770,2023-10-15,Region 35,423,Books,Journal,10,32.67,343.04,Wholesale,Wholesale,1.05
ORD-00600548,2023-10-16,Region 33,265,Sports,Treadmill,1,79.06,83.01,Wholesale,Online Store,1.05
ORD-00196539,2023-10-16,Region 30,199,Sports,Yoga Mat,17,80.37,1434.6,Wholesale,Wholesale,1.05
ORD-00685990,2023-10-17,Region 22,533,Toys,Building Blocks,5,29.79,156.4,Wholesale,Retail,1.05
ORD-00812038,2023-10-17,Region 48,519,Beauty,Serum,13,25.98,354.63,Wholesale,Online Store,1.05
ORD-00374040,2023-10-17,Region 23,186,Electronics,Headphones,13,390.95,5336.47,Retail,Retail,1.05
ORD-00044792,2023-10-17,Region 23,435,Apparel,Jeans,2,69.95,146.9,Enterprise,Online Store,1.05
ORD-00712238,2023-10-17,Region 37,467,Books,Cookbook,19,32.54,649.17,Wholesale,Online Store,1.05
ORD-00322017,2023-10-17,Region 44,501,Apparel,Jacket,3,72.47,228.28,Wholesale,Wholesale,1.05
ORD-00915212,2023-10-17,Region 26,371,Apparel,T-Shirt,16,70.83,1189.94,Wholesale,Wholesale,1.05
ORD-00403044,2023-10-17,Region 02,498,Apparel,Jeans,2,71.36,149.86,Enterprise,Online Store,1.05
ORD-00401566,2023-10-18,Region 02,555,Beauty,Lipstick,9,37.29,352.39,Enterprise,Online Store,1.05
ORD-00073433,2023-10-18,Region 18,364,Sports,Dumbbells,15,81.42,1282.36,Wholesale,Wholesale,1.05
ORD-00212770,2023-10-18,Region 41,61,Electronics,Laptop,7,666.09,4895.76,Wholesale,Wholesale,1.05
ORD-00811150,2023-10-18,Region 01,60,Sports,Dumbbells,7,91.9,675.47,Retail,Online Store,1.05
ORD-00424825,2023-10-18,Region 54,357,Grocery,Rice,1,20.95,22.0,SMB,Retail,1.05
ORD-00982084,2023-10-18,Region 47,430,Electronics,Laptop,11,654.62,7560.86,Wholesale,Wholesale,1.05
ORD-00373280,2023-10-18,Region 45,225,Books,Cookbook,12,30.03,378.38,Retail,Wholesale,1.05
ORD-00095565,2023-10-19,Region 03,549,Toys,Action Figure,14,36.91,542.58,Wholesale,Online Store,1.05
ORD-00153621,2023-10-19,Region 17,367,Beauty,Lipstick,8,30.67,257.63,SMB,Retail,1.05
ORD-00324043,2023-10-19,Region 36,448,Electronics,Smartphone,12,441.21,5559.25,Wholesale,Retail,1.05
ORD-00892873,2023-10-19,Region 25,200,Electronics,Smartphone,15,491.85,7746.64,Retail,Retail,1.05
ORD-00547458,2023-10-19,Region 47,254,Books,Novel,5,18.15,95.29,Enterprise,Online Store,1.05
ORD-00165479,2023-10-20,Region 54,182,Toys,Building Blocks,20,52.19,1095.99,Enterprise,Wholesale,1.05
ORD-00749393,2023-10-20,Region 08,306,Toys,Puzzle,2,31.01,65.12,Retail,Online Store,1.05
ORD-00255580,2023-10-20,Region 19,235,Sports,Yoga Mat,17,81.04,1446.56,Enterprise,Online Store,1.05
ORD-00637076,2023-10-21,Region 33,566,Home,Curtains,1,172.31,180.93,Wholesale,Wholesale,1.05
ORD-00806084,2023-10-21,Region 33,252,Electronics,Smartphone,13,546.92,7465.46,Enterprise,Online Store,1.05
ORD-00354206,2023-10-21,Region 38,260,Electronics,Headphones,17,529.17,9445.68,Enterprise,Wholesale,1.05
ORD-00433973,2023-10-21,Region 17,323,Toys,Action Figure,16,31.59,530.71,Enterprise,Wholesale,1.05
ORD-00246489,2023-10-21,Region 54,284,Grocery,Cooking Oil,10,21.48,225.54,SMB,Online Store,1.05
ORD-00776976,2023-10-21,Region 49,382,Toys,Action Figure,7,36.11,265.41,Enterprise,Retail,1.05
ORD-00728404,2023-10-21,Region 41,83,Apparel,Jacket,1,46.84,49.18,Enterprise,Online Store,1.05
ORD-00207533,2023-10-22,Region 24,474,Apparel,Sneakers,4,67.01,281.44,SMB,Online Store,1.05
ORD-00020775,2023-10-22,Region 25,515,Grocery,Cooking Oil,7,14.19,104.3,Wholesale,Online Store,1.05
ORD-00375061,2023-10-22,Region 05,227,Beauty,Lipstick,10,38.98,409.29,SMB,Wholesale,1.05
ORD-00603053,2023-10-22,Region 29,99,Books,Cookbook,18,34.62,654.32,Retail,Online Store,1.05
ORD-00099505,2023-10-22,Region 32,239,Home,Sofa,2,164.94,346.37,Enterprise,Retail,1.05
ORD-00977968,2023-10-22,Region 04,353,Apparel,Jacket,4,63.17,265.31,SMB,Wholesale,1.05
ORD-00897967,2023-10-22,Region 02,208,Apparel,Jacket,10,42.46,445.83,SMB,Wholesale,1.05
ORD-00398328,2023-10-22,Region 49,418,Sports,Treadmill,12,111.56,1405.66,Retail,Retail,1.05
ORD-00031413,2023-10-23,Region 15,348,Grocery,Coffee,4,19.75,82.95,Retail,Online Store,1.05
ORD-00014062,2023-10-23,Region 51,463,Grocery,Coffee,3,23.99,75.57,Retail,Online Store,1.05
ORD-00257015,2023-10-23,Region 50,481,Books,Textbook,18,18.4,347.76,SMB,Wholesale,1.05
ORD-00654506,2023-10-23,Region 11,159,Toys,Puzzle,18,33.47,632.58,Enterprise,Online Store,1.05
ORD-00066611,2023-10-24,Region 46,531,Home,Lamp,12,208.09,2621.93,Enterprise,Retail,1.05
ORD-00321801,2023-10-24,Region 34,182,Apparel,Jacket,4,61.93,260.11,Wholesale,Wholesale,1.05
ORD-00769683,2023-10-24,Region 40,314,Sports,Treadmill,4,57.04,239.57,SMB,Wholesale,1.05
ORD-00660629,2023-10-24,Region 13,65,Apparel,Jeans,4,52.34,219.83,Wholesale,Wholesale,1.05
ORD-00779454,2023-10-25,Region 50,372,Electronics,Laptop,17,696.43,12431.28,Retail,Online Store,1.05
ORD-00585731,2023-10-25,Region 26,573,Apparel,Jeans,5,76.31,400.63,Enterprise,Online Store,1.05
ORD-00672454,2023-10-25,Region 05,202,Sports,Dumbbells,2,89.24,187.4,Enterprise,Online Store,1.05
ORD-00025768,2023-10-25,Region 01,573,Home,Lamp,15,137.4,2164.05,Wholesale,Retail,1.05
ORD-00870289,2023-10-26,Region 23,98,Sports,Water Bottle,6,80.68,508.28,Retail,Retail,1.05
ORD-00373625,2023-10-26,Region 33,290,Sports,Water Bottle,11,61.02,704.78,Wholesale,Retail,1.05
ORD-00742738,2023-10-26,Region 04,390,Sports,Yoga Mat,4,85.47,358.97,SMB,Retail,1.05
ORD-00035227,2023-10-26,Region 09,599,Beauty,Moisturizer,10,33.15,348.08,Retail,Online Store,1.05
ORD-00092081,2023-10-26,Region 34,437,Sports,Water Bottle,19,91.32,1821.83,Wholesale,Wholesale,1.05
ORD-00542058,2023-10-26,Region 48,562,Beauty,Moisturizer,11,32.3,373.06,SMB,Retail,1.05
ORD-00067808,2023-10-27,Region 51,20,Electronics,Smartphone,17,447.18,7982.16,Retail,Online Store,1.05
ORD-00861634,2023-10-27,Region 43,435,Apparel,Sneakers,16,46.49,781.03,Wholesale,Wholesale,1.05
ORD-00113330,2023-10-27,Region 05,519,Electronics,Smartphone,4,577.36,2424.91,SMB,Wholesale,1.05
ORD-00235853,2023-10-27,Region 32,346,Toys,Building Blocks,15,37.69,593.62,Enterprise,Online Store,1.05
ORD-00857704,2023-10-28,Region 17,374,Grocery,Coffee,4,18.95,79.59,SMB,Wholesale,1.05
ORD-00809976,2023-10-28,Region 50,184,Sports,Treadmill,4,67.81,284.8,SMB,Retail,1.05
ORD-00307798,2023-10-28,Region 22,593,Books,Novel,7,23.25,170.89,Retail,Retail,1.05
ORD-00344474,2023-10-29,Region 54,164,Toys,Action Figure,13,34.1,465.46,SMB,Wholesale,1.05
ORD-00656084,2023-10-29,Region 35,259,Apparel,Sneakers,5,69.3,363.82,Retail,Wholesale,1.05
ORD-00270291,2023-10-29,Region 03,441,Toys,Action Figure,13,29.88,407.86,Retail,Online Store,1.05
ORD-00854390,2023-10-30,Region 28,553,Electronics,Tablet,6,375.52,2365.78,Wholesale,Retail,1.05
ORD-00929224,2023-10-30,Region 47,289,Beauty,Lipstick,7,47.15,346.55,Retail,Wholesale,1.05
ORD-00762014,2023-10-30,Region 02,440,Electronics,Smartphone,1,458.32,481.24,Enterprise,Retail,1.05
ORD-00672869,2023-10-30,Region 27,138,Toys,Puzzle,6,45.11,284.19,Enterprise,Retail,1.05
ORD-00217160,2023-10-31,Region 34,351,Electronics,Laptop,6,560.9,3533.67,Enterprise,Wholesale,1.05
ORD-00844519,2023-10-31,Region 54,89,Grocery,Milk Powder,16,18.4,309.12,SMB,Retail,1.05
ORD-00620175,2023-10-31,Region 04,527,Electronics,Headphones,16,401.0,6736.8,Enterprise,Wholesale,1.05
ORD-00311113,2023-10-31,Region 06,564,Electronics,Tablet,20,584.27,12269.67,Retail,Wholesale,1.05
ORD-00315270,2023-10-31,Region 09,87,Beauty,Lipstick,9,28.32,267.62,Enterprise,Retail,1.05
ORD-00757395,2023-10-31,Region 32,236,Grocery,Rice,20,27.46,576.66,SMB,Online Store,1.05
ORD-00809181,2023-11-01,Region 46,521,Electronics,Tablet,8,535.86,4724.14,Enterprise,Wholesale,1.102
ORD-00088523,2023-11-01,Region 51,101,Grocery,Rice,19,22.06,461.89,SMB,Online Store,1.102
ORD-00231627,2023-11-01,Region 07,563,Electronics,Tablet,18,360.81,7157.03,Retail,Wholesale,1.102
ORD-00476755,2023-11-02,Region 48,265,Books,Cookbook,7,20.55,158.52,Wholesale,Retail,1.102
ORD-00051908,2023-11-02,Region 34,86,Sports,Treadmill,10,86.82,956.76,Enterprise,Retail,1.102
ORD-00704428,2023-11-02,Region 15,254,Sports,Water Bottle,9,96.36,955.7,Wholesale,Online Store,1.102
ORD-00609461,2023-11-02,Region 36,126,Sports,Dumbbells,8,110.43,973.55,Wholesale,Wholesale,1.102
ORD-00738966,2023-11-02,Region 42,560,Apparel,T-Shirt,17,45.13,845.47,Enterprise,Online Store,1.102
ORD-00795171,2023-11-03,Region 11,558,Books,Novel,11,27.61,334.69,Wholesale,Wholesale,1.102
ORD-00964938,2023-11-03,Region 17,578,Apparel,T-Shirt,17,76.09,1425.47,Retail,Wholesale,1.102
ORD-00226600,2023-11-03,Region 08,24,Books,Textbook,1,34.46,37.97,SMB,Wholesale,1.102
ORD-00992194,2023-11-03,Region 14,539,Toys,Puzzle,10,46.39,511.22,Enterprise,Online Store,1.102
ORD-00426623,2023-11-03,Region 46,89,Electronics,Tablet,19,398.87,8351.54,Retail,Retail,1.102
ORD-00591397,2023-11-04,Region 05,533,Grocery,Rice,19,18.85,394.68,Enterprise,Online Store,1.102
ORD-00718164,2023-11-04,Region 39,390,Toys,Board Game,6,37.27,246.43,Wholesale,Retail,1.102
ORD-00044478,2023-11-04,Region 40,2,Grocery,Rice,2,23.53,51.86,Enterprise,Wholesale,1.102
ORD-00476932,2023-11-05,Region 14,162,Books,Textbook,1,33.37,36.77,Retail,Online Store,1.102
ORD-00095699,2023-11-05,Region 15,518,Electronics,Headphones,3,603.04,1993.65,Enterprise,Retail,1.102
ORD-00500254,2023-11-05,Region 24,320,Toys,Board Game,14,52.86,815.52,SMB,Wholesale,1.102
ORD-00654510,2023-11-06,Region 22,563,Beauty,Serum,11,27.13,328.87,Enterprise,Wholesale,1.102
ORD-00047977,2023-11-06,Region 21,60,Beauty,Shampoo,6,35.98,237.9,Wholesale,Online Store,1.102
ORD-00051662,2023-11-06,Region 44,122,Grocery,Rice,10,23.21,255.77,SMB,Retail,1.102
ORD-00384368,2023-11-06,Region 32,185,Electronics,Smartphone,8,371.09,3271.53,Retail,Online Store,1.102
ORD-00578924,2023-11-06,Region 21,117,Beauty,Lipstick,12,36.76,486.11,Wholesale,Wholesale,1.102
ORD-00521598,2023-11-07,Region 42,264,Electronics,Tablet,10,492.07,5422.61,Retail,Wholesale,1.102
ORD-00698303,2023-11-07,Region 14,83,Apparel,Jeans,13,73.33,1050.53,Enterprise,Online Store,1.102
ORD-00213409,2023-11-07,Region 32,219,Toys,Puzzle,19,37.61,787.48,Retail,Wholesale,1.102
ORD-00354229,2023-11-07,Region 49,309,Sports,Yoga Mat,20,88.05,1940.62,SMB,Retail,1.102
ORD-00128053,2023-11-07,Region 20,478,Sports,Treadmill,8,73.13,644.71,Retail,Wholesale,1.102
ORD-00968087,2023-11-07,Region 14,324,Beauty,Serum,1,44.89,49.47,Enterprise,Online Store,1.102
ORD-00075181,2023-11-07,Region 39,177,Books,Cookbook,5,19.06,105.02,Wholesale,Retail,1.102
ORD-00124699,2023-11-08,Region 44,291,Apparel,Sneakers,17,68.0,1273.91,Retail,Retail,1.102
ORD-00190326,2023-11-08,Region 52,14,Toys,Action Figure,11,30.34,367.78,SMB,Retail,1.102
ORD-00139137,2023-11-08,Region 04,234,Beauty,Moisturizer,4,43.15,190.21,Wholesale,Online Store,1.102
ORD-00655616,2023-11-08,Region 15,324,Toys,Puzzle,9,45.99,456.13,Wholesale,Wholesale,1.102
ORD-00808660,2023-11-09,Region 49,216,Sports,Treadmill,12,78.76,1041.52,Retail,Retail,1.102
ORD-00756919,2023-11-09,Region 43,167,Apparel,Sneakers,2,48.87,107.71,Wholesale,Online Store,1.102
ORD-00489113,2023-11-09,Region 29,39,Books,Journal,9,18.66,185.07,Retail,Online Store,1.102
ORD-00788369,2023-11-10,Region 42,218,Toys,Action Figure,1,46.45,51.19,Wholesale,Wholesale,1.102
ORD-00955529,2023-11-10,Region 17,191,Beauty,Moisturizer,10,30.12,331.92,SMB,Wholesale,1.102
ORD-00273316,2023-11-10,Region 55,447,Apparel,T-Shirt,3,60.57,200.24,Enterprise,Wholesale,1.102
ORD-00779645,2023-11-10,Region 19,229,Apparel,Jeans,17,44.08,825.79,SMB,Retail,1.102
ORD-00167672,2023-11-10,Region 55,70,Beauty,Lipstick,17,34.69,649.88,Retail,Wholesale,1.102
ORD-00496173,2023-11-10,Region 34,139,Beauty,Serum,5,47.97,264.31,Enterprise,Online Store,1.102
ORD-00060425,2023-11-10,Region 10,69,Apparel,T-Shirt,11,71.38,865.27,Wholesale,Online Store,1.102
ORD-00665564,2023-11-10,Region 45,176,Beauty,Moisturizer,1,39.45,43.47,Retail,Wholesale,1.102
ORD-00463098,2023-11-11,Region 14,581,Home,Blender,5,153.4,845.23,Wholesale,Wholesale,1.102
ORD-00682328,2023-11-11,Region 23,472,Toys,Puzzle,8,30.59,269.68,Enterprise,Online Store,1.102
ORD-00097388,2023-11-11,Region 25,82,Toys,Building Blocks,12,37.33,493.65,SMB,Online Store,1.102
ORD-00455034,2023-11-11,Region 46,408,Toys,Board Game,20,42.24,930.97,SMB,Online Store,1.102
ORD-00246878,2023-11-11,Region 03,97,Beauty,Moisturizer,6,37.22,246.1,Wholesale,Online Store,1.102
ORD-00805054,2023-11-11,Region 30,64,Apparel,Jeans,5,50.25,276.88,SMB,Wholesale,1.102
ORD-00177704,2023-11-12,Region 17,299,Beauty,Serum,15,29.53,488.13,Retail,Online Store,1.102
ORD-00084173,2023-11-12,Region 06,575,Grocery,Rice,18,22.24,441.15,Wholesale,Online Store,1.102
ORD-00707685,2023-11-12,Region 33,439,Sports,Yoga Mat,20,66.8,1472.27,SMB,Online Store,1.102
ORD-00765133,2023-11-12,Region 12,510,Apparel,Jeans,12,78.84,1042.58,Wholesale,Online Store,1.102
ORD-00853784,2023-11-13,Region 15,399,Grocery,Rice,9,20.25,200.84,Wholesale,Retail,1.102
ORD-00667893,2023-11-13,Region 34,342,Sports,Dumbbells,10,89.24,983.42,Retail,Retail,1.102
ORD-00123551,2023-11-13,Region 39,314,Books,Cookbook,4,26.03,114.74,Enterprise,Online Store,1.102
ORD-00041377,2023-11-13,Region 03,87,Beauty,Serum,13,33.51,480.06,Retail,Retail,1.102
ORD-00145859,2023-11-13,Region 04,169,Toys,Puzzle,8,36.86,324.96,Enterprise,Retail,1.102
ORD-00012377,2023-11-14,Region 38,340,Toys,Building Blocks,13,45.78,655.84,Wholesale,Wholesale,1.102
ORD-00805318,2023-11-14,Region 49,42,Sports,Dumbbells,19,76.16,1594.64,Retail,Retail,1.102
ORD-00219804,2023-11-14,Region 24,566,Beauty,Lipstick,11,24.74,299.9,SMB,Wholesale,1.102
ORD-00157405,2023-11-14,Region 55,195,Sports,Water Bottle,12,111.25,1471.17,Retail,Retail,1.102
ORD-00235506,2023-11-15,Region 53,135,Sports,Treadmill,6,97.18,642.55,Enterprise,Wholesale,1.102
ORD-00662244,2023-11-15,Region 49,363,Electronics,Laptop,15,571.32,9443.92,Wholesale,Wholesale,1.102
ORD-00003603,2023-11-15,Region 32,298,Books,Cookbook,18,33.72,668.87,Wholesale,Retail,1.102
ORD-00510480,2023-11-15,Region 39,451,Electronics,Smartphone,20,585.61,12906.84,Retail,Online Store,1.102
ORD-00885999,2023-11-15,Region 10,271,Toys,Building Blocks,17,32.09,601.17,Retail,Online Store,1.102
ORD-00017538,2023-11-15,Region 42,299,Books,Novel,20,28.11,619.54,Retail,Online Store,1.102
ORD-00262255,2023-11-16,Region 40,582,Electronics,Tablet,7,552.95,4265.46,Enterprise,Online Store,1.102
ORD-00598134,2023-11-16,Region 04,387,Sports,Yoga Mat,12,69.35,917.08,Wholesale,Online Store,1.102
ORD-00977552,2023-11-16,Region 49,105,Sports,Water Bottle,3,68.33,225.9,Enterprise,Online Store,1.102
ORD-00851791,2023-11-16,Region 06,270,Books,Novel,15,19.95,329.77,SMB,Wholesale,1.102
ORD-00821316,2023-11-16,Region 05,302,Home,Lamp,20,145.84,3214.31,Wholesale,Retail,1.102
ORD-00420627,2023-11-16,Region 26,136,Electronics,Headphones,11,592.64,7183.98,Enterprise,Online Store,1.102
ORD-00859842,2023-11-16,Region 27,543,Beauty,Serum,8,33.93,299.13,Wholesale,Retail,1.102
ORD-00316270,2023-11-17,Region 27,271,Electronics,Headphones,4,372.15,1640.44,Wholesale,Wholesale,1.102
ORD-00951521,2023-11-17,Region 35,335,Electronics,Tablet,2,644.03,1419.44,SMB,Retail,1.102
ORD-00834299,2023-11-17,Region 03,42,Apparel,Sneakers,2,62.17,137.02,SMB,Wholesale,1.102
ORD-00199837,2023-11-17,Region 27,120,Toys,Building Blocks,19,31.97,669.39,Retail,Wholesale,1.102
ORD-00386099,2023-11-17,Region 06,387,Electronics,Tablet,2,383.87,846.05,Wholesale,Online Store,1.102
ORD-00354713,2023-11-18,Region 20,160,Beauty,Moisturizer,3,38.67,127.84,Wholesale,Online Store,1.102
ORD-00943251,2023-11-19,Region 06,380,Electronics,Headphones,19,585.86,12266.74,SMB,Retail,1.102
ORD-00353955,2023-11-19,Region 27,366,Toys,Building Blocks,8,54.76,482.76,Enterprise,Retail,1.102
ORD-00533854,2023-11-19,Region 30,500,Beauty,Lipstick,19,41.03,859.09,Retail,Retail,1.102
ORD-00207997,2023-11-19,Region 50,402,Beauty,Shampoo,9,26.09,258.76,Enterprise,Online Store,1.102
ORD-00899604,2023-11-19,Region 21,517,Beauty,Lipstick,16,28.46,501.81,SMB,Wholesale,1.102
ORD-00208435,2023-11-19,Region 02,367,Electronics,Laptop,19,438.01,9171.05,SMB,Online Store,1.102
ORD-00197737,2023-11-19,Region 26,163,Toys,Building Blocks,19,53.16,1113.06,SMB,Retail,1.102
ORD-00510702,2023-11-19,Region 31,152,Electronics,Smartphone,19,662.84,13878.54,Enterprise,Retail,1.102
ORD-00688792,2023-11-19,Region 29,337,Electronics,Tablet,6,420.23,2778.56,Wholesale,Wholesale,1.102
ORD-00249719,2023-11-19,Region 13,504,Sports,Yoga Mat,18,77.54,1538.08,Retail,Wholesale,1.102
ORD-00697147,2023-11-20,Region 43,253,Books,Textbook,15,32.33,534.41,Retail,Retail,1.102
ORD-00817739,2023-11-20,Region 21,160,Sports,Treadmill,9,99.23,984.16,Retail,Online Store,1.102
ORD-00699913,2023-11-20,Region 37,383,Sports,Water Bottle,2,85.72,188.93,Retail,Retail,1.102
ORD-00787314,2023-11-20,Region 24,472,Electronics,Tablet,2,667.49,1471.15,Enterprise,Online Store,1.102
ORD-00630824,2023-11-20,Region 11,424,Books,Journal,3,30.68,101.43,SMB,Wholesale,1.102
ORD-00917176,2023-11-20,Region 55,91,Beauty,Shampoo,5,48.53,267.4,Enterprise,Wholesale,1.102
ORD-00633997,2023-11-21,Region 24,39,Books,Cookbook,12,25.98,343.56,Retail,Wholesale,1.102
ORD-00602383,2023-11-21,Region 55,129,Toys,Board Game,19,41.99,879.19,Retail,Wholesale,1.102
ORD-00470381,2023-11-21,Region 36,448,Beauty,Lipstick,13,42.74,612.29,SMB,Wholesale,1.102
ORD-00158977,2023-11-21,Region 09,140,Toys,Action Figure,3,46.29,153.03,SMB,Online Store,1.102
ORD-00201823,2023-11-22,Region 12,353,Beauty,Moisturizer,15,46.17,763.19,Wholesale,Wholesale,1.102
ORD-00392959,2023-11-22,Region 08,170,Toys,Building Blocks,9,30.94,306.86,Enterprise,Retail,1.102
ORD-00075140,2023-11-22,Region 49,156,Sports,Treadmill,6,70.24,464.43,Enterprise,Online Store,1.102
ORD-00371677,2023-11-22,Region 46,35,Beauty,Shampoo,11,41.35,501.24,Wholesale,Retail,1.102
ORD-00260723,2023-11-22,Region 43,243,Sports,Water Bottle,11,105.64,1280.57,Enterprise,Online Store,1.102
ORD-00183977,2023-11-22,Region 38,518,Apparel,Sneakers,2,62.36,137.44,Retail,Online Store,1.102
ORD-00678875,2023-11-23,Region 23,67,Home,Sofa,2,113.97,251.19,Retail,Retail,1.102
ORD-00067400,2023-11-23,Region 30,313,Books,Novel,6,19.59,129.53,SMB,Wholesale,1.102
ORD-00478789,2023-11-23,Region 18,422,Grocery,Milk Powder,3,23.23,76.8,SMB,Wholesale,1.102
ORD-00448116,2023-11-23,Region 22,306,Sports,Yoga Mat,5,78.0,429.78,Retail,Online Store,1.102
ORD-00228280,2023-11-23,Region 17,297,Apparel,Sneakers,14,55.34,853.79,SMB,Wholesale,1.102
ORD-00268240,2023-11-24,Region 12,114,Grocery,Coffee,15,19.67,325.15,Enterprise,Online Store,1.102
ORD-00168358,2023-11-24,Region 23,501,Beauty,Moisturizer,4,45.83,202.02,Enterprise,Retail,1.102
ORD-00363119,2023-11-24,Region 46,598,Apparel,Sneakers,6,67.65,447.3,Enterprise,Retail,1.102
ORD-00582916,2023-11-24,Region 38,71,Electronics,Laptop,18,477.06,9462.96,Wholesale,Wholesale,1.102
ORD-00752077,2023-11-25,Region 46,237,Grocery,Milk Powder,17,15.54,291.13,Wholesale,Wholesale,1.102
ORD-00236101,2023-11-25,Region 35,218,Beauty,Shampoo,11,42.54,515.67,SMB,Wholesale,1.102
ORD-00854861,2023-11-26,Region 07,79,Home,Curtains,11,177.74,2154.56,Retail,Wholesale,1.102
ORD-00568670,2023-11-26,Region 49,336,Sports,Yoga Mat,18,103.39,2050.84,SMB,Retail,1.102
ORD-00853545,2023-11-26,Region 35,191,Sports,Treadmill,17,96.56,1808.96,SMB,Wholesale,1.102
ORD-00545941,2023-11-26,Region 08,65,Sports,Dumbbells,11,83.67,1014.25,Enterprise,Online Store,1.102
ORD-00747946,2023-11-26,Region 03,439,Beauty,Shampoo,7,47.83,368.96,Wholesale,Retail,1.102
ORD-00078646,2023-11-27,Region 21,469,Grocery,Rice,5,26.89,148.16,Enterprise,Retail,1.102
ORD-00031480,2023-11-27,Region 11,324,Electronics,Smartphone,11,406.17,4923.59,Wholesale,Retail,1.102
ORD-00692590,2023-11-27,Region 24,381,Books,Journal,3,32.11,106.16,Retail,Online Store,1.102
ORD-00311729,2023-11-28,Region 28,31,Beauty,Shampoo,12,27.82,367.89,SMB,Retail,1.102
ORD-00453939,2023-11-28,Region 54,538,Electronics,Headphones,10,456.2,5027.32,Wholesale,Online Store,1.102
ORD-00872959,2023-11-28,Region 45,419,Home,Curtains,19,200.73,4202.88,Enterprise,Wholesale,1.102
ORD-00831248,2023-11-29,Region 45,243,Books,Novel,20,24.41,538.0,Retail,Wholesale,1.102
ORD-00365548,2023-11-29,Region 12,590,Home,Blender,17,108.97,2041.44,Retail,Retail,1.102
ORD-00575894,2023-11-29,Region 12,23,Grocery,Cooking Oil,6,25.04,165.56,Retail,Online Store,1.102
ORD-00990100,2023-11-29,Region 49,64,Books,Textbook,1,20.14,22.19,SMB,Online Store,1.102
ORD-00733935,2023-11-29,Region 10,193,Grocery,Coffee,16,20.33,358.46,Enterprise,Online Store,1.102
ORD-00764675,2023-11-30,Region 46,60,Apparel,Jeans,1,56.75,62.54,Retail,Wholesale,1.102
ORD-00181741,2023-11-30,Region 14,70,Sports,Yoga Mat,7,80.79,623.21,Enterprise,Online Store,1.102
ORD-00811507,2023-11-30,Region 02,248,Grocery,Cooking Oil,16,21.85,385.26,Enterprise,Wholesale,1.102
ORD-00400260,2023-11-30,Region 07,101,Home,Sofa,19,171.04,3581.24,Enterprise,Online Store,1.102
ORD-00642934,2023-11-30,Region 43,129,Beauty,Shampoo,10,40.78,449.4,Enterprise,Wholesale,1.102
ORD-00407527,2023-12-01,Region 36,337,Grocery,Cooking Oil,16,24.83,479.91,Enterprise,Retail,1.208
ORD-00731754,2023-12-01,Region 28,254,Beauty,Moisturizer,1,45.5,54.96,Retail,Online Store,1.208
ORD-00565510,2023-12-01,Region 10,45,Electronics,Laptop,16,618.71,11958.43,SMB,Online Store,1.208
ORD-00395329,2023-12-01,Region 05,155,Home,Curtains,3,195.85,709.76,Enterprise,Retail,1.208
ORD-00475637,2023-12-02,Region 45,200,Toys,Puzzle,5,35.27,213.03,Retail,Wholesale,1.208
ORD-00536877,2023-12-02,Region 32,101,Home,Sofa,6,137.99,1000.15,Wholesale,Online Store,1.208
ORD-00474256,2023-12-02,Region 47,76,Apparel,T-Shirt,9,75.28,818.44,Wholesale,Retail,1.208
ORD-00035032,2023-12-02,Region 18,138,Electronics,Headphones,19,611.68,14039.28,Enterprise,Wholesale,1.208
ORD-00787335,2023-12-02,Region 16,289,Home,Blender,4,130.89,632.46,SMB,Retail,1.208
ORD-00333158,2023-12-03,Region 12,265,Sports,Treadmill,19,98.9,2269.95,Enterprise,Retail,1.208
ORD-00472701,2023-12-03,Region 55,511,Sports,Treadmill,8,89.02,860.29,SMB,Retail,1.208
ORD-00355691,2023-12-03,Region 34,142,Electronics,Tablet,9,516.59,5616.37,SMB,Retail,1.208
ORD-00872419,2023-12-03,Region 09,536,Grocery,Rice,16,22.86,441.84,Wholesale,Online Store,1.208
ORD-00480624,2023-12-03,Region 30,163,Books,Textbook,6,34.37,249.11,Wholesale,Wholesale,1.208
ORD-00212320,2023-12-03,Region 05,217,Grocery,Rice,6,17.71,128.36,Wholesale,Retail,1.208
ORD-00556391,2023-12-04,Region 06,97,Apparel,Sneakers,6,45.27,328.12,Retail,Retail,1.208
ORD-00412166,2023-12-04,Region 08,301,Grocery,Cooking Oil,7,15.82,133.77,Enterprise,Online Store,1.208
ORD-00675594,2023-12-04,Region 35,371,Electronics,Headphones,2,495.79,1197.83,Retail,Online Store,1.208
ORD-00022832,2023-12-04,Region 37,314,Beauty,Lipstick,1,45.94,55.5,Wholesale,Retail,1.208
ORD-00258044,2023-12-04,Region 45,260,Electronics,Smartphone,6,530.62,3845.93,Retail,Retail,1.208
ORD-00571784,2023-12-05,Region 35,580,Apparel,Jeans,7,43.87,370.96,Retail,Online Store,1.208
ORD-00875933,2023-12-05,Region 25,235,Toys,Building Blocks,5,29.3,176.97,Enterprise,Online Store,1.208
ORD-00541542,2023-12-05,Region 50,287,Home,Blender,17,181.08,3718.66,Retail,Online Store,1.208
ORD-00801979,2023-12-06,Region 46,154,Home,Curtains,8,168.13,1624.81,Retail,Wholesale,1.208
ORD-00340024,2023-12-06,Region 04,536,Toys,Puzzle,1,35.42,42.79,SMB,Retail,1.208
ORD-00538168,2023-12-06,Region 17,197,Sports,Treadmill,19,99.16,2275.92,SMB,Online Store,1.208
ORD-00548207,2023-12-06,Region 27,13,Home,Blender,7,122.16,1032.98,Retail,Retail,1.208
ORD-00855051,2023-12-06,Region 39,374,Electronics,Tablet,9,610.58,6638.23,SMB,Wholesale,1.208
ORD-00288635,2023-12-06,Region 21,395,Books,Novel,16,31.82,615.02,Wholesale,Retail,1.208
ORD-00610094,2023-12-07,Region 33,305,Electronics,Tablet,15,401.5,7275.18,SMB,Online Store,1.208
ORD-00943885,2023-12-07,Region 25,159,Apparel,Jacket,1,74.43,89.91,SMB,Retail,1.208
ORD-00142575,2023-12-07,Region 33,402,Grocery,Rice,15,14.52,263.1,SMB,Online Store,1.208
ORD-00946013,2023-12-07,Region 39,542,Home,Curtains,1,205.07,247.72,Enterprise,Retail,1.208
ORD-00696116,2023-12-07,Region 07,50,Electronics,Smartphone,15,696.43,12619.31,Wholesale,Wholesale,1.208
ORD-00275105,2023-12-07,Region 01,318,Electronics,Tablet,8,598.88,5787.58,Retail,Wholesale,1.208
ORD-00867680,2023-12-08,Region 18,495,Sports,Yoga Mat,14,104.56,1768.32,Enterprise,Online Store,1.208
ORD-00712610,2023-12-08,Region 22,577,Home,Lamp,8,198.55,1918.79,SMB,Wholesale,1.208
ORD-00635396,2023-12-08,Region 44,504,Books,Cookbook,1,21.4,25.85,SMB,Retail,1.208
ORD-00446355,2023-12-08,Region 38,391,Grocery,Rice,18,25.34,550.99,Wholesale,Retail,1.208
ORD-00240928,2023-12-08,Region 16,188,Sports,Dumbbells,17,101.15,2077.22,Retail,Online Store,1.208
ORD-00215597,2023-12-08,Region 18,57,Apparel,Jacket,7,54.91,464.32,Wholesale,Retail,1.208
ORD-00135120,2023-12-08,Region 15,394,Home,Blender,4,136.64,660.24,SMB,Online Store,1.208
ORD-00973572,2023-12-08,Region 12,180,Toys,Building Blocks,13,32.2,505.67,Enterprise,Wholesale,1.208
ORD-00274898,2023-12-08,Region 53,498,Books,Textbook,16,29.55,571.14,SMB,Wholesale,1.208
ORD-00913465,2023-12-08,Region 30,137,Apparel,Jeans,4,68.15,329.3,SMB,Online Store,1.208
ORD-00653636,2023-12-09,Region 10,8,Books,Cookbook,5,30.78,185.91,Retail,Retail,1.208
ORD-00658287,2023-12-09,Region 47,215,Grocery,Rice,15,25.98,470.76,Enterprise,Online Store,1.208
ORD-00150849,2023-12-09,Region 09,472,Sports,Dumbbells,16,98.42,1902.26,Retail,Retail,1.208
ORD-00580302,2023-12-09,Region 20,562,Toys,Puzzle,10,29.91,361.31,Enterprise,Wholesale,1.208
ORD-00877530,2023-12-09,Region 10,470,Grocery,Cooking Oil,5,23.97,144.78,Retail,Wholesale,1.208
ORD-00307955,2023-12-09,Region 50,300,Home,Curtains,18,187.29,4072.43,Wholesale,Retail,1.208
ORD-00576649,2023-12-09,Region 23,131,Books,Novel,4,30.79,148.78,Enterprise,Retail,1.208
ORD-00470338,2023-12-09,Region 19,173,Grocery,Milk Powder,10,14.6,176.37,SMB,Online Store,1.208
ORD-00179436,2023-12-09,Region 39,545,Electronics,Laptop,18,414.55,9013.98,Wholesale,Online Store,1.208
ORD-00828579,2023-12-10,Region 16,176,Toys,Building Blocks,1,49.77,60.12,Wholesale,Online Store,1.208
ORD-00043137,2023-12-10,Region 26,560,Apparel,T-Shirt,10,49.49,597.84,Wholesale,Retail,1.208
ORD-00624182,2023-12-10,Region 46,413,Books,Novel,17,18.49,379.71,Enterprise,Online Store,1.208
ORD-00175703,2023-12-10,Region 38,213,Apparel,Sneakers,19,64.95,1490.73,SMB,Online Store,1.208
ORD-00671361,2023-12-11,Region 42,542,Grocery,Rice,8,20.96,202.56,Enterprise,Retail,1.208
ORD-00027805,2023-12-11,Region 44,468,Apparel,Jeans,16,48.12,930.06,SMB,Wholesale,1.208
ORD-00298963,2023-12-11,Region 34,88,Apparel,Sneakers,4,71.36,344.81,SMB,Retail,1.208
ORD-00246825,2023-12-11,Region 08,117,Toys,Action Figure,12,41.37,599.7,SMB,Retail,1.208
ORD-00064746,2023-12-11,Region 34,186,Home,Sofa,12,161.77,2345.02,SMB,Retail,1.208
ORD-00787072,2023-12-11,Region 46,193,Toys,Board Game,20,53.49,1292.32,Retail,Retail,1.208
ORD-00033200,2023-12-11,Region 25,465,Home,Sofa,2,202.38,488.95,Wholesale,Wholesale,1.208
ORD-00714864,2023-12-12,Region 34,384,Books,Cookbook,6,17.95,130.1,Enterprise,Retail,1.208
ORD-00115345,2023-12-12,Region 45,406,Home,Lamp,15,202.15,3662.96,Enterprise,Online Store,1.208
ORD-00390914,2023-12-12,Region 32,209,Home,Sofa,16,146.67,2834.84,Enterprise,Online Store,1.208
ORD-00748855,2023-12-12,Region 29,449,Grocery,Milk Powder,5,20.46,123.58,Wholesale,Wholesale,1.208
ORD-00857852,2023-12-12,Region 35,178,Grocery,Milk Powder,4,23.18,112.01,Wholesale,Retail,1.208
ORD-00019108,2023-12-12,Region 07,484,Beauty,Lipstick,14,27.24,460.68,Wholesale,Online Store,1.208
ORD-00849695,2023-12-12,Region 06,600,Home,Curtains,3,171.22,620.5,Retail,Wholesale,1.208
ORD-00917329,2023-12-12,Region 19,369,Toys,Action Figure,1,37.26,45.01,Retail,Online Store,1.208
ORD-00883019,2023-12-13,Region 15,599,Books,Cookbook,6,23.33,169.1,Retail,Retail,1.208
ORD-00121584,2023-12-13,Region 34,380,Beauty,Serum,10,29.06,351.04,SMB,Online Store,1.208
ORD-00059231,2023-12-14,Region 23,263,Toys,Building Blocks,13,37.15,583.4,Wholesale,Wholesale,1.208
ORD-00517686,2023-12-14,Region 25,296,Toys,Board Game,19,38.74,889.16,Enterprise,Online Store,1.208
ORD-00344966,2023-12-14,Region 24,29,Sports,Water Bottle,1,84.83,102.47,Enterprise,Wholesale,1.208
ORD-00588207,2023-12-14,Region 25,445,Grocery,Rice,15,21.87,396.28,SMB,Retail,1.208
ORD-00604824,2023-12-14,Region 48,500,Beauty,Moisturizer,17,24.66,506.42,Retail,Wholesale,1.208
ORD-00130333,2023-12-14,Region 08,304,Apparel,T-Shirt,11,42.93,570.45,Wholesale,Wholesale,1.208
ORD-00364861,2023-12-14,Region 08,238,Beauty,Serum,1,35.03,42.32,Enterprise,Online Store,1.208
ORD-00886916,2023-12-15,Region 03,203,Grocery,Milk Powder,12,15.56,225.56,Retail,Retail,1.208
ORD-00605584,2023-12-15,Region 38,200,Books,Cookbook,10,18.77,226.74,Retail,Wholesale,1.208
ORD-00906538,2023-12-15,Region 10,553,Electronics,Tablet,8,453.85,4386.01,SMB,Wholesale,1.208
ORD-00407580,2023-12-16,Region 43,568,Electronics,Headphones,19,600.55,13783.82,SMB,Wholesale,1.208
ORD-00021827,2023-12-16,Region 45,189,Beauty,Lipstick,7,27.09,229.07,SMB,Online Store,1.208
ORD-00476936,2023-12-16,Region 47,372,Sports,Yoga Mat,16,91.53,1769.09,Retail,Retail,1.208
ORD-00537555,2023-12-17,Region 13,467,Books,Cookbook,14,31.51,532.9,Wholesale,Retail,1.208
ORD-00703028,2023-12-17,Region 07,351,Apparel,Jeans,14,69.91,1182.32,Enterprise,Retail,1.208
ORD-00038360,2023-12-17,Region 07,435,Sports,Water Bottle,5,62.05,374.78,Wholesale,Wholesale,1.208
ORD-00048782,2023-12-17,Region 08,481,Beauty,Lipstick,18,41.11,893.9,Retail,Retail,1.208
ORD-00223835,2023-12-17,Region 37,394,Home,Lamp,6,201.57,1460.98,SMB,Wholesale,1.208
ORD-00548046,2023-12-17,Region 06,5,Home,Sofa,15,144.7,2621.96,Retail,Retail,1.208
ORD-00360687,2023-12-17,Region 09,472,Home,Lamp,11,165.46,2198.63,SMB,Retail,1.208
ORD-00073583,2023-12-17,Region 43,483,Electronics,Laptop,7,544.44,4603.78,SMB,Wholesale,1.208
ORD-00417786,2023-12-18,Region 52,71,Beauty,Lipstick,3,38.52,139.6,Wholesale,Online Store,1.208
ORD-00547779,2023-12-18,Region 16,203,Beauty,Shampoo,9,25.98,282.45,Wholesale,Wholesale,1.208
ORD-00958979,2023-12-18,Region 32,568,Books,Cookbook,5,19.5,117.78,Wholesale,Online Store,1.208
ORD-00523262,2023-12-18,Region 21,454,Toys,Board Game,11,47.49,631.05,SMB,Retail,1.208
ORD-00590241,2023-12-18,Region 41,139,Home,Blender,20,158.61,3832.02,Wholesale,Retail,1.208
ORD-00375714,2023-12-19,Region 27,190,Apparel,Jacket,4,66.49,321.28,Retail,Retail,1.208
ORD-00740315,2023-12-19,Region 37,59,Toys,Board Game,3,50.18,181.85,Wholesale,Online Store,1.208
ORD-00457257,2023-12-19,Region 43,19,Electronics,Smartphone,18,605.22,13159.9,SMB,Retail,1.208
ORD-00796086,2023-12-19,Region 20,67,Toys,Board Game,19,29.73,682.36,Wholesale,Retail,1.208
ORD-00839929,2023-12-19,Region 29,263,Grocery,Milk Powder,1,23.44,28.32,Wholesale,Retail,1.208
ORD-00307380,2023-12-20,Region 43,307,Toys,Board Game,1,34.5,41.68,SMB,Retail,1.208
ORD-00817044,2023-12-20,Region 31,442,Apparel,Jacket,16,47.13,910.93,Retail,Online Store,1.208
ORD-00002085,2023-12-20,Region 08,355,Apparel,Jeans,8,46.64,450.73,SMB,Wholesale,1.208
ORD-00580403,2023-12-20,Region 39,429,Books,Textbook,20,21.74,525.24,Retail,Online Store,1.208
ORD-00729606,2023-12-20,Region 18,112,Home,Blender,20,195.15,4714.82,SMB,Online Store,1.208
ORD-00758163,2023-12-21,Region 09,274,Books,Novel,8,34.3,331.48,SMB,Online Store,1.208
ORD-00412385,2023-12-21,Region 08,70,Grocery,Milk Powder,8,22.87,221.02,SMB,Wholesale,1.208
ORD-00463431,2023-12-21,Region 25,179,Toys,Action Figure,5,33.34,201.37,Enterprise,Online Store,1.208
ORD-00156742,2023-12-22,Region 34,46,Apparel,Sneakers,4,79.67,384.97,Enterprise,Retail,1.208
ORD-00090432,2023-12-22,Region 44,120,Beauty,Serum,13,24.93,391.5,Enterprise,Wholesale,1.208
ORD-00385983,2023-12-22,Region 05,226,Electronics,Headphones,7,597.9,5055.84,Retail,Wholesale,1.208
ORD-00475978,2023-12-22,Region 34,464,Sports,Yoga Mat,4,71.44,345.2,Wholesale,Retail,1.208
ORD-00134216,2023-12-22,Region 08,11,Toys,Action Figure,6,51.39,372.47,Wholesale,Retail,1.208
ORD-00235820,2023-12-23,Region 30,255,Toys,Building Blocks,15,52.83,957.28,Enterprise,Retail,1.208
ORD-00910861,2023-12-23,Region 05,85,Toys,Building Blocks,17,40.33,828.22,Wholesale,Wholesale,1.208
ORD-00285392,2023-12-23,Region 29,243,Home,Lamp,14,115.0,1944.88,Retail,Online Store,1.208
ORD-00971046,2023-12-23,Region 18,509,Grocery,Rice,13,21.02,330.1,Enterprise,Online Store,1.208
ORD-00824616,2023-12-23,Region 11,432,Apparel,Sneakers,13,52.41,823.05,SMB,Retail,1.208
ORD-00733594,2023-12-23,Region 01,323,Sports,Yoga Mat,16,69.84,1349.87,Wholesale,Online Store,1.208
ORD-00626370,2023-12-23,Region 43,170,Books,Novel,10,29.52,356.6,Wholesale,Wholesale,1.208
ORD-00490469,2023-12-23,Region 12,180,Electronics,Laptop,4,491.27,2373.82,SMB,Retail,1.208
ORD-00148099,2023-12-24,Region 23,75,Electronics,Headphones,9,363.36,3950.45,Retail,Wholesale,1.208
ORD-00276622,2023-12-24,Region 51,303,Grocery,Coffee,14,24.01,406.06,SMB,Retail,1.208
ORD-00574698,2023-12-26,Region 42,191,Books,Cookbook,5,23.31,140.79,SMB,Online Store,1.208
ORD-00073340,2023-12-26,Region 49,347,Books,Cookbook,6,29.68,215.12,Wholesale,Wholesale,1.208
ORD-00494052,2023-12-26,Region 40,400,Grocery,Cooking Oil,19,21.61,495.99,SMB,Retail,1.208
ORD-00350615,2023-12-26,Region 17,246,Grocery,Cooking Oil,20,23.07,557.37,SMB,Online Store,1.208
ORD-00056355,2023-12-26,Region 30,522,Grocery,Cooking Oil,1,24.89,30.07,Retail,Online Store,1.208
ORD-00139427,2023-12-27,Region 29,259,Books,Journal,7,26.3,222.39,Retail,Online Store,1.208
ORD-00050458,2023-12-27,Region 08,200,Sports,Dumbbells,12,108.81,1577.31,Retail,Wholesale,1.208
ORD-00826637,2023-12-27,Region 44,286,Beauty,Lipstick,18,42.99,934.77,Enterprise,Wholesale,1.208
ORD-00482671,2023-12-27,Region 08,74,Books,Cookbook,3,26.33,95.42,Retail,Wholesale,1.208
ORD-00860371,2023-12-28,Region 05,278,Electronics,Smartphone,4,570.57,2756.99,SMB,Retail,1.208
ORD-00450050,2023-12-28,Region 18,128,Books,Textbook,10,20.77,250.9,Enterprise,Retail,1.208
ORD-00745974,2023-12-28,Region 27,490,Toys,Action Figure,11,53.71,713.7,Retail,Retail,1.208
ORD-00635239,2023-12-29,Region 04,491,Beauty,Moisturizer,9,44.02,478.59,SMB,Wholesale,1.208
ORD-00857578,2023-12-29,Region 12,485,Apparel,T-Shirt,13,73.38,1152.36,SMB,Retail,1.208
ORD-00293611,2023-12-29,Region 07,346,Beauty,Lipstick,12,42.1,610.28,Wholesale,Online Store,1.208
ORD-00423130,2023-12-29,Region 33,270,Sports,Treadmill,11,110.83,1472.71,Wholesale,Online Store,1.208
ORD-00210983,2023-12-30,Region 50,396,Beauty,Serum,9,47.04,511.42,SMB,Wholesale,1.208
ORD-00069254,2023-12-30,Region 15,333,Apparel,Jacket,2,78.55,189.78,Enterprise,Retail,1.208
ORD-00536703,2023-12-30,Region 14,511,Beauty,Serum,5,30.23,182.59,Enterprise,Retail,1.208
ORD-00134186,2023-12-30,Region 01,206,Electronics,Laptop,20,693.44,16753.51,Enterprise,Online Store,1.208
ORD-00575274,2023-12-30,Region 11,130,Home,Sofa,16,135.32,2615.46,Retail,Retail,1.208
ORD-00037782,2023-12-30,Region 09,19,Home,Lamp,14,139.74,2363.28,Enterprise,Online Store,1.208
ORD-00896180,2023-12-30,Region 51,566,Electronics,Headphones,5,693.28,4187.41,Retail,Retail,1.208
ORD-00502928,2023-12-31,Region 53,443,Grocery,Cooking Oil,9,18.12,197.0,Enterprise,Online Store,1.208
ORD-00664143,2023-12-31,Region 47,404,Home,Lamp,10,155.45,1877.84,Retail,Retail,1.208
ORD-00004729,2023-12-31,Region 52,22,Home,Blender,15,163.65,2965.34,Retail,Wholesale,1.208
ORD-00079301,2023-12-31,Region 14,120,Beauty,Lipstick,10,45.81,553.38,Wholesale,Wholesale,1.208
ORD-00816607,2023-12-31,Region 46,335,Toys,Building Blocks,2,37.81,91.35,SMB,Retail,1.208
ORD-00118949,2023-12-31,Region 26,421,Toys,Puzzle,2,54.55,131.79,Retail,Wholesale,1.208
ORD-00930079,2023-12-31,Region 51,158,Beauty,Shampoo,20,27.75,670.44,SMB,Wholesale,1.208
ORD-00667140,2024-01-01,Region 55,247,Sports,Dumbbells,16,78.08,1374.21,SMB,Online Store,1.1
ORD-00946120,2024-01-01,Region 36,307,Toys,Puzzle,17,33.21,621.03,Wholesale,Wholesale,1.1
ORD-00805128,2024-01-01,Region 18,405,Sports,Dumbbells,2,99.65,219.23,SMB,Retail,1.1
ORD-00128479,2024-01-01,Region 33,538,Toys,Puzzle,3,36.51,120.48,Retail,Wholesale,1.1
ORD-00431397,2024-01-01,Region 30,411,Beauty,Shampoo,11,48.33,584.79,Enterprise,Retail,1.1
ORD-00394285,2024-01-01,Region 49,228,Toys,Action Figure,12,51.79,683.63,SMB,Online Store,1.1
ORD-00920977,2024-01-01,Region 49,471,Books,Textbook,14,26.46,407.48,SMB,Retail,1.1
ORD-00462442,2024-01-02,Region 06,4,Beauty,Moisturizer,6,42.65,281.49,Retail,Retail,1.1
ORD-00672511,2024-01-02,Region 36,269,Toys,Action Figure,12,55.76,736.03,Wholesale,Online Store,1.1
ORD-00461074,2024-01-02,Region 28,368,Toys,Puzzle,17,29.82,557.63,Retail,Wholesale,1.1
ORD-00114641,2024-01-03,Region 12,90,Electronics,Headphones,12,685.86,9053.35,Retail,Online Store,1.1
ORD-00041351,2024-01-03,Region 08,527,Electronics,Headphones,12,548.74,7243.37,Retail,Wholesale,1.1
ORD-00063064,2024-01-03,Region 27,131,Home,Curtains,10,196.56,2162.16,Wholesale,Wholesale,1.1
ORD-00113315,2024-01-04,Region 52,326,Beauty,Serum,9,34.91,345.61,SMB,Retail,1.1
ORD-00853789,2024-01-04,Region 44,489,Apparel,Jeans,11,45.05,545.1,SMB,Wholesale,1.1
ORD-00134702,2024-01-04,Region 49,465,Home,Sofa,2,200.36,440.79,Wholesale,Online Store,1.1
ORD-00440744,2024-01-04,Region 32,432,Toys,Board Game,5,51.77,284.74,Enterprise,Online Store,1.1
ORD-00143512,2024-01-05,Region 13,474,Books,Cookbook,14,29.97,461.54,Retail,Online Store,1.1
ORD-00097283,2024-01-05,Region 29,267,Grocery,Coffee,13,25.27,361.36,Enterprise,Wholesale,1.1
ORD-00694206,2024-01-05,Region 42,457,Grocery,Cooking Oil,7,14.83,114.19,Retail,Wholesale,1.1
ORD-00713766,2024-01-05,Region 24,502,Sports,Water Bottle,15,72.68,1199.22,Retail,Online Store,1.1
ORD-00654315,2024-01-05,Region 13,429,Beauty,Moisturizer,10,31.52,346.72,Enterprise,Retail,1.1
ORD-00104335,2024-01-06,Region 39,228,Books,Cookbook,18,31.83,630.23,SMB,Retail,1.1
ORD-00015026,2024-01-06,Region 12,598,Books,Novel,4,24.02,105.69,Enterprise,Wholesale,1.1
ORD-00654976,2024-01-06,Region 22,240,Toys,Building Blocks,8,30.25,266.2,Retail,Wholesale,1.1
ORD-00313599,2024-01-06,Region 26,148,Apparel,Jeans,1,68.43,75.27,SMB,Online Store,1.1
ORD-00390326,2024-01-06,Region 25,313,Grocery,Cooking Oil,8,22.37,196.86,SMB,Retail,1.1
ORD-00750758,2024-01-07,Region 07,525,Beauty,Lipstick,7,29.86,229.92,SMB,Wholesale,1.1
ORD-00578705,2024-01-07,Region 09,106,Beauty,Serum,14,37.46,576.88,Enterprise,Online Store,1.1
ORD-00173546,2024-01-07,Region 25,47,Sports,Water Bottle,7,70.57,543.39,Wholesale,Retail,1.1
ORD-00697338,2024-01-07,Region 28,385,Electronics,Smartphone,10,674.39,7418.29,SMB,Wholesale,1.1
ORD-00663339,2024-01-07,Region 08,462,Sports,Yoga Mat,5,109.25,600.88,Enterprise,Online Store,1.1
ORD-00593967,2024-01-08,Region 17,106,Grocery,Milk Powder,18,17.29,342.34,SMB,Online Store,1.1
ORD-00567223,2024-01-08,Region 33,584,Toys,Board Game,18,51.16,1012.97,Wholesale,Online Store,1.1
ORD-00528532,2024-01-08,Region 19,76,Electronics,Laptop,18,539.46,10681.31,Enterprise,Online Store,1.1
ORD-00135208,2024-01-08,Region 33,239,Grocery,Coffee,7,18.72,144.14,Retail,Online Store,1.1
ORD-00073222,2024-01-08,Region 43,306,Toys,Puzzle,4,33.63,147.97,Enterprise,Online Store,1.1
ORD-00990925,2024-01-08,Region 35,222,Electronics,Smartphone,11,626.09,7575.69,SMB,Retail,1.1
ORD-00141887,2024-01-08,Region 19,40,Home,Curtains,14,164.22,2528.99,Enterprise,Wholesale,1.1
ORD-00597964,2024-01-08,Region 13,134,Toys,Board Game,16,36.94,650.14,Retail,Retail,1.1
ORD-00638308,2024-01-08,Region 23,498,Books,Cookbook,7,24.03,185.03,Retail,Wholesale,1.1
ORD-00771077,2024-01-09,Region 07,314,Sports,Treadmill,9,59.45,588.56,Wholesale,Wholesale,1.1
ORD-00042222,2024-01-09,Region 52,8,Beauty,Moisturizer,16,44.47,782.67,Wholesale,Wholesale,1.1
ORD-00827117,2024-01-09,Region 47,64,Beauty,Serum,19,37.44,782.5,Wholesale,Online Store,1.1
ORD-00909428,2024-01-10,Region 41,165,Books,Textbook,13,23.99,343.06,SMB,Wholesale,1.1
ORD-00097681,2024-01-10,Region 32,316,Books,Cookbook,5,28.52,156.86,Wholesale,Retail,1.1
ORD-00268993,2024-01-10,Region 48,496,Books,Textbook,11,27.24,329.6,Enterprise,Wholesale,1.1
ORD-00698252,2024-01-10,Region 02,102,Sports,Treadmill,10,109.55,1205.05,Retail,Online Store,1.1
ORD-00788136,2024-01-10,Region 54,197,Toys,Building Blocks,16,55.64,979.26,SMB,Wholesale,1.1
ORD-00274385,2024-01-10,Region 04,378,Electronics,Laptop,5,357.69,1967.3,Enterprise,Online Store,1.1
ORD-00019093,2024-01-10,Region 13,325,Books,Novel,6,30.06,198.4,SMB,Wholesale,1.1
ORD-00203123,2024-01-10,Region 41,500,Beauty,Serum,15,48.96,807.84,SMB,Retail,1.1
ORD-00303237,2024-01-10,Region 30,236,Beauty,Lipstick,20,27.3,600.6,Retail,Retail,1.1
ORD-00168984,2024-01-10,Region 53,466,Electronics,Headphones,16,493.24,8681.02,Retail,Wholesale,1.1
ORD-00853426,2024-01-11,Region 38,19,Home,Curtains,7,166.28,1280.36,Wholesale,Wholesale,1.1
ORD-00353454,2024-01-11,Region 20,51,Grocery,Coffee,11,17.12,207.15,Enterprise,Retail,1.1
ORD-00130068,2024-01-11,Region 24,357,Books,Cookbook,10,23.42,257.62,Enterprise,Wholesale,1.1
ORD-00028782,2024-01-11,Region 08,348,Books,Journal,3,17.74,58.54,Retail,Wholesale,1.1
ORD-00285675,2024-01-11,Region 37,561,Sports,Treadmill,17,60.37,1128.92,Retail,Retail,1.1
ORD-00394760,2024-01-12,Region 09,464,Books,Textbook,13,27.13,387.96,Wholesale,Online Store,1.1
ORD-00377737,2024-01-12,Region 22,187,Grocery,Cooking Oil,14,18.13,279.2,SMB,Wholesale,1.1
ORD-00376084,2024-01-12,Region 41,99,Apparel,Sneakers,2,57.77,127.09,Enterprise,Wholesale,1.1
ORD-00557150,2024-01-12,Region 36,559,Books,Journal,12,32.87,433.88,Enterprise,Retail,1.1
ORD-00752316,2024-01-12,Region 02,149,Books,Journal,20,18.14,399.08,SMB,Wholesale,1.1
ORD-00399341,2024-01-12,Region 48,271,Home,Blender,2,198.05,435.71,Retail,Online Store,1.1
ORD-00336983,2024-01-12,Region 35,336,Home,Blender,13,137.61,1967.82,Retail,Wholesale,1.1
ORD-00057151,2024-01-12,Region 12,435,Sports,Treadmill,9,68.27,675.87,SMB,Wholesale,1.1
ORD-00696607,2024-01-13,Region 25,304,Sports,Treadmill,9,67.2,665.28,Wholesale,Retail,1.1
ORD-00041621,2024-01-13,Region 16,283,Toys,Action Figure,4,54.44,239.54,Wholesale,Retail,1.1
ORD-00363638,2024-01-13,Region 49,44,Electronics,Tablet,12,481.95,6361.74,Retail,Wholesale,1.1
ORD-00422758,2024-01-13,Region 28,117,Home,Blender,12,129.81,1713.49,Retail,Wholesale,1.1
ORD-00777347,2024-01-14,Region 46,363,Apparel,Jacket,2,46.84,103.05,SMB,Online Store,1.1
ORD-00429422,2024-01-14,Region 13,308,Books,Novel,2,23.78,52.32,Retail,Wholesale,1.1
ORD-00341416,2024-01-14,Region 30,129,Apparel,T-Shirt,11,44.5,538.45,Enterprise,Wholesale,1.1
ORD-00398711,2024-01-14,Region 08,423,Beauty,Moisturizer,6,33.36,220.18,Wholesale,Wholesale,1.1
ORD-00139989,2024-01-14,Region 20,39,Home,Lamp,3,122.26,403.46,Retail,Retail,1.1
ORD-00954794,2024-01-15,Region 10,421,Sports,Water Bottle,9,78.69,779.03,Wholesale,Wholesale,1.1
ORD-00311190,2024-01-15,Region 30,222,Apparel,Jeans,14,83.67,1288.52,SMB,Retail,1.1
ORD-00147964,2024-01-15,Region 29,385,Toys,Building Blocks,4,35.98,158.31,SMB,Retail,1.1
ORD-00529402,2024-01-15,Region 54,399,Electronics,Headphones,12,488.93,6453.88,Retail,Online Store,1.1
ORD-00971237,2024-01-16,Region 17,418,Grocery,Coffee,15,14.81,244.37,Enterprise,Online Store,1.1
ORD-00950798,2024-01-16,Region 15,292,Home,Sofa,19,144.73,3024.86,Enterprise,Online Store,1.1
ORD-00167286,2024-01-16,Region 41,566,Sports,Yoga Mat,1,95.69,105.26,SMB,Wholesale,1.1
ORD-00161421,2024-01-17,Region 14,567,Sports,Water Bottle,12,81.11,1070.65,Wholesale,Online Store,1.1
ORD-00747112,2024-01-17,Region 35,554,Electronics,Smartphone,10,516.47,5681.17,Wholesale,Wholesale,1.1
ORD-00304682,2024-01-17,Region 25,89,Beauty,Shampoo,6,45.99,303.53,SMB,Wholesale,1.1
ORD-00986163,2024-01-17,Region 07,432,Books,Journal,8,24.28,213.66,SMB,Retail,1.1
ORD-00465620,2024-01-17,Region 51,196,Grocery,Milk Powder,17,15.54,290.6,Wholesale,Retail,1.1
ORD-00142691,2024-01-17,Region 22,69,Books,Journal,7,28.06,216.06,Retail,Retail,1.1
ORD-00668608,2024-01-17,Region 47,543,Apparel,Jeans,1,72.61,79.87,Enterprise,Wholesale,1.1
ORD-00056318,2024-01-18,Region 05,312,Home,Sofa,19,208.86,4365.17,Enterprise,Retail,1.1
ORD-00547703,2024-01-18,Region 31,163,Electronics,Headphones,5,510.14,2805.77,Wholesale,Wholesale,1.1
ORD-00340562,2024-01-18,Region 21,455,Apparel,T-Shirt,13,61.36,877.45,Retail,Online Store,1.1
ORD-00105045,2024-01-18,Region 10,64,Books,Cookbook,19,29.95,625.96,Retail,Online Store,1.1
ORD-00986363,2024-01-18,Region 27,285,Toys,Board Game,15,33.44,551.76,Retail,Wholesale,1.1
ORD-00400807,2024-01-18,Region 35,19,Electronics,Smartphone,16,671.99,11827.02,Wholesale,Retail,1.1
ORD-00426652,2024-01-18,Region 43,569,Electronics,Tablet,19,370.25,7738.22,Retail,Retail,1.1
ORD-00551747,2024-01-19,Region 11,490,Books,Cookbook,2,24.31,53.48,Enterprise,Wholesale,1.1
ORD-00639524,2024-01-19,Region 07,135,Electronics,Laptop,11,652.24,7892.1,Retail,Online Store,1.1
ORD-00934431,2024-01-19,Region 13,266,Beauty,Serum,5,35.03,192.67,Wholesale,Wholesale,1.1
ORD-00038747,2024-01-19,Region 09,292,Sports,Water Bottle,11,90.92,1100.13,Enterprise,Wholesale,1.1
ORD-00270981,2024-01-20,Region 02,118,Beauty,Serum,7,34.21,263.42,SMB,Retail,1.1
ORD-00749753,2024-01-20,Region 29,18,Apparel,Sneakers,16,54.05,951.28,Wholesale,Retail,1.1
ORD-00145026,2024-01-20,Region 39,361,Toys,Building Blocks,2,55.56,122.23,Retail,Online Store,1.1
ORD-00431446,2024-01-21,Region 11,446,Toys,Board Game,17,44.55,833.08,Retail,Wholesale,1.1
ORD-00641980,2024-01-21,Region 24,232,Grocery,Rice,4,14.39,63.32,Wholesale,Online Store,1.1
ORD-00102093,2024-01-21,Region 01,11,Electronics,Laptop,1,407.36,448.1,Wholesale,Retail,1.1
ORD-00777897,2024-01-22,Region 20,33,Beauty,Shampoo,12,34.27,452.36,Wholesale,Wholesale,1.1
ORD-00896187,2024-01-22,Region 43,522,Sports,Treadmill,20,70.46,1550.12,Retail,Wholesale,1.1
ORD-00501169,2024-01-22,Region 27,327,Grocery,Rice,1,27.53,30.28,SMB,Online Store,1.1
ORD-00834293,2024-01-23,Region 39,466,Home,Curtains,8,194.63,1712.74,Retail,Retail,1.1
ORD-00012245,2024-01-23,Region 44,488,Books,Cookbook,6,21.38,141.11,Enterprise,Online Store,1.1
ORD-00328399,2024-01-23,Region 20,279,Sports,Treadmill,10,83.22,915.42,Retail,Online Store,1.1
ORD-00286164,2024-01-24,Region 52,475,Grocery,Rice,5,23.84,131.12,SMB,Retail,1.1
ORD-00441909,2024-01-24,Region 48,387,Apparel,Jeans,11,53.21,643.84,SMB,Wholesale,1.1
ORD-00942735,2024-01-24,Region 52,46,Grocery,Milk Powder,1,18.22,20.04,SMB,Online Store,1.1
ORD-00873209,2024-01-24,Region 17,460,Home,Blender,2,146.47,322.23,Wholesale,Retail,1.1
ORD-00068544,2024-01-24,Region 39,53,Electronics,Smartphone,14,439.23,6764.14,Retail,Wholesale,1.1
ORD-00211275,2024-01-24,Region 16,204,Electronics,Tablet,16,590.59,10394.38,Enterprise,Wholesale,1.1
ORD-00084557,2024-01-24,Region 22,490,Toys,Building Blocks,2,54.58,120.08,Retail,Wholesale,1.1
ORD-00784892,2024-01-24,Region 06,417,Apparel,Jeans,13,68.16,974.69,Retail,Online Store,1.1
ORD-00250733,2024-01-24,Region 55,298,Apparel,Jacket,10,73.98,813.78,Retail,Online Store,1.1
ORD-00403585,2024-01-25,Region 09,252,Toys,Building Blocks,17,29.02,542.67,Enterprise,Wholesale,1.1
ORD-00765406,2024-01-25,Region 16,486,Sports,Treadmill,9,83.59,827.54,Retail,Online Store,1.1
ORD-00258967,2024-01-25,Region 29,412,Books,Textbook,16,25.75,453.2,SMB,Wholesale,1.1
ORD-00903340,2024-01-25,Region 09,274,Toys,Board Game,19,35.74,746.97,Wholesale,Wholesale,1.1
ORD-00832556,2024-01-26,Region 41,27,Electronics,Tablet,6,572.49,3778.43,Wholesale,Retail,1.1
ORD-00564599,2024-01-26,Region 03,553,Apparel,T-Shirt,20,70.95,1560.9,Enterprise,Online Store,1.1
ORD-00877710,2024-01-26,Region 36,562,Toys,Action Figure,2,38.14,83.91,SMB,Online Store,1.1
ORD-00243900,2024-01-26,Region 08,590,Sports,Dumbbells,12,56.54,746.33,Enterprise,Retail,1.1
ORD-00443403,2024-01-26,Region 36,124,Books,Cookbook,1,19.07,20.98,Enterprise,Online Store,1.1
ORD-00151554,2024-01-27,Region 14,34,Books,Journal,6,29.83,196.88,Retail,Retail,1.1
ORD-00404080,2024-01-27,Region 25,325,Toys,Building Blocks,10,47.67,524.37,SMB,Wholesale,1.1
ORD-00021904,2024-01-27,Region 45,559,Sports,Water Bottle,5,85.66,471.13,Wholesale,Wholesale,1.1
ORD-00406418,2024-01-27,Region 12,209,Toys,Board Game,19,29.9,624.91,Enterprise,Retail,1.1
ORD-00285416,2024-01-28,Region 42,202,Sports,Treadmill,2,76.03,167.27,Wholesale,Online Store,1.1
ORD-00977524,2024-01-29,Region 21,425,Home,Curtains,5,127.01,698.56,Wholesale,Wholesale,1.1
ORD-00384262,2024-01-29,Region 23,411,Sports,Treadmill,3,103.64,342.01,Wholesale,Online Store,1.1
ORD-00262606,2024-01-29,Region 16,39,Apparel,Jeans,4,73.68,324.19,Retail,Online Store,1.1
ORD-00609901,2024-01-29,Region 37,511,Books,Journal,10,27.04,297.44,Enterprise,Retail,1.1
ORD-00375413,2024-01-29,Region 01,40,Beauty,Shampoo,10,28.39,312.29,Retail,Online Store,1.1
ORD-00387434,2024-01-30,Region 17,179,Books,Novel,2,24.67,54.27,SMB,Wholesale,1.1
ORD-00809231,2024-01-30,Region 37,56,Toys,Puzzle,3,49.87,164.57,Retail,Wholesale,1.1
ORD-00413445,2024-01-31,Region 36,151,Toys,Puzzle,1,29.02,31.92,Retail,Online Store,1.1
ORD-00291617,2024-01-31,Region 25,565,Grocery,Cooking Oil,18,23.49,465.1,Retail,Wholesale,1.1
ORD-00200577,2024-02-01,Region 31,484,Beauty,Lipstick,11,47.29,572.21,SMB,Wholesale,1.1
ORD-00333236,2024-02-01,Region 30,8,Electronics,Smartphone,10,439.66,4836.26,SMB,Online Store,1.1
ORD-00671465,2024-02-01,Region 45,269,Grocery,Coffee,2,14.44,31.77,Wholesale,Wholesale,1.1
ORD-00663731,2024-02-01,Region 41,435,Electronics,Laptop,18,507.83,10055.03,Enterprise,Wholesale,1.1
ORD-00597494,2024-02-01,Region 16,121,Grocery,Cooking Oil,16,17.56,309.06,Enterprise,Wholesale,1.1
ORD-00566929,2024-02-01,Region 13,129,Toys,Puzzle,18,55.71,1103.06,SMB,Wholesale,1.1
ORD-00253022,2024-02-02,Region 34,443,Books,Novel,1,27.83,30.61,Enterprise,Online Store,1.1
ORD-00807573,2024-02-02,Region 02,1,Books,Journal,15,31.2,514.8,Wholesale,Wholesale,1.1
ORD-00441962,2024-02-02,Region 34,146,Grocery,Cooking Oil,8,22.37,196.86,SMB,Retail,1.1
ORD-00716586,2024-02-02,Region 30,582,Toys,Action Figure,7,35.0,269.5,Wholesale,Wholesale,1.1
ORD-00815429,2024-02-02,Region 10,217,Apparel,Jacket,18,74.21,1469.36,SMB,Retail,1.1
ORD-00155165,2024-02-02,Region 17,113,Books,Novel,12,34.91,460.81,SMB,Retail,1.1
ORD-00379066,2024-02-03,Region 39,198,Home,Sofa,10,167.73,1845.03,Wholesale,Wholesale,1.1
ORD-00370796,2024-02-03,Region 05,227,Home,Blender,11,187.93,2273.95,Enterprise,Wholesale,1.1
ORD-00315892,2024-02-03,Region 55,339,Apparel,Jeans,17,69.62,1301.89,SMB,Retail,1.1
ORD-00864190,2024-02-03,Region 43,210,Apparel,Jacket,18,49.08,971.78,SMB,Wholesale,1.1
ORD-00747713,2024-02-03,Region 06,79,Beauty,Shampoo,19,41.11,859.2,Wholesale,Retail,1.1
ORD-00738777,2024-02-03,Region 18,64,Apparel,T-Shirt,4,52.48,230.91,Enterprise,Online Store,1.1
ORD-00880864,2024-02-04,Region 27,66,Apparel,Jacket,5,67.36,370.48,Wholesale,Retail,1.1
ORD-00751224,2024-02-04,Region 30,571,Apparel,Sneakers,17,44.11,824.86,Retail,Online Store,1.1
ORD-00455913,2024-02-05,Region 01,234,Home,Blender,17,175.34,3278.86,Wholesale,Retail,1.1
ORD-00227213,2024-02-05,Region 50,441,Apparel,Jeans,10,77.94,857.34,SMB,Online Store,1.1
ORD-00960743,2024-02-05,Region 54,253,Apparel,Jacket,14,63.7,980.98,Enterprise,Wholesale,1.1
ORD-00125701,2024-02-06,Region 16,42,Sports,Yoga Mat,3,60.32,199.06,Wholesale,Wholesale,1.1
ORD-00321941,2024-02-06,Region 30,459,Toys,Action Figure,12,28.33,373.96,Enterprise,Online Store,1.1
ORD-00684593,2024-02-06,Region 05,354,Home,Lamp,15,168.82,2785.53,SMB,Wholesale,1.1
ORD-00981382,2024-02-06,Region 44,381,Electronics,Smartphone,12,651.35,8597.82,Retail,Online Store,1.1
ORD-00887154,2024-02-06,Region 46,397,Beauty,Serum,9,40.82,404.12,SMB,Wholesale,1.1
ORD-00051333,2024-02-06,Region 37,38,Sports,Dumbbells,10,96.69,1063.59,Retail,Online Store,1.1
ORD-00350156,2024-02-06,Region 28,184,Electronics,Laptop,10,600.01,6600.11,Wholesale,Online Store,1.1
ORD-00298012,2024-02-07,Region 43,19,Home,Blender,7,172.06,1324.86,Wholesale,Retail,1.1
ORD-00310804,2024-02-07,Region 40,297,Sports,Yoga Mat,5,96.57,531.14,Enterprise,Online Store,1.1
ORD-00627289,2024-02-07,Region 29,596,Books,Cookbook,6,32.55,214.83,SMB,Online Store,1.1
ORD-00275405,2024-02-08,Region 22,210,Toys,Action Figure,17,55.0,1028.5,SMB,Online Store,1.1
ORD-00325104,2024-02-08,Region 03,597,Toys,Action Figure,2,31.35,68.97,SMB,Wholesale,1.1
ORD-00432578,2024-02-08,Region 34,34,Grocery,Cooking Oil,16,25.34,445.98,Retail,Online Store,1.1
ORD-00205554,2024-02-08,Region 35,195,Beauty,Serum,3,36.43,120.22,SMB,Wholesale,1.1
ORD-00062121,2024-02-09,Region 03,5,Toys,Building Blocks,4,28.53,125.53,SMB,Wholesale,1.1
ORD-00257528,2024-02-09,Region 45,316,Apparel,T-Shirt,18,77.44,1533.31,Enterprise,Retail,1.1
ORD-00700758,2024-02-09,Region 33,544,Electronics,Tablet,11,462.28,5593.59,Retail,Retail,1.1
ORD-00522624,2024-02-09,Region 10,545,Sports,Yoga Mat,2,97.68,214.9,Enterprise,Retail,1.1
ORD-00518050,2024-02-09,Region 39,534,Sports,Water Bottle,2,83.82,184.4,Wholesale,Online Store,1.1
ORD-00749972,2024-02-09,Region 37,566,Electronics,Headphones,3,629.81,2078.37,Retail,Retail,1.1
ORD-00457101,2024-02-10,Region 42,495,Apparel,Jacket,10,81.04,891.44,Retail,Online Store,1.1
ORD-00220310,2024-02-10,Region 15,224,Electronics,Laptop,5,672.31,3697.7,SMB,Wholesale,1.1
ORD-00304888,2024-02-10,Region 21,17,Grocery,Cooking Oil,20,20.39,448.58,Retail,Wholesale,1.1
ORD-00185931,2024-02-11,Region 12,62,Electronics,Laptop,10,621.38,6835.18,SMB,Online Store,1.1
ORD-00020429,2024-02-11,Region 31,565,Grocery,Cooking Oil,1,14.61,16.07,Enterprise,Retail,1.1
ORD-00600673,2024-02-11,Region 09,495,Electronics,Tablet,19,400.55,8371.5,SMB,Retail,1.1
ORD-00309789,2024-02-11,Region 38,559,Beauty,Shampoo,9,32.08,317.59,SMB,Wholesale,1.1
ORD-00012747,2024-02-11,Region 06,7,Beauty,Shampoo,10,45.14,496.54,Wholesale,Online Store,1.1
ORD-00698575,2024-02-11,Region 49,18,Apparel,T-Shirt,3,83.89,276.84,SMB,Online Store,1.1
ORD-00700754,2024-02-11,Region 37,222,Home,Blender,18,132.73,2628.05,SMB,Online Store,1.1
ORD-00756450,2024-02-11,Region 07,574,Beauty,Lipstick,9,41.64,412.24,SMB,Online Store,1.1
ORD-00452447,2024-02-12,Region 26,96,Sports,Dumbbells,2,96.52,212.34,Enterprise,Retail,1.1
ORD-00732666,2024-02-12,Region 01,494,Sports,Dumbbells,20,60.57,1332.54,SMB,Wholesale,1.1
ORD-00260512,2024-02-12,Region 07,412,Grocery,Milk Powder,3,16.63,54.88,SMB,Retail,1.1
ORD-00938942,2024-02-12,Region 11,288,Sports,Dumbbells,16,77.12,1357.31,SMB,Wholesale,1.1
ORD-00508510,2024-02-12,Region 53,282,Home,Sofa,3,173.03,571.0,Enterprise,Wholesale,1.1
ORD-00926625,2024-02-12,Region 29,195,Toys,Puzzle,11,46.35,560.84,SMB,Online Store,1.1
ORD-00624989,2024-02-13,Region 38,513,Apparel,Jacket,10,67.93,747.23,Wholesale,Retail,1.1
ORD-00269905,2024-02-13,Region 52,342,Sports,Yoga Mat,4,69.59,306.2,Enterprise,Retail,1.1
ORD-00283940,2024-02-13,Region 13,100,Home,Blender,2,178.54,392.79,Wholesale,Wholesale,1.1
ORD-00123353,2024-02-13,Region 38,181,Books,Textbook,13,20.41,291.86,Wholesale,Retail,1.1
ORD-00426469,2024-02-14,Region 41,220,Toys,Board Game,18,28.64,567.07,Retail,Wholesale,1.1
ORD-00033380,2024-02-14,Region 14,342,Home,Blender,7,124.32,957.26,Enterprise,Retail,1.1
ORD-00764257,2024-02-14,Region 54,385,Apparel,T-Shirt,6,62.98,415.67,Retail,Wholesale,1.1
ORD-00178228,2024-02-14,Region 16,381,Books,Cookbook,14,27.88,429.35,Enterprise,Retail,1.1
ORD-00688367,2024-02-14,Region 34,593,Toys,Action Figure,6,44.57,294.16,Enterprise,Wholesale,1.1
ORD-00484436,2024-02-14,Region 48,577,Books,Cookbook,18,26.16,517.97,SMB,Wholesale,1.1
ORD-00015920,2024-02-14,Region 34,105,Electronics,Laptop,4,413.74,1820.46,Enterprise,Online Store,1.1
ORD-00779635,2024-02-15,Region 24,167,Apparel,Sneakers,2,48.45,106.59,Enterprise,Online Store,1.1
ORD-00030981,2024-02-15,Region 31,12,Apparel,T-Shirt,7,47.9,368.83,SMB,Retail,1.1
ORD-00610574,2024-02-15,Region 23,516,Grocery,Rice,7,20.48,157.7,Enterprise,Online Store,1.1
ORD-00783379,2024-02-16,Region 10,116,Electronics,Headphones,16,482.5,8492.0,Enterprise,Wholesale,1.1
ORD-00254292,2024-02-17,Region 04,378,Sports,Dumbbells,7,108.82,837.91,Retail,Retail,1.1
ORD-00178304,2024-02-18,Region 54,556,Beauty,Lipstick,2,24.68,54.3,Enterprise,Wholesale,1.1
ORD-00768294,2024-02-18,Region 28,234,Sports,Treadmill,10,101.21,1113.31,Wholesale,Retail,1.1
ORD-00727957,2024-02-18,Region 33,204,Sports,Yoga Mat,2,97.62,214.76,Wholesale,Online Store,1.1
ORD-00500046,2024-02-18,Region 12,377,Home,Sofa,7,207.61,1598.6,Enterprise,Retail,1.1
ORD-00149025,2024-02-18,Region 37,594,Apparel,Jacket,2,77.83,171.23,SMB,Retail,1.1
ORD-00321776,2024-02-18,Region 47,94,Grocery,Cooking Oil,11,22.11,267.53,SMB,Wholesale,1.1
ORD-00321778,2024-02-19,Region 09,5,Home,Curtains,16,149.42,2629.79,Retail,Retail,1.1
ORD-00882681,2024-02-19,Region 09,282,Home,Curtains,20,155.63,3423.86,Retail,Retail,1.1
ORD-00858884,2024-02-19,Region 52,340,Books,Textbook,19,20.82,435.14,Enterprise,Wholesale,1.1
ORD-00713615,2024-02-19,Region 37,509,Beauty,Lipstick,10,27.89,306.79,Wholesale,Retail,1.1
ORD-00514069,2024-02-20,Region 30,18,Home,Curtains,2,162.85,358.27,Wholesale,Online Store,1.1
ORD-00072683,2024-02-20,Region 17,338,Home,Sofa,19,176.05,3679.45,Wholesale,Online Store,1.1
ORD-00933530,2024-02-20,Region 19,344,Toys,Action Figure,4,39.18,172.39,Retail,Wholesale,1.1
ORD-00010280,2024-02-21,Region 34,35,Beauty,Lipstick,14,39.07,601.68,SMB,Online Store,1.1
ORD-00812444,2024-02-21,Region 25,62,Sports,Yoga Mat,9,71.83,711.12,Retail,Wholesale,1.1
ORD-00251817,2024-02-21,Region 11,119,Beauty,Lipstick,4,33.68,148.19,Enterprise,Wholesale,1.1
ORD-00580868,2024-02-21,Region 07,259,Books,Novel,3,31.98,105.53,SMB,Wholesale,1.1
ORD-00939413,2024-02-21,Region 18,434,Grocery,Milk Powder,12,15.75,207.9,Retail,Online Store,1.1
ORD-00292840,2024-02-21,Region 36,245,Books,Textbook,1,18.97,20.87,SMB,Retail,1.1
ORD-00751676,2024-02-21,Region 38,290,Electronics,Laptop,15,405.69,6693.89,Retail,Retail,1.1
ORD-00657175,2024-02-21,Region 38,76,Sports,Water Bottle,4,88.97,391.47,SMB,Wholesale,1.1
ORD-00986729,2024-02-21,Region 52,453,Sports,Dumbbells,12,57.99,765.47,Retail,Wholesale,1.1
ORD-00968213,2024-02-21,Region 54,440,Electronics,Headphones,3,676.88,2233.7,SMB,Online Store,1.1
ORD-00227501,2024-02-21,Region 25,106,Home,Blender,1,140.08,154.09,Enterprise,Wholesale,1.1
ORD-00128651,2024-02-22,Region 07,538,Sports,Yoga Mat,19,93.69,1958.12,Enterprise,Wholesale,1.1
ORD-00009798,2024-02-22,Region 13,590,Electronics,Laptop,19,581.19,12146.87,Wholesale,Online Store,1.1
ORD-00357747,2024-02-22,Region 16,524,Apparel,Jacket,10,65.29,718.19,Enterprise,Retail,1.1
ORD-00183513,2024-02-22,Region 51,598,Apparel,T-Shirt,20,58.87,1295.14,Retail,Retail,1.1
ORD-00014885,2024-02-22,Region 46,429,Electronics,Tablet,12,384.22,5071.7,SMB,Wholesale,1.1
ORD-00367765,2024-02-22,Region 24,180,Books,Textbook,19,19.92,416.33,Retail,Online Store,1.1
ORD-00079954,2024-02-22,Region 45,292,Sports,Treadmill,18,65.42,1295.32,Wholesale,Wholesale,1.1
ORD-00567095,2024-02-22,Region 32,229,Grocery,Cooking Oil,20,14.18,311.96,Wholesale,Retail,1.1
ORD-00100488,2024-02-22,Region 07,369,Sports,Dumbbells,11,67.07,811.55,Enterprise,Online Store,1.1
ORD-00955809,2024-02-23,Region 33,513,Toys,Building Blocks,19,32.36,676.32,SMB,Retail,1.1
ORD-00615581,2024-02-23,Region 16,95,Toys,Building Blocks,16,43.84,771.58,SMB,Wholesale,1.1
ORD-00318892,2024-02-23,Region 32,495,Sports,Treadmill,14,66.4,1022.56,Enterprise,Wholesale,1.1
ORD-00731033,2024-02-23,Region 27,367,Grocery,Milk Powder,3,25.91,85.5,Retail,Wholesale,1.1
ORD-00578794,2024-02-23,Region 10,347,Home,Blender,9,122.53,1213.05,Retail,Online Store,1.1
ORD-00503446,2024-02-23,Region 05,118,Toys,Puzzle,2,33.25,73.15,Enterprise,Online Store,1.1
ORD-00832901,2024-02-24,Region 47,107,Electronics,Smartphone,13,597.32,8541.68,Wholesale,Wholesale,1.1
ORD-00307237,2024-02-24,Region 42,510,Home,Sofa,10,151.19,1663.09,SMB,Online Store,1.1
ORD-00668429,2024-02-24,Region 31,28,Books,Journal,10,23.56,259.16,SMB,Online Store,1.1
ORD-00014435,2024-02-24,Region 47,421,Electronics,Smartphone,8,372.68,3279.58,Enterprise,Retail,1.1
ORD-00022285,2024-02-25,Region 12,540,Beauty,Moisturizer,13,41.55,594.17,Wholesale,Wholesale,1.1
ORD-00834061,2024-02-25,Region 08,434,Electronics,Smartphone,19,682.75,14269.48,SMB,Wholesale,1.1
ORD-00136767,2024-02-25,Region 13,114,Sports,Dumbbells,4,98.66,434.1,Enterprise,Online Store,1.1
ORD-00660215,2024-02-25,Region 08,400,Beauty,Shampoo,4,40.96,180.22,Enterprise,Wholesale,1.1
ORD-00987756,2024-02-26,Region 29,562,Beauty,Serum,10,31.67,348.37,SMB,Retail,1.1
ORD-00045651,2024-02-26,Region 26,545,Sports,Treadmill,2,79.02,173.84,Enterprise,Retail,1.1
ORD-00766516,2024-02-26,Region 54,509,Beauty,Shampoo,2,36.11,79.44,Enterprise,Retail,1.1
ORD-00133464,2024-02-26,Region 06,257,Beauty,Lipstick,19,38.64,807.58,Retail,Wholesale,1.1
ORD-00352951,2024-02-26,Region 08,367,Electronics,Tablet,17,634.33,11861.97,Wholesale,Wholesale,1.1
ORD-00601061,2024-02-27,Region 05,493,Beauty,Shampoo,5,42.69,234.8,Wholesale,Online Store,1.1
ORD-00956599,2024-02-27,Region 46,325,Grocery,Cooking Oil,4,14.24,62.66,Wholesale,Wholesale,1.1
ORD-00472824,2024-02-27,Region 47,264,Sports,Dumbbells,11,96.14,1163.29,Enterprise,Retail,1.1
ORD-00640063,2024-02-27,Region 33,515,Toys,Board Game,1,32.3,35.53,Enterprise,Wholesale,1.1
ORD-00230695,2024-02-27,Region 30,557,Beauty,Lipstick,19,25.72,537.55,Retail,Online Store,1.1
ORD-00791941,2024-02-27,Region 19,436,Grocery,Cooking Oil,12,26.75,353.1,Enterprise,Wholesale,1.1
ORD-00726275,2024-02-28,Region 41,224,Sports,Yoga Mat,6,84.38,556.91,Enterprise,Retail,1.1
ORD-00123819,2024-02-28,Region 17,498,Apparel,Sneakers,6,42.41,279.91,Enterprise,Wholesale,1.1
ORD-00487124,2024-02-28,Region 09,71,Apparel,Jacket,1,80.37,88.41,Wholesale,Online Store,1.1
ORD-00947185,2024-02-29,Region 07,596,Apparel,Sneakers,6,71.33,470.78,Enterprise,Online Store,1.1
ORD-00656907,2024-02-29,Region 12,398,Books,Novel,17,21.43,400.74,SMB,Retail,1.1
ORD-00995315,2024-02-29,Region 04,330,Home,Blender,9,184.24,1823.98,Retail,Online Store,1.1
ORD-00813668,2024-03-01,Region 06,20,Sports,Yoga Mat,10,78.23,860.53,Wholesale,Wholesale,1.1
ORD-00203286,2024-03-01,Region 01,600,Electronics,Smartphone,15,445.75,7354.88,Enterprise,Retail,1.1
ORD-00939605,2024-03-02,Region 51,376,Toys,Board Game,5,35.9,197.45,Retail,Retail,1.1
ORD-00607169,2024-03-02,Region 32,244,Grocery,Coffee,13,27.28,390.1,Enterprise,Wholesale,1.1
ORD-00980945,2024-03-02,Region 09,183,Sports,Water Bottle,15,103.53,1708.24,Retail,Wholesale,1.1
ORD-00651872,2024-03-02,Region 15,58,Apparel,Jeans,17,72.37,1353.32,Retail,Wholesale,1.1
ORD-00427979,2024-03-02,Region 02,562,Beauty,Serum,14,27.89,429.51,Retail,Wholesale,1.1
ORD-00752831,2024-03-02,Region 06,70,Beauty,Lipstick,13,37.56,537.11,SMB,Online Store,1.1
ORD-00718489,2024-03-02,Region 49,410,Toys,Building Blocks,1,46.79,51.47,Enterprise,Online Store,1.1
ORD-00511379,2024-03-03,Region 51,265,Toys,Building Blocks,13,41.5,593.45,Retail,Online Store,1.1
ORD-00434642,2024-03-03,Region 52,506,Apparel,T-Shirt,10,44.58,490.38,Retail,Online Store,1.1
ORD-00556510,2024-03-03,Region 28,399,Grocery,Milk Powder,2,16.1,35.42,SMB,Wholesale,1.1
ORD-00746641,2024-03-03,Region 50,517,Grocery,Rice,3,27.11,89.46,Enterprise,Wholesale,1.1
ORD-00890426,2024-03-03,Region 17,559,Toys,Building Blocks,20,35.7,785.4,Enterprise,Online Store,1.1
ORD-00317676,2024-03-03,Region 44,185,Beauty,Shampoo,19,38.49,804.44,Wholesale,Retail,1.1
ORD-00302243,2024-03-04,Region 04,414,Books,Textbook,4,18.61,81.88,Wholesale,Online Store,1.1
ORD-00869291,2024-03-04,Region 32,512,Toys,Board Game,17,41.71,779.98,Wholesale,Online Store,1.1
ORD-00554870,2024-03-05,Region 46,57,Home,Lamp,10,143.45,1577.95,Retail,Wholesale,1.1
ORD-00563259,2024-03-05,Region 40,20,Sports,Dumbbells,4,99.62,438.33,Wholesale,Retail,1.1
ORD-00779080,2024-03-05,Region 32,323,Home,Blender,11,153.5,1857.35,Enterprise,Online Store,1.1
ORD-00380908,2024-03-05,Region 21,292,Grocery,Coffee,3,15.96,52.67,Enterprise,Wholesale,1.1
ORD-00403986,2024-03-05,Region 10,496,Toys,Puzzle,9,36.05,356.9,Wholesale,Online Store,1.1
ORD-00616220,2024-03-05,Region 20,267,Books,Cookbook,13,30.56,437.01,SMB,Retail,1.1
ORD-00844916,2024-03-05,Region 19,21,Home,Curtains,2,138.76,305.27,Wholesale,Retail,1.1
ORD-00235011,2024-03-05,Region 32,267,Books,Cookbook,10,19.0,209.0,Retail,Retail,1.1
ORD-00355910,2024-03-05,Region 37,281,Toys,Building Blocks,3,36.29,119.76,SMB,Retail,1.1
ORD-00009097,2024-03-06,Region 38,101,Sports,Water Bottle,3,92.6,305.58,Retail,Online Store,1.1
ORD-00101964,2024-03-07,Region 22,262,Toys,Puzzle,15,47.62,785.73,SMB,Retail,1.1
ORD-00359702,2024-03-07,Region 27,130,Electronics,Tablet,3,694.2,2290.86,Retail,Wholesale,1.1
ORD-00736362,2024-03-08,Region 14,146,Sports,Dumbbells,17,95.02,1776.87,Retail,Wholesale,1.1
ORD-00734471,2024-03-08,Region 25,240,Sports,Yoga Mat,16,96.74,1702.62,SMB,Wholesale,1.1
ORD-00178298,2024-03-08,Region 45,80,Electronics,Smartphone,12,520.86,6875.35,Retail,Online Store,1.1
ORD-00089489,2024-03-08,Region 47,235,Grocery,Cooking Oil,5,21.42,117.81,Wholesale,Online Store,1.1
ORD-00602211,2024-03-08,Region 30,505,Toys,Building Blocks,11,28.12,340.25,Enterprise,Retail,1.1
ORD-00640785,2024-03-09,Region 32,329,Apparel,Sneakers,20,42.58,936.76,SMB,Retail,1.1
ORD-00294289,2024-03-09,Region 51,260,Sports,Water Bottle,14,98.17,1511.82,Wholesale,Online Store,1.1
ORD-00413211,2024-03-09,Region 25,463,Apparel,Jeans,9,57.78,572.02,Wholesale,Wholesale,1.1
ORD-00784972,2024-03-09,Region 09,468,Grocery,Milk Powder,1,25.73,28.3,Retail,Wholesale,1.1
ORD-00850665,2024-03-11,Region 40,412,Home,Lamp,1,176.49,194.14,Enterprise,Wholesale,1.1
ORD-00058470,2024-03-11,Region 20,403,Electronics,Tablet,6,471.98,3115.07,Enterprise,Retail,1.1
ORD-00961381,2024-03-11,Region 46,523,Beauty,Lipstick,15,48.62,802.23,SMB,Wholesale,1.1
ORD-00014170,2024-03-12,Region 32,253,Grocery,Coffee,7,15.33,118.04,Enterprise,Wholesale,1.1
ORD-00325180,2024-03-12,Region 26,415,Apparel,Jacket,18,76.58,1516.28,Wholesale,Retail,1.1
ORD-00386698,2024-03-12,Region 17,247,Apparel,Jacket,7,55.1,424.27,Enterprise,Wholesale,1.1
ORD-00128924,2024-03-12,Region 09,220,Beauty,Lipstick,12,48.61,641.65,Wholesale,Wholesale,1.1
ORD-00151502,2024-03-12,Region 28,267,Grocery,Milk Powder,14,15.27,235.16,Enterprise,Wholesale,1.1
ORD-00168672,2024-03-13,Region 40,403,Beauty,Shampoo,12,34.6,456.72,SMB,Retail,1.1
ORD-00351990,2024-03-13,Region 30,72,Electronics,Laptop,20,425.03,9350.66,SMB,Retail,1.1
ORD-00549274,2024-03-13,Region 23,221,Grocery,Milk Powder,1,21.18,23.3,Wholesale,Wholesale,1.1
ORD-00981549,2024-03-14,Region 32,301,Electronics,Laptop,5,675.26,3713.93,Retail,Retail,1.1
ORD-00744600,2024-03-14,Region 54,328,Apparel,Jeans,7,79.6,612.92,Enterprise,Online Store,1.1
ORD-00932404,2024-03-14,Region 40,372,Sports,Water Bottle,14,88.49,1362.75,Retail,Wholesale,1.1
ORD-00626103,2024-03-14,Region 20,157,Toys,Building Blocks,1,40.66,44.73,SMB,Retail,1.1
ORD-00819787,2024-03-14,Region 52,519,Home,Sofa,1,188.47,207.32,Retail,Wholesale,1.1
ORD-00213802,2024-03-15,Region 46,57,Toys,Puzzle,20,41.41,911.02,SMB,Online Store,1.1
ORD-00975905,2024-03-15,Region 42,200,Toys,Puzzle,6,35.92,237.07,Enterprise,Retail,1.1
ORD-00076353,2024-03-15,Region 35,18,Sports,Dumbbells,4,68.53,301.53,Enterprise,Wholesale,1.1
ORD-00063862,2024-03-16,Region 05,554,Apparel,Jacket,20,53.89,1185.58,Retail,Retail,1.1
ORD-00997096,2024-03-16,Region 10,260,Toys,Action Figure,20,32.37,712.14,Enterprise,Online Store,1.1
ORD-00661482,2024-03-16,Region 18,455,Beauty,Lipstick,15,30.65,505.72,SMB,Online Store,1.1
ORD-00025563,2024-03-16,Region 36,452,Books,Novel,7,20.07,154.54,Wholesale,Retail,1.1
ORD-00503698,2024-03-17,Region 06,442,Apparel,Sneakers,7,65.59,505.04,Retail,Online Store,1.1
ORD-00276762,2024-03-17,Region 18,402,Electronics,Tablet,8,681.28,5995.26,Retail,Retail,1.1
ORD-00821793,2024-03-17,Region 14,247,Beauty,Serum,12,33.66,444.31,Retail,Retail,1.1
ORD-00242611,2024-03-17,Region 53,542,Home,Sofa,19,175.36,3665.02,Retail,Online Store,1.1
ORD-00821816,2024-03-17,Region 03,1,Grocery,Rice,11,17.38,210.3,SMB,Wholesale,1.1
ORD-00803976,2024-03-18,Region 32,192,Grocery,Milk Powder,8,17.36,152.77,Wholesale,Retail,1.1
ORD-00572738,2024-03-18,Region 51,146,Apparel,T-Shirt,13,68.37,977.69,SMB,Wholesale,1.1
ORD-00423770,2024-03-18,Region 07,318,Toys,Puzzle,13,48.8,697.84,Retail,Wholesale,1.1
ORD-00703010,2024-03-18,Region 46,285,Beauty,Shampoo,16,25.35,446.16,SMB,Retail,1.1
ORD-00189080,2024-03-18,Region 07,231,Home,Lamp,1,167.32,184.05,SMB,Online Store,1.1
ORD-00498694,2024-03-18,Region 19,525,Books,Journal,14,32.14,494.96,Wholesale,Retail,1.1
ORD-00811299,2024-03-18,Region 14,21,Home,Blender,11,152.24,1842.1,Enterprise,Online Store,1.1
ORD-00929485,2024-03-18,Region 55,482,Home,Blender,5,162.99,896.45,Wholesale,Online Store,1.1
ORD-00300991,2024-03-18,Region 05,74,Toys,Building Blocks,20,46.67,1026.74,Retail,Wholesale,1.1
ORD-00715227,2024-03-18,Region 05,328,Electronics,Laptop,16,371.89,6545.26,Wholesale,Retail,1.1
ORD-00625415,2024-03-19,Region 03,254,Books,Novel,7,33.6,258.72,SMB,Retail,1.1
ORD-00029273,2024-03-19,Region 48,159,Books,Cookbook,20,29.39,646.58,Enterprise,Online Store,1.1
ORD-00597279,2024-03-19,Region 23,408,Toys,Building Blocks,17,33.71,630.38,SMB,Online Store,1.1
ORD-00307793,2024-03-19,Region 22,472,Sports,Dumbbells,11,79.95,967.4,Wholesale,Online Store,1.1
ORD-00622142,2024-03-19,Region 07,150,Sports,Water Bottle,5,73.43,403.87,Retail,Retail,1.1
ORD-00938626,2024-03-19,Region 23,56,Home,Sofa,11,193.79,2344.86,Retail,Retail,1.1
ORD-00664284,2024-03-19,Region 20,233,Books,Cookbook,20,21.8,479.6,Enterprise,Wholesale,1.1
ORD-00857069,2024-03-20,Region 03,556,Toys,Action Figure,5,52.54,288.97,SMB,Retail,1.1
ORD-00493227,2024-03-20,Region 42,468,Toys,Building Blocks,13,40.05,572.72,Wholesale,Retail,1.1
ORD-00781693,2024-03-21,Region 23,23,Electronics,Smartphone,20,698.67,15370.74,Wholesale,Online Store,1.1
ORD-00731739,2024-03-21,Region 37,396,Toys,Building Blocks,7,30.89,237.85,Enterprise,Wholesale,1.1
ORD-00954173,2024-03-21,Region 50,224,Beauty,Serum,6,43.42,286.57,Enterprise,Retail,1.1
ORD-00547585,2024-03-21,Region 01,7,Sports,Dumbbells,16,104.44,1838.14,SMB,Wholesale,1.1
ORD-00124379,2024-03-21,Region 42,168,Grocery,Coffee,1,19.12,21.03,Enterprise,Retail,1.1
ORD-00852296,2024-03-21,Region 45,429,Toys,Action Figure,1,45.28,49.81,Enterprise,Wholesale,1.1
ORD-00336405,2024-03-21,Region 50,226,Sports,Water Bottle,16,103.32,1818.43,SMB,Online Store,1.1
ORD-00885804,2024-03-22,Region 47,127,Sports,Yoga Mat,4,80.21,352.92,Wholesale,Wholesale,1.1
ORD-00256272,2024-03-22,Region 42,364,Beauty,Moisturizer,3,44.87,148.07,Enterprise,Wholesale,1.1
ORD-00914399,2024-03-22,Region 18,514,Grocery,Rice,7,18.24,140.45,SMB,Online Store,1.1
ORD-00802210,2024-03-22,Region 15,44,Books,Cookbook,11,29.99,362.88,Retail,Online Store,1.1
ORD-00933456,2024-03-22,Region 12,154,Apparel,Sneakers,7,62.2,478.94,Wholesale,Wholesale,1.1
ORD-00240189,2024-03-23,Region 12,47,Apparel,Jacket,15,68.56,1131.24,Retail,Wholesale,1.1
ORD-00485056,2024-03-23,Region 28,61,Sports,Treadmill,14,75.05,1155.77,Enterprise,Retail,1.1
ORD-00100075,2024-03-23,Region 34,169,Beauty,Shampoo,7,43.31,333.49,SMB,Wholesale,1.1
ORD-00188709,2024-03-23,Region 28,7,Sports,Yoga Mat,13,67.04,958.67,Retail,Retail,1.1
ORD-00223756,2024-03-24,Region 09,311,Grocery,Coffee,5,17.79,97.84,Retail,Online Store,1.1
ORD-00985423,2024-03-24,Region 11,174,Books,Journal,15,28.77,474.71,Enterprise,Retail,1.1
ORD-00991530,2024-03-24,Region 29,77,Sports,Treadmill,11,104.38,1263.0,SMB,Retail,1.1
ORD-00986251,2024-03-24,Region 33,254,Home,Curtains,1,123.63,135.99,SMB,Wholesale,1.1
ORD-00399082,2024-03-25,Region 25,279,Home,Lamp,10,209.87,2308.57,Wholesale,Online Store,1.1
ORD-00848070,2024-03-25,Region 13,581,Home,Blender,2,199.32,438.5,SMB,Wholesale,1.1
ORD-00595601,2024-03-25,Region 06,162,Books,Cookbook,10,26.61,292.71,Retail,Retail,1.1
ORD-00189941,2024-03-25,Region 39,79,Books,Textbook,6,28.9,190.74,Retail,Wholesale,1.1
ORD-00323318,2024-03-25,Region 44,275,Grocery,Milk Powder,3,25.5,84.15,Wholesale,Online Store,1.1
ORD-00867118,2024-03-26,Region 41,458,Beauty,Serum,18,45.85,907.83,Wholesale,Retail,1.1
ORD-00880549,2024-03-26,Region 01,230,Apparel,T-Shirt,6,71.28,470.45,Enterprise,Retail,1.1
ORD-00540478,2024-03-26,Region 05,181,Grocery,Milk Powder,4,15.37,67.63,Wholesale,Retail,1.1
ORD-00259312,2024-03-26,Region 37,431,Beauty,Moisturizer,18,37.65,745.47,SMB,Retail,1.1
ORD-00051564,2024-03-26,Region 34,247,Beauty,Lipstick,5,33.46,184.03,Retail,Retail,1.1
ORD-00509623,2024-03-27,Region 04,492,Apparel,Sneakers,15,56.53,932.75,SMB,Online Store,1.1
ORD-00166473,2024-03-27,Region 40,296,Home,Sofa,7,167.45,1289.36,Wholesale,Wholesale,1.1
ORD-00882362,2024-03-27,Region 41,105,Sports,Dumbbells,3,92.98,306.83,SMB,Retail,1.1
ORD-00562096,2024-03-27,Region 07,210,Books,Journal,6,28.77,189.88,SMB,Online Store,1.1
ORD-00764055,2024-03-27,Region 29,318,Books,Journal,8,30.05,264.44,Enterprise,Retail,1.1
ORD-00482579,2024-03-27,Region 43,340,Electronics,Tablet,10,650.19,7152.09,Retail,Wholesale,1.1
ORD-00018373,2024-03-28,Region 09,294,Apparel,T-Shirt,14,55.81,859.47,Enterprise,Wholesale,1.1
ORD-00704064,2024-03-28,Region 46,246,Toys,Board Game,4,42.11,185.28,SMB,Wholesale,1.1
ORD-00150509,2024-03-28,Region 36,159,Electronics,Headphones,7,533.26,4106.1,Wholesale,Retail,1.1
ORD-00391032,2024-03-28,Region 37,525,Toys,Board Game,5,29.04,159.72,Enterprise,Retail,1.1
ORD-00287633,2024-03-28,Region 01,321,Sports,Treadmill,10,90.83,999.13,Retail,Retail,1.1
ORD-00746891,2024-03-28,Region 44,211,Electronics,Headphones,6,467.35,3084.51,SMB,Wholesale,1.1
ORD-00977029,2024-03-28,Region 01,46,Apparel,T-Shirt,1,56.16,61.78,Enterprise,Online Store,1.1
ORD-00841579,2024-03-29,Region 08,480,Electronics,Headphones,16,540.45,9511.92,Enterprise,Online Store,1.1
ORD-00546717,2024-03-29,Region 54,496,Electronics,Headphones,8,550.05,4840.44,SMB,Retail,1.1
ORD-00782532,2024-03-29,Region 13,344,Apparel,T-Shirt,5,70.36,386.98,Retail,Retail,1.1
ORD-00598496,2024-03-29,Region 39,265,Electronics,Laptop,3,601.67,1985.51,Retail,Wholesale,1.1
ORD-00815959,2024-03-29,Region 10,444,Beauty,Serum,16,44.87,789.71,Retail,Retail,1.1
ORD-00952531,2024-03-29,Region 33,399,Grocery,Coffee,3,14.27,47.09,Wholesale,Wholesale,1.1
ORD-00721267,2024-03-29,Region 35,526,Apparel,T-Shirt,11,80.15,969.82,Enterprise,Retail,1.1
ORD-00530465,2024-03-30,Region 30,410,Apparel,Sneakers,10,72.09,792.99,Enterprise,Retail,1.1
ORD-00326577,2024-03-30,Region 55,313,Apparel,Jeans,10,43.96,483.56,Retail,Wholesale,1.1
ORD-00455297,2024-03-31,Region 42,448,Grocery,Milk Powder,14,24.03,370.06,Wholesale,Retail,1.1
ORD-00245572,2024-03-31,Region 47,276,Sports,Water Bottle,10,105.6,1161.6,Wholesale,Wholesale,1.1
ORD-00987183,2024-03-31,Region 38,539,Sports,Treadmill,4,85.33,375.45,Retail,Retail,1.1
ORD-00712828,2024-03-31,Region 52,121,Grocery,Rice,10,17.0,187.0,Wholesale,Retail,1.1
ORD-00997167,2024-04-01,Region 18,396,Toys,Action Figure,18,34.02,673.6,SMB,Retail,1.1
ORD-00389366,2024-04-01,Region 43,391,Apparel,Jeans,17,50.89,951.64,Enterprise,Online Store,1.1
ORD-00696239,2024-04-01,Region 51,315,Toys,Building Blocks,11,48.68,589.03,Enterprise,Retail,1.1
ORD-00082033,2024-04-01,Region 36,233,Books,Textbook,10,34.44,378.84,SMB,Retail,1.1
ORD-00566363,2024-04-01,Region 35,278,Home,Sofa,12,175.74,2319.77,Enterprise,Retail,1.1
ORD-00408225,2024-04-02,Region 39,273,Home,Lamp,1,171.87,189.06,SMB,Online Store,1.1
ORD-00748657,2024-04-02,Region 32,255,Apparel,Jacket,10,61.7,678.7,SMB,Retail,1.1
ORD-00630161,2024-04-02,Region 44,184,Grocery,Cooking Oil,12,20.15,265.98,Wholesale,Wholesale,1.1
ORD-00369315,2024-04-02,Region 37,549,Beauty,Lipstick,19,37.99,793.99,Retail,Wholesale,1.1
ORD-00655318,2024-04-02,Region 46,82,Apparel,Jeans,11,71.77,868.42,Retail,Retail,1.1
ORD-00623888,2024-04-02,Region 22,334,Apparel,Jacket,12,53.47,705.8,Enterprise,Online Store,1.1
ORD-00923236,2024-04-03,Region 26,7,Home,Blender,1,197.83,217.61,SMB,Wholesale,1.1
ORD-00840258,2024-04-03,Region 01,389,Sports,Yoga Mat,19,60.69,1268.42,SMB,Retail,1.1
ORD-00270622,2024-04-03,Region 29,565,Apparel,Sneakers,17,71.98,1346.03,Enterprise,Wholesale,1.1
ORD-00601229,2024-04-03,Region 50,425,Books,Journal,2,23.7,52.14,Enterprise,Online Store,1.1
ORD-00255322,2024-04-03,Region 30,453,Toys,Building Blocks,20,44.77,984.94,Enterprise,Retail,1.1
ORD-00332266,2024-04-03,Region 34,231,Electronics,Tablet,13,474.82,6789.93,Retail,Wholesale,1.1
ORD-00456286,2024-04-04,Region 04,560,Grocery,Milk Powder,20,15.5,341.0,Retail,Wholesale,1.1
ORD-00715200,2024-04-04,Region 35,355,Apparel,T-Shirt,6,68.76,453.82,Enterprise,Retail,1.1
ORD-00686653,2024-04-04,Region 03,63,Electronics,Smartphone,10,515.37,5669.07,SMB,Online Store,1.1
ORD-00202063,2024-04-04,Region 45,265,Sports,Treadmill,18,86.96,1721.81,Wholesale,Retail,1.1
ORD-00354963,2024-04-04,Region 15,566,Apparel,Sneakers,13,45.93,656.8,Retail,Retail,1.1
ORD-00631652,2024-04-05,Region 43,410,Grocery,Cooking Oil,9,19.17,189.78,Retail,Retail,1.1
ORD-00435458,2024-04-05,Region 19,271,Grocery,Milk Powder,16,26.0,457.6,Retail,Wholesale,1.1
ORD-00570642,2024-04-05,Region 36,480,Toys,Board Game,14,31.12,479.25,Enterprise,Online Store,1.1
ORD-00701396,2024-04-05,Region 29,249,Beauty,Lipstick,14,25.05,385.77,Retail,Retail,1.1
ORD-00073289,2024-04-05,Region 28,315,Apparel,Jeans,9,81.51,806.95,Retail,Retail,1.1
ORD-00935018,2024-04-05,Region 11,344,Beauty,Lipstick,12,42.81,565.09,Enterprise,Retail,1.1
ORD-00017646,2024-04-05,Region 39,400,Books,Novel,20,27.89,613.58,Wholesale,Wholesale,1.1
ORD-00810036,2024-04-05,Region 11,465,Toys,Action Figure,18,49.35,977.13,Wholesale,Retail,1.1
ORD-00107529,2024-04-06,Region 32,46,Sports,Yoga Mat,17,85.05,1590.44,SMB,Retail,1.1
ORD-00649112,2024-04-06,Region 28,254,Grocery,Coffee,2,21.04,46.29,Retail,Retail,1.1
ORD-00566683,2024-04-06,Region 51,531,Apparel,Sneakers,14,76.72,1181.49,Wholesale,Online Store,1.1
ORD-00347203,2024-04-07,Region 51,328,Apparel,T-Shirt,9,71.96,712.4,Enterprise,Online Store,1.1
ORD-00725222,2024-04-07,Region 36,369,Apparel,Jacket,4,74.83,329.25,Wholesale,Retail,1.1
ORD-00630681,2024-04-08,Region 43,292,Beauty,Moisturizer,16,34.56,608.26,Wholesale,Retail,1.1
ORD-00932944,2024-04-08,Region 22,132,Apparel,Sneakers,1,45.84,50.42,SMB,Online Store,1.1
ORD-00820287,2024-04-08,Region 12,55,Electronics,Laptop,18,545.71,10805.06,Retail,Retail,1.1
ORD-00389655,2024-04-08,Region 33,287,Toys,Puzzle,18,36.58,724.28,Enterprise,Online Store,1.1
ORD-00266394,2024-04-08,Region 31,139,Books,Cookbook,7,28.07,216.14,SMB,Wholesale,1.1
ORD-00471430,2024-04-08,Region 47,303,Beauty,Serum,16,45.27,796.75,Wholesale,Wholesale,1.1
ORD-00244318,2024-04-09,Region 10,392,Beauty,Moisturizer,11,48.28,584.19,SMB,Online Store,1.1
ORD-00291363,2024-04-09,Region 46,65,Beauty,Serum,6,41.44,273.5,Retail,Online Store,1.1
ORD-00827422,2024-04-09,Region 38,208,Books,Journal,12,29.08,383.86,SMB,Online Store,1.1
ORD-00004898,2024-04-09,Region 06,353,Beauty,Lipstick,20,34.79,765.38,Retail,Retail,1.1
ORD-00810919,2024-04-09,Region 27,295,Apparel,Jacket,4,49.08,215.95,Wholesale,Wholesale,1.1
ORD-00410957,2024-04-09,Region 32,330,Electronics,Laptop,2,583.73,1284.21,Retail,Retail,1.1
ORD-00371468,2024-04-09,Region 02,548,Beauty,Moisturizer,12,45.32,598.22,Retail,Online Store,1.1
ORD-00571371,2024-04-09,Region 42,587,Grocery,Milk Powder,16,18.8,330.88,SMB,Wholesale,1.1
ORD-00748710,2024-04-09,Region 02,270,Home,Blender,9,193.36,1914.26,Wholesale,Online Store,1.1
ORD-00581838,2024-04-10,Region 36,246,Books,Journal,6,30.87,203.74,Wholesale,Online Store,1.1
ORD-00695198,2024-04-10,Region 44,366,Electronics,Headphones,18,379.71,7518.26,Retail,Retail,1.1
ORD-00431261,2024-04-10,Region 42,539,Home,Blender,16,111.6,1964.16,SMB,Wholesale,1.1
ORD-00084823,2024-04-10,Region 33,188,Electronics,Smartphone,3,612.14,2020.06,Wholesale,Online Store,1.1
ORD-00934186,2024-04-10,Region 54,337,Books,Novel,2,30.28,66.62,Retail,Wholesale,1.1
ORD-00386142,2024-04-11,Region 42,101,Apparel,Jeans,15,71.62,1181.73,Wholesale,Online Store,1.1
ORD-00849002,2024-04-12,Region 27,119,Grocery,Cooking Oil,9,27.88,276.01,Wholesale,Wholesale,1.1
ORD-00632289,2024-04-12,Region 42,542,Electronics,Laptop,20,357.82,7872.04,Retail,Wholesale,1.1
ORD-00762639,2024-04-12,Region 04,548,Apparel,T-Shirt,7,42.96,330.79,SMB,Online Store,1.1
ORD-00597552,2024-04-12,Region 41,151,Beauty,Shampoo,2,40.44,88.97,Enterprise,Online Store,1.1
ORD-00440813,2024-04-13,Region 28,226,Toys,Puzzle,15,55.0,907.5,Wholesale,Wholesale,1.1
ORD-00288016,2024-04-13,Region 22,556,Grocery,Rice,12,15.23,201.04,Enterprise,Retail,1.1
ORD-00328600,2024-04-13,Region 36,585,Electronics,Smartphone,14,630.62,9711.55,Retail,Retail,1.1
ORD-00198801,2024-04-14,Region 35,349,Sports,Yoga Mat,2,91.58,201.48,Retail,Online Store,1.1
ORD-00130495,2024-04-14,Region 50,250,Toys,Puzzle,5,50.5,277.75,SMB,Online Store,1.1
ORD-00421623,2024-04-15,Region 18,340,Grocery,Rice,6,27.42,180.97,SMB,Wholesale,1.1
ORD-00362350,2024-04-15,Region 46,362,Sports,Treadmill,11,98.97,1197.54,Enterprise,Retail,1.1
ORD-00609801,2024-04-16,Region 43,338,Apparel,T-Shirt,1,56.72,62.39,Enterprise,Retail,1.1
ORD-00101127,2024-04-16,Region 18,401,Electronics,Smartphone,8,489.53,4307.86,SMB,Wholesale,1.1
ORD-00212652,2024-04-16,Region 33,421,Books,Textbook,13,29.15,416.84,SMB,Online Store,1.1
ORD-00253342,2024-04-17,Region 11,577,Beauty,Serum,6,37.53,247.7,SMB,Wholesale,1.1
ORD-00750650,2024-04-17,Region 14,322,Home,Curtains,12,172.53,2277.4,Enterprise,Online Store,1.1
ORD-00229180,2024-04-17,Region 13,501,Apparel,Jeans,13,75.86,1084.8,Wholesale,Online Store,1.1
ORD-00226848,2024-04-18,Region 19,116,Home,Curtains,20,161.75,3558.5,Wholesale,Wholesale,1.1
ORD-00573835,2024-04-18,Region 50,437,Electronics,Headphones,8,514.61,4528.57,Retail,Retail,1.1
ORD-00848533,2024-04-18,Region 26,450,Apparel,T-Shirt,19,83.15,1737.84,Retail,Retail,1.1
ORD-00875034,2024-04-19,Region 44,391,Toys,Building Blocks,2,48.11,105.84,Retail,Retail,1.1
ORD-00363856,2024-04-19,Region 22,36,Books,Journal,5,28.5,156.75,Retail,Online Store,1.1
ORD-00212315,2024-04-19,Region 28,37,Electronics,Laptop,17,405.0,7573.5,Retail,Wholesale,1.1
ORD-00003186,2024-04-19,Region 23,375,Beauty,Lipstick,18,36.74,727.45,Enterprise,Online Store,1.1
ORD-00834661,2024-04-20,Region 15,496,Toys,Board Game,11,29.88,361.55,SMB,Online Store,1.1
ORD-00817615,2024-04-20,Region 25,257,Toys,Board Game,13,36.37,520.09,Retail,Wholesale,1.1
ORD-00577141,2024-04-20,Region 13,221,Electronics,Tablet,18,369.76,7321.25,Retail,Retail,1.1
ORD-00296094,2024-04-20,Region 42,139,Books,Novel,19,24.68,515.81,Retail,Online Store,1.1
ORD-00716048,2024-04-20,Region 28,83,Home,Sofa,10,138.82,1527.02,Wholesale,Online Store,1.1
ORD-00094942,2024-04-20,Region 46,159,Apparel,Jeans,17,51.88,970.16,Retail,Wholesale,1.1
ORD-00220830,2024-04-20,Region 06,239,Home,Curtains,15,125.3,2067.45,SMB,Wholesale,1.1
ORD-00920126,2024-04-20,Region 20,218,Apparel,Sneakers,20,59.68,1312.96,Retail,Retail,1.1
ORD-00059220,2024-04-20,Region 36,30,Books,Journal,17,28.19,527.15,Wholesale,Online Store,1.1
ORD-00021219,2024-04-21,Region 01,445,Books,Novel,7,20.22,155.69,SMB,Retail,1.1
ORD-00536489,2024-04-21,Region 44,249,Sports,Treadmill,20,111.21,2446.62,SMB,Wholesale,1.1
ORD-00798824,2024-04-22,Region 09,381,Home,Lamp,4,157.96,695.02,Enterprise,Wholesale,1.1
ORD-00177571,2024-04-23,Region 37,334,Apparel,Jacket,20,50.17,1103.74,Retail,Online Store,1.1
ORD-00197810,2024-04-23,Region 55,19,Home,Sofa,11,112.24,1358.1,Wholesale,Online Store,1.1
ORD-00342253,2024-04-23,Region 24,48,Apparel,Jacket,5,55.39,304.65,SMB,Retail,1.1
ORD-00551421,2024-04-24,Region 24,555,Electronics,Laptop,8,489.03,4303.46,Retail,Retail,1.1
ORD-00259803,2024-04-24,Region 39,368,Sports,Yoga Mat,15,98.81,1630.37,SMB,Wholesale,1.1
ORD-00935271,2024-04-24,Region 37,289,Electronics,Laptop,8,554.64,4880.83,Wholesale,Wholesale,1.1
ORD-00792577,2024-04-25,Region 23,203,Sports,Yoga Mat,20,92.41,2033.02,Enterprise,Retail,1.1
ORD-00104357,2024-04-25,Region 46,222,Grocery,Coffee,4,15.5,68.2,SMB,Wholesale,1.1
ORD-00527943,2024-04-25,Region 22,541,Books,Textbook,16,23.58,415.01,Retail,Wholesale,1.1
ORD-00348388,2024-04-25,Region 32,136,Apparel,Sneakers,15,66.82,1102.53,SMB,Online Store,1.1
ORD-00629134,2024-04-26,Region 32,592,Home,Blender,3,181.21,597.99,Wholesale,Retail,1.1
ORD-00093642,2024-04-26,Region 20,105,Books,Textbook,9,20.31,201.07,Wholesale,Retail,1.1
ORD-00855771,2024-04-27,Region 19,183,Books,Textbook,16,29.27,515.15,SMB,Online Store,1.1
ORD-00256134,2024-04-27,Region 04,424,Grocery,Coffee,15,16.47,271.76,Enterprise,Online Store,1.1
ORD-00798639,2024-04-27,Region 21,91,Toys,Puzzle,9,55.37,548.16,SMB,Online Store,1.1
ORD-00468277,2024-04-27,Region 38,511,Toys,Puzzle,9,31.59,312.74,SMB,Online Store,1.1
ORD-00276160,2024-04-27,Region 19,93,Home,Sofa,3,140.2,462.66,Retail,Retail,1.1
ORD-00983162,2024-04-27,Region 44,568,Books,Journal,15,31.2,514.8,Wholesale,Retail,1.1
ORD-00446193,2024-04-27,Region 04,133,Grocery,Cooking Oil,10,17.91,197.01,Enterprise,Retail,1.1
ORD-00835384,2024-04-28,Region 39,340,Beauty,Serum,6,46.42,306.37,Wholesale,Online Store,1.1
ORD-00265979,2024-04-28,Region 03,312,Home,Sofa,6,119.38,787.91,Retail,Retail,1.1
ORD-00554195,2024-04-29,Region 21,180,Apparel,Sneakers,1,45.39,49.93,Enterprise,Online Store,1.1
ORD-00231262,2024-04-29,Region 07,193,Apparel,Sneakers,3,63.23,208.66,Wholesale,Wholesale,1.1
ORD-00469577,2024-04-29,Region 47,63,Electronics,Headphones,5,684.51,3764.8,Enterprise,Retail,1.1
ORD-00616396,2024-04-30,Region 18,308,Grocery,Cooking Oil,14,14.72,226.69,Enterprise,Online Store,1.1
ORD-00655130,2024-04-30,Region 09,531,Apparel,Jeans,15,56.41,930.77,SMB,Online Store,1.1
ORD-00624759,2024-04-30,Region 50,347,Apparel,Sneakers,17,51.41,961.37,Enterprise,Retail,1.1
ORD-00940616,2024-04-30,Region 42,320,Toys,Puzzle,10,48.84,537.24,Wholesale,Online Store,1.1
ORD-00816225,2024-04-30,Region 10,450,Electronics,Headphones,10,597.48,6572.28,Wholesale,Retail,1.1
ORD-00936791,2024-04-30,Region 41,312,Grocery,Milk Powder,10,17.97,197.67,Retail,Retail,1.1
ORD-00190615,2024-05-01,Region 09,441,Beauty,Moisturizer,13,41.73,596.74,Enterprise,Online Store,1.1
ORD-00237250,2024-05-01,Region 08,438,Sports,Dumbbells,12,108.33,1429.96,Wholesale,Retail,1.1
ORD-00607740,2024-05-01,Region 01,445,Beauty,Lipstick,1,44.61,49.07,Wholesale,Wholesale,1.1
ORD-00246515,2024-05-01,Region 31,255,Toys,Action Figure,3,53.24,175.69,Wholesale,Wholesale,1.1
ORD-00257758,2024-05-01,Region 15,267,Beauty,Moisturizer,3,35.17,116.06,Retail,Retail,1.1
ORD-00844226,2024-05-01,Region 45,390,Books,Journal,13,26.83,383.67,Retail,Wholesale,1.1
ORD-00812139,2024-05-01,Region 05,135,Sports,Treadmill,8,60.51,532.49,Retail,Online Store,1.1
ORD-00135142,2024-05-02,Region 22,382,Grocery,Rice,7,14.91,114.81,Wholesale,Wholesale,1.1
ORD-00330235,2024-05-02,Region 52,502,Apparel,Sneakers,13,77.9,1113.97,Retail,Retail,1.1
ORD-00500891,2024-05-02,Region 54,332,Sports,Yoga Mat,12,107.8,1422.96,Retail,Online Store,1.1
ORD-00581619,2024-05-02,Region 22,420,Sports,Dumbbells,14,104.92,1615.77,Enterprise,Online Store,1.1
ORD-00612519,2024-05-02,Region 28,510,Electronics,Smartphone,6,475.61,3139.03,Retail,Retail,1.1
ORD-00865821,2024-05-03,Region 45,375,Electronics,Tablet,4,414.35,1823.14,Wholesale,Retail,1.1
ORD-00628330,2024-05-03,Region 29,457,Books,Journal,14,18.59,286.29,SMB,Wholesale,1.1
ORD-00964906,2024-05-03,Region 15,373,Apparel,T-Shirt,14,53.65,826.21,Retail,Wholesale,1.1
ORD-00135049,2024-05-03,Region 43,589,Sports,Treadmill,3,75.88,250.4,Wholesale,Online Store,1.1
ORD-00364189,2024-05-03,Region 55,37,Grocery,Cooking Oil,2,21.5,47.3,Enterprise,Retail,1.1
ORD-00104201,2024-05-04,Region 11,203,Grocery,Rice,12,24.26,320.23,Wholesale,Retail,1.1
ORD-00738995,2024-05-04,Region 55,297,Home,Curtains,4,149.88,659.47,Wholesale,Retail,1.1
ORD-00127422,2024-05-04,Region 14,502,Grocery,Cooking Oil,12,25.11,331.45,Enterprise,Retail,1.1
ORD-00565404,2024-05-04,Region 54,401,Sports,Treadmill,7,84.02,646.95,Retail,Retail,1.1
ORD-00183568,2024-05-04,Region 31,47,Grocery,Coffee,7,18.45,142.07,SMB,Wholesale,1.1
ORD-00238462,2024-05-04,Region 47,77,Beauty,Moisturizer,5,44.29,243.6,Enterprise,Retail,1.1
ORD-00633440,2024-05-05,Region 31,299,Home,Lamp,11,144.07,1743.25,SMB,Online Store,1.1
ORD-00638946,2024-05-05,Region 16,326,Toys,Action Figure,11,45.66,552.49,Enterprise,Retail,1.1
ORD-00070590,2024-05-05,Region 18,576,Books,Textbook,17,19.7,368.39,Enterprise,Online Store,1.1
ORD-00012284,2024-05-06,Region 14,105,Home,Sofa,19,188.77,3945.29,Enterprise,Online Store,1.1
ORD-00219903,2024-05-06,Region 17,318,Beauty,Serum,2,25.07,55.15,SMB,Wholesale,1.1
ORD-00635807,2024-05-06,Region 30,384,Sports,Dumbbells,11,62.68,758.43,Enterprise,Online Store,1.1
ORD-00043900,2024-05-07,Region 16,193,Home,Blender,10,170.52,1875.72,SMB,Wholesale,1.1
ORD-00697786,2024-05-07,Region 37,326,Sports,Dumbbells,18,100.1,1981.98,SMB,Online Store,1.1
ORD-00726490,2024-05-07,Region 24,568,Beauty,Serum,19,37.53,784.38,Retail,Retail,1.1
ORD-00539953,2024-05-07,Region 04,584,Beauty,Shampoo,20,48.92,1076.24,SMB,Online Store,1.1
ORD-00612841,2024-05-07,Region 44,513,Books,Novel,19,33.71,704.54,Retail,Online Store,1.1
ORD-00423383,2024-05-08,Region 38,527,Beauty,Shampoo,4,41.58,182.95,Enterprise,Wholesale,1.1
ORD-00902463,2024-05-08,Region 23,402,Electronics,Tablet,8,567.68,4995.58,Retail,Online Store,1.1
ORD-00571749,2024-05-08,Region 04,100,Electronics,Tablet,12,564.38,7449.82,Retail,Wholesale,1.1
ORD-00240973,2024-05-09,Region 20,96,Grocery,Rice,2,25.1,55.22,SMB,Retail,1.1
ORD-00856292,2024-05-09,Region 28,305,Apparel,Jeans,7,80.07,616.54,Wholesale,Wholesale,1.1
ORD-00026706,2024-05-10,Region 47,310,Toys,Puzzle,14,46.48,715.79,Wholesale,Retail,1.1
ORD-00232575,2024-05-10,Region 40,103,Grocery,Milk Powder,16,15.1,265.76,SMB,Retail,1.1
ORD-00944172,2024-05-10,Region 07,498,Toys,Building Blocks,7,28.85,222.15,Enterprise,Wholesale,1.1
ORD-00142888,2024-05-10,Region 28,512,Sports,Treadmill,12,85.54,1129.13,Wholesale,Online Store,1.1
ORD-00021592,2024-05-11,Region 34,384,Electronics,Tablet,18,410.49,8127.7,Enterprise,Wholesale,1.1
ORD-00289837,2024-05-11,Region 39,301,Books,Novel,11,32.02,387.44,SMB,Online Store,1.1
ORD-00511233,2024-05-11,Region 45,483,Apparel,Sneakers,18,71.49,1415.5,Enterprise,Retail,1.1
ORD-00282685,2024-05-11,Region 51,570,Beauty,Serum,7,25.83,198.89,Enterprise,Online Store,1.1
ORD-00215631,2024-05-11,Region 42,72,Toys,Building Blocks,14,44.66,687.76,SMB,Online Store,1.1
ORD-00395101,2024-05-12,Region 31,366,Grocery,Rice,6,25.41,167.71,Retail,Wholesale,1.1
ORD-00461113,2024-05-12,Region 03,516,Electronics,Headphones,15,399.9,6598.35,Retail,Wholesale,1.1
ORD-00953361,2024-05-12,Region 52,584,Sports,Treadmill,3,100.95,333.14,SMB,Wholesale,1.1
ORD-00237461,2024-05-12,Region 24,64,Books,Novel,15,24.25,400.13,Wholesale,Retail,1.1
ORD-00306873,2024-05-12,Region 43,234,Grocery,Cooking Oil,16,23.78,418.53,Enterprise,Online Store,1.1
ORD-00992619,2024-05-12,Region 16,69,Apparel,Sneakers,7,75.13,578.5,Enterprise,Wholesale,1.1
ORD-00056056,2024-05-12,Region 45,209,Books,Cookbook,15,33.96,560.34,Wholesale,Retail,1.1
ORD-00067898,2024-05-12,Region 31,114,Grocery,Milk Powder,16,14.57,256.43,SMB,Retail,1.1
ORD-00322761,2024-05-12,Region 49,309,Toys,Action Figure,19,49.22,1028.7,Wholesale,Retail,1.1
ORD-00003381,2024-05-12,Region 42,387,Sports,Water Bottle,14,109.46,1685.68,SMB,Retail,1.1
ORD-00135659,2024-05-12,Region 06,579,Books,Journal,6,32.24,212.78,Retail,Retail,1.1
ORD-00847261,2024-05-12,Region 40,90,Electronics,Smartphone,17,550.45,10293.42,SMB,Online Store,1.1
ORD-00041147,2024-05-13,Region 07,239,Apparel,T-Shirt,11,73.07,884.15,SMB,Retail,1.1
ORD-00472434,2024-05-13,Region 19,253,Home,Curtains,8,145.91,1284.01,Wholesale,Retail,1.1
ORD-00334679,2024-05-14,Region 04,437,Electronics,Headphones,16,521.76,9182.98,Wholesale,Retail,1.1
ORD-00929322,2024-05-14,Region 39,116,Grocery,Coffee,2,26.44,58.17,Wholesale,Wholesale,1.1
ORD-00456942,2024-05-15,Region 49,14,Apparel,Jeans,12,52.47,692.6,Retail,Online Store,1.1
ORD-00691719,2024-05-15,Region 20,271,Apparel,Sneakers,3,55.99,184.77,Retail,Wholesale,1.1
ORD-00570575,2024-05-16,Region 23,588,Electronics,Tablet,13,469.22,6709.85,SMB,Online Store,1.1
ORD-00899494,2024-05-16,Region 04,297,Toys,Puzzle,17,35.75,668.53,Wholesale,Retail,1.1
ORD-00460021,2024-05-16,Region 42,333,Grocery,Milk Powder,17,23.53,440.01,Wholesale,Retail,1.1
ORD-00147723,2024-05-16,Region 39,200,Toys,Action Figure,9,43.71,432.73,Retail,Wholesale,1.1
ORD-00328849,2024-05-16,Region 51,57,Books,Textbook,5,30.31,166.7,Wholesale,Online Store,1.1
ORD-00995703,2024-05-16,Region 24,596,Apparel,T-Shirt,12,66.43,876.88,SMB,Retail,1.1
ORD-00764540,2024-05-16,Region 02,364,Books,Cookbook,17,25.28,472.74,Wholesale,Wholesale,1.1
ORD-00484207,2024-05-17,Region 49,572,Books,Cookbook,14,21.73,334.64,Wholesale,Retail,1.1
ORD-00859498,2024-05-17,Region 08,191,Toys,Action Figure,14,48.12,741.05,SMB,Wholesale,1.1
ORD-00327075,2024-05-17,Region 11,207,Beauty,Moisturizer,7,39.81,306.54,Wholesale,Online Store,1.1
ORD-00451260,2024-05-17,Region 36,312,Electronics,Smartphone,6,428.74,2829.68,Enterprise,Online Store,1.1
ORD-00075470,2024-05-18,Region 24,254,Books,Textbook,4,22.37,98.43,SMB,Retail,1.1
ORD-00778695,2024-05-18,Region 29,485,Home,Curtains,1,186.99,205.69,SMB,Wholesale,1.1
ORD-00260802,2024-05-19,Region 11,374,Home,Lamp,1,116.04,127.64,Enterprise,Retail,1.1
ORD-00378094,2024-05-19,Region 21,420,Books,Novel,9,31.09,307.79,SMB,Retail,1.1
ORD-00341952,2024-05-19,Region 23,266,Beauty,Moisturizer,14,42.72,657.89,Wholesale,Wholesale,1.1
ORD-00195413,2024-05-19,Region 11,546,Sports,Water Bottle,13,80.96,1157.73,Enterprise,Retail,1.1
ORD-00218757,2024-05-20,Region 14,33,Sports,Dumbbells,20,80.07,1761.54,Retail,Online Store,1.1
ORD-00186089,2024-05-21,Region 29,256,Sports,Water Bottle,18,76.78,1520.24,SMB,Retail,1.1
ORD-00848987,2024-05-21,Region 27,414,Sports,Water Bottle,3,72.09,237.9,Enterprise,Retail,1.1
ORD-00937153,2024-05-21,Region 49,69,Electronics,Headphones,12,622.53,8217.4,Wholesale,Retail,1.1
ORD-00719550,2024-05-21,Region 33,412,Sports,Dumbbells,8,90.78,798.86,Enterprise,Wholesale,1.1
ORD-00219581,2024-05-22,Region 09,106,Toys,Board Game,13,49.27,704.56,Enterprise,Wholesale,1.1
ORD-00954726,2024-05-22,Region 06,58,Home,Blender,19,160.14,3346.93,SMB,Retail,1.1
ORD-00379236,2024-05-22,Region 16,401,Books,Novel,2,21.89,48.16,Wholesale,Online Store,1.1
ORD-00302268,2024-05-22,Region 09,412,Toys,Board Game,20,41.25,907.5,Retail,Wholesale,1.1
ORD-00625908,2024-05-22,Region 05,441,Beauty,Serum,17,32.87,614.67,SMB,Retail,1.1
ORD-00420587,2024-05-22,Region 43,330,Books,Novel,15,19.44,320.76,Retail,Online Store,1.1
ORD-00115358,2024-05-22,Region 22,307,Electronics,Smartphone,8,435.72,3834.34,SMB,Retail,1.1
ORD-00523542,2024-05-22,Region 37,414,Grocery,Milk Powder,14,21.86,336.64,SMB,Wholesale,1.1
ORD-00150031,2024-05-23,Region 07,10,Home,Blender,16,141.52,2490.75,Enterprise,Online Store,1.1
ORD-00262744,2024-05-24,Region 10,552,Grocery,Coffee,1,27.59,30.35,Wholesale,Wholesale,1.1
ORD-00030320,2024-05-24,Region 24,482,Electronics,Tablet,17,570.82,10674.33,Wholesale,Wholesale,1.1
ORD-00779316,2024-05-25,Region 23,576,Toys,Puzzle,5,29.22,160.71,Retail,Online Store,1.1
ORD-00437003,2024-05-25,Region 27,173,Apparel,Jacket,12,59.96,791.47,SMB,Retail,1.1
ORD-00240651,2024-05-25,Region 51,506,Home,Curtains,7,112.46,865.94,Wholesale,Retail,1.1
ORD-00799794,2024-05-26,Region 17,541,Apparel,Sneakers,17,73.38,1372.21,Retail,Online Store,1.1
ORD-00023712,2024-05-26,Region 02,57,Books,Novel,3,32.19,106.23,Retail,Online Store,1.1
ORD-00965854,2024-05-27,Region 43,92,Sports,Dumbbells,3,91.28,301.22,Wholesale,Online Store,1.1
ORD-00993099,2024-05-27,Region 36,358,Home,Sofa,20,201.55,4434.1,Wholesale,Wholesale,1.1
ORD-00671648,2024-05-27,Region 37,580,Toys,Board Game,8,29.72,261.54,SMB,Online Store,1.1
ORD-00533516,2024-05-27,Region 32,135,Sports,Yoga Mat,14,106.51,1640.25,Retail,Online Store,1.1
ORD-00625731,2024-05-27,Region 49,347,Beauty,Shampoo,14,34.08,524.83,Wholesale,Wholesale,1.1
ORD-00188737,2024-05-27,Region 40,529,Home,Lamp,8,204.84,1802.59,SMB,Retail,1.1
ORD-00293869,2024-05-27,Region 35,378,Toys,Building Blocks,12,31.56,416.59,Retail,Wholesale,1.1
ORD-00075148,2024-05-27,Region 03,410,Home,Lamp,20,169.09,3719.98,Retail,Retail,1.1
ORD-00523620,2024-05-27,Region 11,367,Books,Novel,3,33.28,109.82,Wholesale,Retail,1.1
ORD-00884590,2024-05-28,Region 55,344,Books,Cookbook,18,31.86,630.83,Retail,Online Store,1.1
ORD-00236211,2024-05-29,Region 13,115,Beauty,Shampoo,4,48.39,212.92,Enterprise,Online Store,1.1
ORD-00704104,2024-05-29,Region 21,97,Electronics,Smartphone,3,695.22,2294.23,Enterprise,Wholesale,1.1
ORD-00227430,2024-05-29,Region 29,151,Electronics,Laptop,11,671.99,8131.08,Enterprise,Online Store,1.1
ORD-00336066,2024-05-30,Region 47,25,Books,Textbook,6,26.06,172.0,Retail,Retail,1.1
ORD-00728235,2024-05-30,Region 16,68,Books,Textbook,4,22.37,98.43,Retail,Online Store,1.1
ORD-00252918,2024-05-30,Region 42,260,Electronics,Laptop,18,430.43,8522.51,Enterprise,Online Store,1.1
ORD-00927292,2024-05-30,Region 29,550,Apparel,T-Shirt,6,76.27,503.38,Enterprise,Retail,1.1
ORD-00793421,2024-05-30,Region 47,470,Books,Novel,9,29.87,295.71,SMB,Online Store,1.1
ORD-00653119,2024-05-31,Region 37,295,Home,Curtains,2,129.39,284.66,Retail,Wholesale,1.1
ORD-00370777,2024-05-31,Region 19,383,Apparel,Jeans,15,66.13,1091.14,Retail,Retail,1.1
ORD-00694305,2024-05-31,Region 19,420,Apparel,Jeans,11,81.77,989.42,Enterprise,Online Store,1.1
ORD-00995139,2024-06-01,Region 05,335,Grocery,Coffee,5,22.32,122.76,SMB,Wholesale,1.1
ORD-00541444,2024-06-01,Region 35,362,Grocery,Coffee,20,23.11,508.42,Enterprise,Wholesale,1.1
ORD-00782303,2024-06-01,Region 13,157,Grocery,Rice,20,26.9,591.8,Retail,Wholesale,1.1
ORD-00046216,2024-06-01,Region 24,63,Beauty,Serum,6,39.47,260.5,Retail,Wholesale,1.1
ORD-00075029,2024-06-01,Region 47,207,Apparel,Jeans,12,69.44,916.61,Enterprise,Wholesale,1.1
ORD-00138801,2024-06-02,Region 35,273,Grocery,Milk Powder,6,24.02,158.53,Enterprise,Wholesale,1.1
ORD-00082497,2024-06-02,Region 05,387,Electronics,Laptop,4,589.83,2595.25,Enterprise,Retail,1.1
ORD-00907074,2024-06-02,Region 53,269,Sports,Dumbbells,20,81.42,1791.24,Retail,Wholesale,1.1
ORD-00431586,2024-06-03,Region 08,28,Beauty,Lipstick,8,37.29,328.15,SMB,Wholesale,1.1
ORD-00803568,2024-06-03,Region 37,237,Electronics,Smartphone,3,532.9,1758.57,Wholesale,Online Store,1.1
ORD-00698386,2024-06-03,Region 25,348,Beauty,Moisturizer,1,28.16,30.98,Retail,Online Store,1.1
ORD-00424878,2024-06-03,Region 38,280,Books,Cookbook,14,30.2,465.08,Retail,Wholesale,1.1
ORD-00486973,2024-06-03,Region 01,1,Home,Blender,11,162.38,1964.8,Wholesale,Retail,1.1
ORD-00553157,2024-06-03,Region 42,227,Sports,Treadmill,17,88.26,1650.46,SMB,Retail,1.1
ORD-00018634,2024-06-04,Region 45,33,Apparel,Jacket,13,58.12,831.12,SMB,Retail,1.1
ORD-00281486,2024-06-05,Region 55,304,Toys,Board Game,8,34.52,303.78,Enterprise,Wholesale,1.1
ORD-00454552,2024-06-05,Region 46,137,Home,Curtains,2,176.62,388.56,Retail,Online Store,1.1
ORD-00751927,2024-06-05,Region 47,403,Grocery,Milk Powder,17,18.31,342.4,Wholesale,Wholesale,1.1
ORD-00613138,2024-06-05,Region 13,45,Electronics,Laptop,11,493.04,5965.78,Retail,Retail,1.1
ORD-00089573,2024-06-05,Region 23,112,Toys,Action Figure,1,45.3,49.83,SMB,Wholesale,1.1
ORD-00223696,2024-06-06,Region 42,467,Home,Blender,18,189.54,3752.89,Enterprise,Retail,1.1
ORD-00220944,2024-06-06,Region 20,284,Electronics,Headphones,10,429.18,4720.98,Enterprise,Online Store,1.1
ORD-00468410,2024-06-06,Region 07,327,Toys,Puzzle,14,44.27,681.76,Wholesale,Online Store,1.1
ORD-00388424,2024-06-07,Region 14,45,Home,Sofa,20,141.58,3114.76,Enterprise,Online Store,1.1
ORD-00888917,2024-06-07,Region 18,574,Grocery,Rice,9,17.02,168.5,SMB,Retail,1.1
ORD-00508821,2024-06-07,Region 40,298,Electronics,Laptop,12,443.17,5849.84,Wholesale,Wholesale,1.1
ORD-00460373,2024-06-07,Region 04,123,Grocery,Milk Powder,9,19.07,188.79,Wholesale,Online Store,1.1
ORD-00050920,2024-06-08,Region 06,512,Apparel,T-Shirt,20,51.42,1131.24,Wholesale,Wholesale,1.1
ORD-00847803,2024-06-08,Region 06,390,Apparel,T-Shirt,3,42.5,140.25,Wholesale,Online Store,1.1
ORD-00924238,2024-06-08,Region 06,463,Apparel,T-Shirt,18,50.52,1000.3,Retail,Wholesale,1.1
ORD-00667014,2024-06-08,Region 17,122,Apparel,Jeans,20,53.49,1176.78,Wholesale,Wholesale,1.1
ORD-00672358,2024-06-08,Region 48,56,Toys,Board Game,17,53.02,991.47,Enterprise,Retail,1.1
ORD-00561974,2024-06-08,Region 50,436,Sports,Treadmill,7,86.77,668.13,Retail,Wholesale,1.1
ORD-00379613,2024-06-09,Region 14,158,Books,Novel,3,23.49,77.52,Retail,Retail,1.1
ORD-00337830,2024-06-09,Region 37,333,Grocery,Cooking Oil,18,20.81,412.04,Retail,Online Store,1.1
ORD-00722310,2024-06-09,Region 37,219,Books,Textbook,15,26.23,432.8,Wholesale,Wholesale,1.1
ORD-00780364,2024-06-09,Region 42,319,Home,Curtains,1,114.55,126.01,Wholesale,Online Store,1.1
ORD-00407593,2024-06-09,Region 29,105,Sports,Treadmill,13,78.98,1129.41,Enterprise,Online Store,1.1
ORD-00434383,2024-06-09,Region 51,159,Home,Curtains,11,208.89,2527.57,Retail,Retail,1.1
ORD-00411755,2024-06-10,Region 17,319,Beauty,Moisturizer,12,41.11,542.65,Retail,Wholesale,1.1
ORD-00776576,2024-06-10,Region 17,419,Beauty,Lipstick,4,31.4,138.16,Wholesale,Online Store,1.1
ORD-00650684,2024-06-10,Region 51,15,Books,Cookbook,9,19.64,194.44,Enterprise,Retail,1.1
ORD-00259289,2024-06-10,Region 19,350,Home,Blender,3,120.72,398.38,Wholesale,Retail,1.1
ORD-00272961,2024-06-10,Region 18,120,Electronics,Tablet,15,646.33,10664.45,Wholesale,Retail,1.1
ORD-00209555,2024-06-10,Region 27,101,Electronics,Tablet,10,682.72,7509.92,Retail,Wholesale,1.1
ORD-00279191,2024-06-11,Region 18,381,Sports,Water Bottle,4,72.74,320.06,Wholesale,Online Store,1.1
ORD-00190666,2024-06-11,Region 16,31,Apparel,T-Shirt,5,56.83,312.56,SMB,Wholesale,1.1
ORD-00695446,2024-06-11,Region 16,303,Grocery,Rice,7,19.32,148.76,Enterprise,Retail,1.1
ORD-00159355,2024-06-11,Region 05,158,Home,Sofa,5,209.42,1151.81,Retail,Online Store,1.1
ORD-00714979,2024-06-12,Region 31,260,Sports,Treadmill,4,106.63,469.17,Retail,Online Store,1.1
ORD-00325201,2024-06-12,Region 52,518,Books,Textbook,11,17.96,217.32,SMB,Retail,1.1
ORD-00547061,2024-06-12,Region 18,590,Home,Curtains,18,174.71,3459.26,Retail,Retail,1.1
ORD-00940830,2024-06-12,Region 27,196,Beauty,Lipstick,2,35.82,78.8,SMB,Retail,1.1
ORD-00339778,2024-06-12,Region 34,290,Grocery,Milk Powder,9,17.59,174.14,SMB,Retail,1.1
ORD-00171813,2024-06-13,Region 28,311,Beauty,Lipstick,5,47.05,258.78,Enterprise,Retail,1.1
ORD-00674646,2024-06-13,Region 15,20,Books,Cookbook,8,18.5,162.8,SMB,Wholesale,1.1
ORD-00881162,2024-06-13,Region 34,33,Grocery,Cooking Oil,9,22.31,220.87,Wholesale,Retail,1.1
ORD-00855307,2024-06-15,Region 43,223,Books,Cookbook,16,19.85,349.36,Wholesale,Retail,1.1
ORD-00587527,2024-06-15,Region 22,417,Sports,Treadmill,16,100.17,1762.99,Enterprise,Retail,1.1
ORD-00964628,2024-06-15,Region 51,570,Beauty,Serum,5,34.44,189.42,Enterprise,Online Store,1.1
ORD-00443417,2024-06-15,Region 53,498,Toys,Building Blocks,5,29.32,161.26,Wholesale,Retail,1.1
ORD-00280531,2024-06-15,Region 33,468,Beauty,Moisturizer,5,30.93,170.12,Retail,Retail,1.1
ORD-00942491,2024-06-16,Region 40,69,Toys,Action Figure,3,49.17,162.26,Retail,Retail,1.1
ORD-00416730,2024-06-16,Region 09,533,Home,Blender,11,115.06,1392.23,Wholesale,Online Store,1.1
ORD-00593464,2024-06-16,Region 07,504,Toys,Action Figure,4,52.28,230.03,Retail,Retail,1.1
ORD-00069291,2024-06-16,Region 10,330,Books,Novel,10,27.84,306.24,Wholesale,Wholesale,1.1
ORD-00835835,2024-06-16,Region 27,12,Grocery,Coffee,15,15.12,249.48,Retail,Retail,1.1
ORD-00206643,2024-06-17,Region 01,394,Sports,Water Bottle,15,89.71,1480.22,Retail,Wholesale,1.1
ORD-00030375,2024-06-17,Region 01,544,Apparel,T-Shirt,3,49.96,164.87,SMB,Online Store,1.1
ORD-00875430,2024-06-17,Region 52,463,Beauty,Lipstick,9,26.38,261.16,Enterprise,Retail,1.1
ORD-00514523,2024-06-17,Region 44,468,Books,Cookbook,18,30.92,612.22,Retail,Online Store,1.1
ORD-00438446,2024-06-18,Region 42,368,Sports,Yoga Mat,11,92.19,1115.5,Wholesale,Online Store,1.1
ORD-00020473,2024-06-18,Region 51,319,Toys,Board Game,4,48.48,213.31,Retail,Online Store,1.1
ORD-00364821,2024-06-18,Region 35,494,Home,Blender,4,120.63,530.77,Retail,Wholesale,1.1
ORD-00485311,2024-06-18,Region 24,516,Grocery,Milk Powder,14,21.06,324.32,Retail,Retail,1.1
ORD-00735917,2024-06-18,Region 24,158,Grocery,Cooking Oil,19,22.8,476.52,Retail,Retail,1.1
ORD-00473016,2024-06-19,Region 47,18,Grocery,Rice,16,22.65,398.64,SMB,Wholesale,1.1
ORD-00044774,2024-06-19,Region 10,181,Grocery,Milk Powder,13,23.43,335.05,SMB,Retail,1.1
ORD-00432316,2024-06-19,Region 35,220,Toys,Puzzle,1,33.46,36.81,Retail,Online Store,1.1
ORD-00473749,2024-06-19,Region 16,509,Grocery,Cooking Oil,1,17.0,18.7,SMB,Online Store,1.1
ORD-00423876,2024-06-19,Region 19,589,Home,Curtains,1,158.26,174.09,Enterprise,Wholesale,1.1
ORD-00398057,2024-06-19,Region 06,451,Home,Blender,2,202.95,446.49,Wholesale,Retail,1.1
ORD-00460525,2024-06-19,Region 08,427,Electronics,Tablet,19,552.38,11544.74,SMB,Online Store,1.1
ORD-00442045,2024-06-20,Region 29,415,Grocery,Coffee,20,19.98,439.56,SMB,Retail,1.1
ORD-00259417,2024-06-20,Region 19,597,Beauty,Lipstick,8,26.16,230.21,Retail,Wholesale,1.1
ORD-00094977,2024-06-20,Region 08,263,Grocery,Rice,15,20.08,331.32,Enterprise,Wholesale,1.1
ORD-00219339,2024-06-21,Region 21,478,Sports,Dumbbells,7,84.4,649.88,Enterprise,Retail,1.1
ORD-00371962,2024-06-21,Region 51,373,Books,Novel,3,31.69,104.58,SMB,Online Store,1.1
ORD-00901959,2024-06-21,Region 12,583,Sports,Dumbbells,13,80.73,1154.44,Enterprise,Online Store,1.1
ORD-00752403,2024-06-21,Region 02,209,Sports,Yoga Mat,5,56.03,308.17,Wholesale,Online Store,1.1
ORD-00667512,2024-06-21,Region 29,358,Beauty,Shampoo,10,33.7,370.7,Wholesale,Wholesale,1.1
ORD-00822930,2024-06-22,Region 50,14,Sports,Yoga Mat,19,81.59,1705.23,Enterprise,Retail,1.1
ORD-00284921,2024-06-22,Region 27,113,Electronics,Laptop,9,380.64,3768.34,Retail,Online Store,1.1
ORD-00057340,2024-06-22,Region 41,195,Books,Textbook,18,33.89,671.02,Retail,Retail,1.1
ORD-00407059,2024-06-22,Region 20,168,Grocery,Coffee,8,25.32,222.82,Enterprise,Wholesale,1.1
ORD-00286617,2024-06-22,Region 50,570,Beauty,Shampoo,8,31.96,281.25,SMB,Wholesale,1.1
ORD-00347060,2024-06-22,Region 33,80,Grocery,Milk Powder,20,25.3,556.6,Enterprise,Retail,1.1
ORD-00761263,2024-06-22,Region 47,264,Toys,Puzzle,8,45.75,402.6,Enterprise,Online Store,1.1
ORD-00325211,2024-06-22,Region 47,74,Beauty,Shampoo,1,29.78,32.76,Enterprise,Wholesale,1.1
ORD-00463858,2024-06-22,Region 44,521,Apparel,Jeans,19,71.39,1492.05,Enterprise,Retail,1.1
ORD-00076918,2024-06-22,Region 45,87,Grocery,Coffee,16,17.94,315.74,Enterprise,Retail,1.1
ORD-00830279,2024-06-22,Region 28,442,Apparel,Jacket,12,52.78,696.7,Retail,Online Store,1.1
ORD-00580417,2024-06-23,Region 30,271,Beauty,Moisturizer,12,34.32,453.02,Wholesale,Online Store,1.1
ORD-00247236,2024-06-23,Region 31,104,Home,Sofa,4,123.47,543.27,Retail,Online Store,1.1
ORD-00712569,2024-06-23,Region 11,450,Books,Journal,14,19.57,301.38,Retail,Wholesale,1.1
ORD-00516533,2024-06-23,Region 45,453,Apparel,Sneakers,18,80.97,1603.21,Retail,Retail,1.1
ORD-00755220,2024-06-23,Region 20,29,Apparel,Sneakers,16,50.31,885.46,Enterprise,Retail,1.1
ORD-00547877,2024-06-23,Region 26,233,Apparel,Jacket,14,47.49,731.35,SMB,Wholesale,1.1
ORD-00544742,2024-06-23,Region 29,552,Beauty,Serum,20,44.08,969.76,Enterprise,Online Store,1.1
ORD-00118703,2024-06-23,Region 19,529,Grocery,Milk Powder,18,27.42,542.92,Wholesale,Wholesale,1.1
ORD-00059174,2024-06-24,Region 23,39,Sports,Dumbbells,20,85.14,1873.08,Wholesale,Wholesale,1.1
ORD-00421261,2024-06-24,Region 34,29,Home,Curtains,6,178.15,1175.79,SMB,Wholesale,1.1
ORD-00136872,2024-06-24,Region 10,50,Sports,Water Bottle,4,87.89,386.72,Retail,Online Store,1.1
ORD-00082748,2024-06-24,Region 04,304,Beauty,Lipstick,18,48.27,955.75,SMB,Wholesale,1.1
ORD-00080899,2024-06-24,Region 25,79,Electronics,Tablet,3,481.37,1588.52,Wholesale,Wholesale,1.1
ORD-00522017,2024-06-24,Region 50,442,Electronics,Headphones,11,419.36,5074.26,Wholesale,Wholesale,1.1
ORD-00987780,2024-06-25,Region 45,586,Home,Curtains,5,182.66,1004.63,SMB,Online Store,1.1
ORD-00563086,2024-06-26,Region 53,167,Toys,Puzzle,6,51.74,341.48,Wholesale,Online Store,1.1
ORD-00092083,2024-06-26,Region 12,147,Beauty,Serum,17,44.77,837.2,Retail,Wholesale,1.1
ORD-00442371,2024-06-26,Region 35,272,Sports,Water Bottle,20,101.58,2234.76,Enterprise,Retail,1.1
ORD-00748649,2024-06-26,Region 54,34,Home,Blender,19,117.82,2462.44,Enterprise,Retail,1.1
ORD-00379550,2024-06-26,Region 47,86,Beauty,Lipstick,16,41.23,725.65,Enterprise,Retail,1.1
ORD-00795495,2024-06-27,Region 39,361,Toys,Building Blocks,6,35.04,231.26,Wholesale,Retail,1.1
ORD-00193100,2024-06-27,Region 23,469,Home,Lamp,1,106.33,116.96,Wholesale,Retail,1.1
ORD-00960560,2024-06-27,Region 44,408,Books,Textbook,4,32.31,142.16,Retail,Retail,1.1
ORD-00427873,2024-06-27,Region 55,353,Apparel,Sneakers,7,74.44,573.19,SMB,Wholesale,1.1
ORD-00270775,2024-06-28,Region 47,561,Books,Novel,18,18.91,374.42,Wholesale,Online Store,1.1
ORD-00341162,2024-06-28,Region 26,220,Home,Blender,16,200.75,3533.2,SMB,Retail,1.1
ORD-00215992,2024-06-29,Region 09,578,Apparel,Jeans,16,82.52,1452.35,SMB,Wholesale,1.1
ORD-00126225,2024-06-29,Region 32,213,Electronics,Smartphone,20,352.35,7751.7,Enterprise,Wholesale,1.1
ORD-00656825,2024-06-29,Region 12,49,Toys,Puzzle,6,28.67,189.22,Enterprise,Retail,1.1
ORD-00090151,2024-06-30,Region 28,551,Beauty,Lipstick,11,32.51,393.37,Retail,Retail,1.1
ORD-00104213,2024-06-30,Region 39,518,Beauty,Moisturizer,11,28.11,340.13,Retail,Online Store,1.1
ORD-00736574,2024-06-30,Region 50,160,Grocery,Milk Powder,19,19.74,412.57,Wholesale,Wholesale,1.1
ORD-00084982,2024-06-30,Region 35,132,Electronics,Laptop,10,524.45,5768.95,Enterprise,Online Store,1.1
ORD-00993768,2024-06-30,Region 55,388,Toys,Action Figure,6,55.14,363.92,Retail,Wholesale,1.1
ORD-00304731,2024-06-30,Region 21,229,Beauty,Moisturizer,6,42.04,277.46,Wholesale,Wholesale,1.1
ORD-00303097,2024-06-30,Region 35,124,Home,Curtains,14,143.27,2206.36,SMB,Wholesale,1.1
ORD-00447755,2024-06-30,Region 22,349,Books,Textbook,1,18.14,19.95,Retail,Online Store,1.1
ORD-00398227,2024-07-01,Region 39,68,Home,Sofa,2,177.84,391.25,Enterprise,Retail,1.1
ORD-00300697,2024-07-01,Region 21,268,Home,Blender,19,143.44,2997.9,Retail,Online Store,1.1
ORD-00875143,2024-07-01,Region 41,198,Beauty,Serum,20,29.73,654.06,SMB,Online Store,1.1
ORD-00803240,2024-07-01,Region 20,303,Electronics,Headphones,19,536.21,11206.79,Wholesale,Retail,1.1
ORD-00461524,2024-07-01,Region 16,376,Apparel,Jeans,4,54.94,241.74,Enterprise,Online Store,1.1
ORD-00617869,2024-07-01,Region 37,267,Apparel,Jacket,10,74.89,823.79,Enterprise,Online Store,1.1
ORD-00751444,2024-07-01,Region 44,27,Electronics,Headphones,15,432.02,7128.33,SMB,Online Store,1.1
ORD-00352871,2024-07-02,Region 14,474,Sports,Yoga Mat,18,110.99,2197.6,SMB,Retail,1.1
ORD-00383014,2024-07-02,Region 34,311,Apparel,Jacket,11,77.12,933.15,Wholesale,Online Store,1.1
ORD-00712338,2024-07-02,Region 10,458,Toys,Building Blocks,20,40.24,885.28,SMB,Retail,1.1
ORD-00784382,2024-07-03,Region 07,409,Apparel,Jacket,6,51.58,340.43,Enterprise,Wholesale,1.1
ORD-00921629,2024-07-03,Region 19,248,Electronics,Tablet,15,517.32,8535.78,Wholesale,Retail,1.1
ORD-00091488,2024-07-04,Region 21,361,Electronics,Tablet,18,666.74,13201.45,Retail,Wholesale,1.1
ORD-00742160,2024-07-04,Region 55,277,Toys,Puzzle,1,33.0,36.3,Retail,Online Store,1.1
ORD-00904484,2024-07-04,Region 31,336,Books,Journal,19,30.73,642.26,Retail,Retail,1.1
ORD-00171621,2024-07-05,Region 32,445,Books,Textbook,1,34.61,38.07,Wholesale,Retail,1.1
ORD-00845300,2024-07-05,Region 44,174,Home,Sofa,2,145.36,319.79,Retail,Online Store,1.1
ORD-00058835,2024-07-06,Region 54,44,Toys,Board Game,1,38.54,42.39,Retail,Retail,1.1
ORD-00903726,2024-07-06,Region 17,572,Sports,Treadmill,20,76.08,1673.76,Enterprise,Online Store,1.1
ORD-00055399,2024-07-06,Region 39,49,Grocery,Rice,2,23.58,51.88,Wholesale,Wholesale,1.1
ORD-00930175,2024-07-07,Region 25,523,Sports,Yoga Mat,15,69.02,1138.83,Wholesale,Online Store,1.1
ORD-00287151,2024-07-07,Region 33,328,Toys,Board Game,13,28.07,401.4,Enterprise,Wholesale,1.1
ORD-00261766,2024-07-07,Region 31,440,Grocery,Cooking Oil,13,21.42,306.31,SMB,Wholesale,1.1
ORD-00761465,2024-07-07,Region 35,240,Sports,Yoga Mat,18,98.48,1949.9,Retail,Online Store,1.1
ORD-00544054,2024-07-07,Region 28,144,Apparel,Jeans,20,82.88,1823.36,Wholesale,Retail,1.1
ORD-00737970,2024-07-07,Region 26,37,Electronics,Headphones,16,428.49,7541.42,Wholesale,Retail,1.1
ORD-00728641,2024-07-08,Region 44,83,Home,Blender,8,139.69,1229.27,Wholesale,Retail,1.1
ORD-00959284,2024-07-08,Region 46,467,Electronics,Tablet,12,434.97,5741.6,Enterprise,Wholesale,1.1
ORD-00482530,2024-07-08,Region 31,162,Sports,Yoga Mat,4,107.58,473.35,Enterprise,Online Store,1.1
ORD-00943378,2024-07-08,Region 49,348,Sports,Treadmill,14,80.96,1246.78,Retail,Online Store,1.1
ORD-00376635,2024-07-09,Region 46,184,Apparel,Jeans,11,44.02,532.64,Retail,Retail,1.1
ORD-00411886,2024-07-09,Region 55,111,Books,Cookbook,2,33.98,74.76,SMB,Retail,1.1
ORD-00450697,2024-07-09,Region 40,531,Beauty,Moisturizer,10,30.53,335.83,Wholesale,Retail,1.1
ORD-00591864,2024-07-09,Region 30,230,Apparel,Jacket,20,53.9,1185.8,Retail,Wholesale,1.1
ORD-00060540,2024-07-09,Region 15,41,Grocery,Coffee,6,14.98,98.87,SMB,Online Store,1.1
ORD-00173515,2024-07-09,Region 54,393,Books,Textbook,16,29.31,515.86,SMB,Retail,1.1
ORD-00402525,2024-07-09,Region 19,487,Toys,Puzzle,3,35.36,116.69,Wholesale,Wholesale,1.1
ORD-00560820,2024-07-09,Region 44,575,Beauty,Serum,1,38.47,42.32,Enterprise,Retail,1.1
ORD-00477624,2024-07-10,Region 04,375,Home,Curtains,17,141.94,2654.28,SMB,Online Store,1.1
ORD-00278737,2024-07-10,Region 48,368,Home,Curtains,8,169.36,1490.37,Retail,Online Store,1.1
ORD-00189282,2024-07-10,Region 11,153,Apparel,T-Shirt,12,82.59,1090.19,Enterprise,Wholesale,1.1
ORD-00898498,2024-07-10,Region 24,227,Grocery,Milk Powder,15,18.59,306.74,Retail,Wholesale,1.1
ORD-00115581,2024-07-11,Region 53,408,Beauty,Shampoo,10,28.09,308.99,Wholesale,Retail,1.1
ORD-00770583,2024-07-11,Region 15,400,Home,Sofa,2,206.25,453.75,SMB,Retail,1.1
ORD-00339376,2024-07-11,Region 01,224,Home,Blender,8,108.68,956.38,Enterprise,Retail,1.1
ORD-00470468,2024-07-11,Region 36,479,Grocery,Coffee,2,26.93,59.25,Wholesale,Wholesale,1.1
ORD-00237444,2024-07-11,Region 20,190,Grocery,Milk Powder,18,18.15,359.37,Enterprise,Retail,1.1
ORD-00271877,2024-07-11,Region 08,50,Apparel,Jacket,16,57.28,1008.13,SMB,Retail,1.1
ORD-00943663,2024-07-11,Region 31,344,Grocery,Coffee,2,17.83,39.23,Retail,Wholesale,1.1
ORD-00644908,2024-07-12,Region 52,74,Home,Blender,3,189.32,624.76,Wholesale,Online Store,1.1
ORD-00278500,2024-07-12,Region 24,336,Grocery,Coffee,8,25.74,226.51,Enterprise,Wholesale,1.1
ORD-00956627,2024-07-12,Region 37,374,Beauty,Shampoo,5,46.13,253.72,SMB,Online Store,1.1
ORD-00147034,2024-07-12,Region 53,101,Home,Blender,15,163.54,2698.41,SMB,Retail,1.1
ORD-00071707,2024-07-13,Region 42,545,Sports,Water Bottle,14,84.95,1308.23,SMB,Online Store,1.1
ORD-00048307,2024-07-13,Region 03,154,Sports,Yoga Mat,7,85.14,655.58,SMB,Wholesale,1.1
ORD-00266743,2024-07-13,Region 20,116,Toys,Action Figure,17,33.95,634.87,Retail,Online Store,1.1
ORD-00322242,2024-07-14,Region 49,514,Toys,Board Game,8,36.03,317.06,Wholesale,Online Store,1.1
ORD-00566917,2024-07-14,Region 05,320,Sports,Treadmill,5,97.62,536.91,SMB,Retail,1.1
ORD-00670013,2024-07-14,Region 17,169,Toys,Action Figure,7,33.31,256.49,Enterprise,Retail,1.1
ORD-00656347,2024-07-14,Region 46,580,Home,Sofa,6,160.14,1056.92,SMB,Wholesale,1.1
ORD-00984407,2024-07-14,Region 08,188,Books,Journal,10,25.15,276.65,SMB,Wholesale,1.1
ORD-00546941,2024-07-14,Region 08,290,Sports,Treadmill,10,60.71,667.81,SMB,Retail,1.1
ORD-00807088,2024-07-14,Region 23,420,Toys,Building Blocks,9,30.79,304.82,Wholesale,Wholesale,1.1
ORD-00425190,2024-07-15,Region 04,22,Toys,Board Game,3,39.64,130.81,Retail,Retail,1.1
ORD-00750441,2024-07-15,Region 41,181,Electronics,Smartphone,12,350.14,4621.85,Wholesale,Retail,1.1
ORD-00505380,2024-07-15,Region 42,228,Sports,Dumbbells,9,63.34,627.07,Wholesale,Retail,1.1
ORD-00910079,2024-07-15,Region 38,256,Books,Textbook,17,19.77,369.7,Retail,Wholesale,1.1
ORD-00642788,2024-07-16,Region 51,222,Grocery,Cooking Oil,17,21.89,409.34,SMB,Wholesale,1.1
ORD-00267605,2024-07-16,Region 33,190,Electronics,Laptop,10,526.2,5788.2,Retail,Wholesale,1.1
ORD-00817500,2024-07-16,Region 20,510,Electronics,Laptop,18,691.02,13682.2,SMB,Retail,1.1
ORD-00297850,2024-07-17,Region 02,42,Beauty,Lipstick,6,25.12,165.79,Wholesale,Retail,1.1
ORD-00818729,2024-07-17,Region 42,327,Sports,Treadmill,2,80.23,176.51,SMB,Wholesale,1.1
ORD-00527568,2024-07-17,Region 31,286,Toys,Board Game,12,32.23,425.44,Retail,Wholesale,1.1
ORD-00441451,2024-07-17,Region 14,552,Beauty,Serum,12,44.74,590.57,Wholesale,Online Store,1.1
ORD-00322011,2024-07-17,Region 50,138,Sports,Water Bottle,11,109.98,1330.76,Wholesale,Wholesale,1.1
ORD-00551045,2024-07-18,Region 04,112,Grocery,Rice,11,20.55,248.66,Enterprise,Online Store,1.1
ORD-00132270,2024-07-18,Region 02,166,Home,Sofa,2,110.01,242.02,Enterprise,Online Store,1.1
ORD-00994228,2024-07-18,Region 23,439,Home,Lamp,2,138.88,305.54,SMB,Retail,1.1
ORD-00406535,2024-07-18,Region 27,259,Grocery,Coffee,2,16.43,36.15,Enterprise,Wholesale,1.1
ORD-00209491,2024-07-18,Region 18,359,Sports,Water Bottle,16,111.32,1959.23,SMB,Online Store,1.1
ORD-00982430,2024-07-19,Region 01,471,Books,Journal,3,22.68,74.84,Retail,Retail,1.1
ORD-00728593,2024-07-19,Region 04,509,Toys,Building Blocks,15,31.58,521.07,Wholesale,Retail,1.1
ORD-00151611,2024-07-19,Region 42,312,Sports,Yoga Mat,11,104.47,1264.09,SMB,Online Store,1.1
ORD-00186262,2024-07-19,Region 07,593,Apparel,Sneakers,11,49.61,600.28,Wholesale,Retail,1.1
ORD-00205025,2024-07-19,Region 04,147,Toys,Building Blocks,11,46.78,566.04,Wholesale,Wholesale,1.1
ORD-00248448,2024-07-20,Region 02,62,Electronics,Headphones,15,499.02,8233.83,Wholesale,Retail,1.1
ORD-00198505,2024-07-20,Region 20,227,Books,Journal,6,28.95,191.07,Retail,Retail,1.1
ORD-00253645,2024-07-20,Region 32,435,Grocery,Rice,17,27.73,518.55,Enterprise,Online Store,1.1
ORD-00247370,2024-07-20,Region 50,552,Books,Textbook,15,27.95,461.18,SMB,Wholesale,1.1
ORD-00584291,2024-07-21,Region 26,356,Electronics,Smartphone,10,509.57,5605.27,Wholesale,Retail,1.1
ORD-00628723,2024-07-21,Region 03,511,Electronics,Headphones,9,684.31,6774.67,Enterprise,Retail,1.1
ORD-00185174,2024-07-21,Region 48,137,Electronics,Smartphone,12,624.22,8239.7,Retail,Retail,1.1
ORD-00994654,2024-07-21,Region 40,436,Books,Textbook,17,30.94,578.58,Enterprise,Online Store,1.1
ORD-00990635,2024-07-22,Region 35,291,Apparel,Jacket,5,64.66,355.63,Wholesale,Online Store,1.1
ORD-00713418,2024-07-22,Region 19,348,Electronics,Smartphone,4,479.06,2107.86,Enterprise,Retail,1.1
ORD-00310492,2024-07-22,Region 18,380,Electronics,Smartphone,5,462.72,2544.96,Enterprise,Online Store,1.1
ORD-00461539,2024-07-22,Region 36,246,Home,Sofa,14,129.35,1991.99,SMB,Retail,1.1
ORD-00309023,2024-07-22,Region 07,523,Books,Novel,13,27.26,389.82,SMB,Retail,1.1
ORD-00983331,2024-07-23,Region 17,216,Electronics,Laptop,18,479.19,9487.96,Retail,Retail,1.1
ORD-00494034,2024-07-23,Region 44,176,Apparel,Jeans,2,81.35,178.97,SMB,Online Store,1.1
ORD-00659562,2024-07-24,Region 55,249,Books,Journal,14,31.93,491.72,Wholesale,Online Store,1.1
ORD-00450822,2024-07-24,Region 32,337,Grocery,Milk Powder,2,20.06,44.13,Enterprise,Online Store,1.1
ORD-00805911,2024-07-24,Region 48,9,Apparel,Jeans,9,82.59,817.64,Wholesale,Retail,1.1
ORD-00804754,2024-07-24,Region 33,398,Electronics,Headphones,4,604.55,2660.02,SMB,Online Store,1.1
ORD-00052809,2024-07-24,Region 26,26,Toys,Action Figure,2,29.62,65.16,Retail,Retail,1.1
ORD-00819349,2024-07-25,Region 33,157,Electronics,Smartphone,17,631.39,11806.99,Enterprise,Wholesale,1.1
ORD-00340589,2024-07-25,Region 33,239,Home,Blender,1,135.48,149.03,Wholesale,Wholesale,1.1
ORD-00482972,2024-07-25,Region 07,439,Electronics,Headphones,4,461.2,2029.28,Wholesale,Retail,1.1
ORD-00146325,2024-07-26,Region 10,238,Beauty,Lipstick,10,41.93,461.23,Retail,Wholesale,1.1
ORD-00749779,2024-07-26,Region 38,321,Home,Lamp,4,195.24,859.06,Retail,Wholesale,1.1
ORD-00189544,2024-07-26,Region 27,593,Beauty,Lipstick,1,40.86,44.95,Enterprise,Wholesale,1.1
ORD-00982471,2024-07-26,Region 42,64,Grocery,Cooking Oil,15,24.74,408.21,Wholesale,Online Store,1.1
ORD-00885767,2024-07-26,Region 40,44,Books,Journal,12,23.29,307.43,Wholesale,Online Store,1.1
ORD-00622598,2024-07-27,Region 15,163,Books,Novel,8,21.92,192.9,Enterprise,Online Store,1.1
ORD-00813896,2024-07-27,Region 03,134,Home,Lamp,11,131.67,1593.21,Retail,Wholesale,1.1
ORD-00328198,2024-07-28,Region 05,528,Home,Lamp,3,156.4,516.12,SMB,Online Store,1.1
ORD-00811161,2024-07-28,Region 08,593,Apparel,Jacket,3,69.4,229.02,Retail,Retail,1.1
ORD-00689485,2024-07-29,Region 50,55,Beauty,Serum,19,45.14,943.43,SMB,Retail,1.1
ORD-00833379,2024-07-29,Region 50,117,Apparel,Jeans,18,45.64,903.67,Retail,Wholesale,1.1
ORD-00737861,2024-07-29,Region 38,427,Sports,Yoga Mat,15,79.84,1317.36,SMB,Wholesale,1.1
ORD-00569263,2024-07-29,Region 33,376,Books,Textbook,4,27.38,120.47,Retail,Wholesale,1.1
ORD-00216130,2024-07-29,Region 06,541,Electronics,Smartphone,14,599.66,9234.76,Enterprise,Online Store,1.1
ORD-00476176,2024-07-30,Region 49,130,Beauty,Shampoo,6,36.77,242.68,SMB,Wholesale,1.1
ORD-00275493,2024-07-31,Region 54,64,Books,Novel,20,33.84,744.48,Wholesale,Wholesale,1.1
ORD-00120450,2024-07-31,Region 13,353,Electronics,Tablet,11,611.51,7399.27,SMB,Online Store,1.1
ORD-00892183,2024-07-31,Region 11,304,Books,Journal,3,32.98,108.83,Retail,Online Store,1.1
ORD-00341793,2024-07-31,Region 02,77,Books,Novel,10,28.3,311.3,SMB,Retail,1.1
ORD-00089710,2024-07-31,Region 44,123,Toys,Board Game,14,47.98,738.89,SMB,Online Store,1.1
ORD-00728997,2024-08-01,Region 32,391,Beauty,Shampoo,19,40.53,847.08,Enterprise,Online Store,1.1
ORD-00345612,2024-08-01,Region 10,588,Books,Textbook,11,20.79,251.56,SMB,Retail,1.1
ORD-00240582,2024-08-01,Region 39,274,Toys,Building Blocks,6,53.3,351.78,Retail,Retail,1.1
ORD-00940388,2024-08-01,Region 04,103,Electronics,Headphones,6,401.56,2650.3,Retail,Online Store,1.1
ORD-00068330,2024-08-02,Region 08,405,Apparel,Jeans,13,45.46,650.08,Wholesale,Wholesale,1.1
ORD-00431103,2024-08-02,Region 07,458,Sports,Yoga Mat,13,73.53,1051.48,Enterprise,Online Store,1.1
ORD-00948560,2024-08-02,Region 03,296,Apparel,Sneakers,4,71.74,315.66,Retail,Wholesale,1.1
ORD-00310124,2024-08-03,Region 09,411,Toys,Action Figure,20,34.32,755.04,Retail,Retail,1.1
ORD-00322832,2024-08-03,Region 50,371,Apparel,Sneakers,7,80.75,621.78,SMB,Retail,1.1
ORD-00162730,2024-08-03,Region 04,269,Sports,Dumbbells,2,70.19,154.42,SMB,Online Store,1.1
ORD-00113387,2024-08-03,Region 20,444,Sports,Dumbbells,18,61.8,1223.64,SMB,Wholesale,1.1
ORD-00071972,2024-08-04,Region 46,136,Home,Sofa,6,162.16,1070.26,SMB,Wholesale,1.1
ORD-00693857,2024-08-04,Region 26,229,Apparel,Jeans,1,57.28,63.01,Enterprise,Online Store,1.1
ORD-00098803,2024-08-04,Region 46,429,Beauty,Shampoo,11,30.16,364.94,SMB,Wholesale,1.1
ORD-00740546,2024-08-04,Region 36,444,Grocery,Rice,6,23.68,156.29,Enterprise,Wholesale,1.1
ORD-00775779,2024-08-04,Region 41,7,Beauty,Shampoo,9,33.04,327.1,SMB,Wholesale,1.1
ORD-00211773,2024-08-05,Region 45,197,Home,Curtains,7,179.3,1380.61,Enterprise,Retail,1.1
ORD-00109564,2024-08-05,Region 03,158,Apparel,Sneakers,20,57.08,1255.76,SMB,Retail,1.1
ORD-00995453,2024-08-06,Region 26,5,Toys,Action Figure,10,36.57,402.27,Wholesale,Online Store,1.1
ORD-00372500,2024-08-06,Region 20,344,Beauty,Lipstick,5,28.99,159.44,Wholesale,Online Store,1.1
ORD-00089631,2024-08-06,Region 05,414,Grocery,Rice,4,15.43,67.89,Wholesale,Retail,1.1
ORD-00418292,2024-08-07,Region 09,385,Toys,Building Blocks,15,46.41,765.76,Wholesale,Online Store,1.1
ORD-00874956,2024-08-07,Region 35,52,Electronics,Headphones,10,507.59,5583.49,SMB,Retail,1.1
ORD-00837315,2024-08-07,Region 44,19,Electronics,Tablet,15,529.22,8732.13,Retail,Wholesale,1.1
ORD-00252091,2024-08-07,Region 38,440,Beauty,Moisturizer,6,46.73,308.42,Retail,Online Store,1.1
ORD-00914427,2024-08-07,Region 33,424,Books,Novel,6,22.47,148.3,Wholesale,Online Store,1.1
ORD-00196829,2024-08-07,Region 40,192,Sports,Water Bottle,7,60.98,469.55,Wholesale,Online Store,1.1
ORD-00068785,2024-08-08,Region 47,125,Books,Textbook,1,26.34,28.97,Retail,Retail,1.1
ORD-00289863,2024-08-08,Region 51,390,Home,Lamp,4,147.2,647.68,SMB,Retail,1.1
ORD-00787639,2024-08-08,Region 11,255,Toys,Building Blocks,14,50.1,771.54,Enterprise,Online Store,1.1
ORD-00051570,2024-08-09,Region 03,2,Books,Cookbook,4,18.24,80.26,SMB,Online Store,1.1
ORD-00658100,2024-08-09,Region 23,43,Grocery,Cooking Oil,18,27.6,546.48,Retail,Retail,1.1
ORD-00289709,2024-08-09,Region 35,107,Sports,Dumbbells,9,80.76,799.52,Retail,Wholesale,1.1
ORD-00129273,2024-08-10,Region 36,566,Beauty,Shampoo,19,25.2,526.68,Enterprise,Online Store,1.1
ORD-00698180,2024-08-10,Region 54,475,Books,Journal,17,31.98,598.03,SMB,Retail,1.1
ORD-00895211,2024-08-10,Region 46,98,Sports,Water Bottle,3,84.56,279.05,SMB,Retail,1.1
ORD-00132656,2024-08-10,Region 02,155,Grocery,Coffee,1,16.2,17.82,Wholesale,Online Store,1.1
ORD-00360784,2024-08-10,Region 51,402,Electronics,Tablet,2,671.54,1477.39,SMB,Online Store,1.1
ORD-00042025,2024-08-10,Region 16,53,Grocery,Milk Powder,14,24.55,378.07,Retail,Wholesale,1.1
ORD-00464500,2024-08-10,Region 05,123,Books,Novel,1,30.99,34.09,SMB,Wholesale,1.1
ORD-00606357,2024-08-10,Region 48,594,Electronics,Laptop,2,498.06,1095.73,Wholesale,Retail,1.1
ORD-00110052,2024-08-11,Region 08,245,Electronics,Tablet,9,679.71,6729.13,Enterprise,Online Store,1.1
ORD-00852054,2024-08-11,Region 53,441,Grocery,Milk Powder,20,26.44,581.68,SMB,Online Store,1.1
ORD-00729172,2024-08-11,Region 43,289,Electronics,Laptop,10,458.96,5048.56,SMB,Online Store,1.1
ORD-00151111,2024-08-11,Region 38,447,Electronics,Headphones,18,645.73,12785.45,Enterprise,Wholesale,1.1
ORD-00862319,2024-08-11,Region 42,188,Apparel,Jacket,12,62.34,822.89,Enterprise,Wholesale,1.1
ORD-00722982,2024-08-11,Region 52,307,Sports,Treadmill,1,79.9,87.89,Retail,Retail,1.1
ORD-00286562,2024-08-12,Region 40,205,Home,Sofa,2,125.44,275.97,Enterprise,Online Store,1.1
ORD-00676980,2024-08-12,Region 41,327,Beauty,Moisturizer,18,35.07,694.39,Retail,Online Store,1.1
ORD-00909952,2024-08-12,Region 52,10,Electronics,Tablet,2,635.32,1397.7,SMB,Retail,1.1
ORD-00109196,2024-08-12,Region 11,37,Grocery,Milk Powder,5,14.74,81.07,SMB,Wholesale,1.1
ORD-00896577,2024-08-12,Region 06,394,Beauty,Serum,15,46.37,765.1,Retail,Retail,1.1
ORD-00492412,2024-08-12,Region 09,587,Beauty,Moisturizer,9,25.78,255.22,Retail,Retail,1.1
ORD-00141082,2024-08-13,Region 41,572,Apparel,T-Shirt,8,82.59,726.79,Retail,Online Store,1.1
ORD-00762883,2024-08-13,Region 16,597,Sports,Dumbbells,4,88.02,387.29,Enterprise,Wholesale,1.1
ORD-00356405,2024-08-13,Region 07,368,Sports,Yoga Mat,4,93.57,411.71,Wholesale,Wholesale,1.1
ORD-00087247,2024-08-13,Region 54,44,Toys,Puzzle,14,54.33,836.68,SMB,Wholesale,1.1
ORD-00617717,2024-08-13,Region 33,505,Electronics,Tablet,11,441.03,5336.46,Enterprise,Wholesale,1.1
ORD-00489052,2024-08-13,Region 33,431,Toys,Building Blocks,20,37.9,833.8,Wholesale,Retail,1.1
ORD-00778194,2024-08-14,Region 34,437,Home,Blender,2,179.68,395.3,Retail,Wholesale,1.1
ORD-00820297,2024-08-15,Region 07,86,Beauty,Moisturizer,10,44.95,494.45,Retail,Wholesale,1.1
ORD-00443322,2024-08-15,Region 43,361,Electronics,Smartphone,3,616.1,2033.13,Wholesale,Online Store,1.1
ORD-00480275,2024-08-15,Region 43,182,Home,Curtains,18,130.71,2588.06,SMB,Retail,1.1
ORD-00732057,2024-08-15,Region 21,439,Grocery,Milk Powder,16,24.29,427.5,Enterprise,Wholesale,1.1
ORD-00406289,2024-08-16,Region 30,452,Beauty,Shampoo,4,48.58,213.75,SMB,Retail,1.1
ORD-00518812,2024-08-16,Region 42,92,Electronics,Laptop,5,691.13,3801.22,SMB,Online Store,1.1
ORD-00678826,2024-08-16,Region 35,101,Grocery,Rice,18,17.88,354.02,Retail,Wholesale,1.1
ORD-00883200,2024-08-16,Region 53,317,Electronics,Headphones,7,657.54,5063.06,Wholesale,Online Store,1.1
ORD-00363679,2024-08-16,Region 16,286,Toys,Puzzle,3,31.61,104.31,Wholesale,Online Store,1.1
ORD-00599094,2024-08-17,Region 48,108,Grocery,Coffee,1,22.03,24.23,SMB,Online Store,1.1
ORD-00959764,2024-08-17,Region 30,502,Toys,Puzzle,20,49.21,1082.62,SMB,Online Store,1.1
ORD-00750655,2024-08-17,Region 18,259,Apparel,Sneakers,14,61.31,944.17,Wholesale,Online Store,1.1
ORD-00493283,2024-08-18,Region 03,600,Toys,Puzzle,2,49.76,109.47,Retail,Online Store,1.1
ORD-00877313,2024-08-18,Region 45,302,Home,Sofa,6,184.79,1219.61,SMB,Wholesale,1.1
ORD-00936862,2024-08-18,Region 29,320,Books,Textbook,2,18.43,40.55,Retail,Wholesale,1.1
ORD-00520111,2024-08-18,Region 39,297,Home,Curtains,4,143.93,633.29,SMB,Retail,1.1
ORD-00961100,2024-08-18,Region 26,502,Sports,Treadmill,1,60.41,66.45,Enterprise,Online Store,1.1
ORD-00071412,2024-08-18,Region 08,136,Sports,Treadmill,7,96.13,740.2,Wholesale,Online Store,1.1
ORD-00771655,2024-08-18,Region 33,485,Toys,Action Figure,3,46.73,154.21,Wholesale,Retail,1.1
ORD-00928829,2024-08-18,Region 40,282,Apparel,Sneakers,19,44.99,940.29,Enterprise,Online Store,1.1
ORD-00583340,2024-08-18,Region 29,533,Home,Curtains,12,186.04,2455.73,Wholesale,Online Store,1.1
ORD-00906985,2024-08-18,Region 16,138,Electronics,Smartphone,6,484.57,3198.16,Retail,Retail,1.1
ORD-00810577,2024-08-19,Region 20,542,Books,Journal,4,20.0,88.0,Retail,Retail,1.1
ORD-00155071,2024-08-19,Region 22,567,Grocery,Milk Powder,6,26.24,173.18,SMB,Online Store,1.1
ORD-00027697,2024-08-19,Region 55,589,Home,Blender,4,115.74,509.26,SMB,Wholesale,1.1
ORD-00512426,2024-08-19,Region 26,470,Sports,Treadmill,16,67.71,1191.7,SMB,Online Store,1.1
ORD-00224928,2024-08-19,Region 27,510,Books,Cookbook,8,31.84,280.19,SMB,Retail,1.1
ORD-00102494,2024-08-19,Region 11,395,Beauty,Shampoo,11,35.04,423.98,Wholesale,Online Store,1.1
ORD-00586917,2024-08-20,Region 50,402,Home,Curtains,15,170.8,2818.2,SMB,Retail,1.1
ORD-00216190,2024-08-20,Region 17,167,Grocery,Rice,12,23.75,313.5,SMB,Wholesale,1.1
ORD-00091197,2024-08-20,Region 49,362,Beauty,Moisturizer,17,31.76,593.91,SMB,Retail,1.1
ORD-00255216,2024-08-21,Region 19,448,Electronics,Smartphone,18,394.32,7807.54,Wholesale,Wholesale,1.1
ORD-00057598,2024-08-21,Region 25,498,Books,Journal,12,21.31,281.29,Retail,Online Store,1.1
ORD-00225455,2024-08-21,Region 11,92,Sports,Yoga Mat,7,107.65,828.91,Wholesale,Retail,1.1
ORD-00263825,2024-08-21,Region 07,200,Home,Sofa,8,163.5,1438.8,Wholesale,Online Store,1.1
ORD-00681245,2024-08-21,Region 43,455,Sports,Dumbbells,8,109.52,963.78,Wholesale,Retail,1.1
ORD-00065048,2024-08-22,Region 12,273,Beauty,Serum,16,40.44,711.74,Retail,Wholesale,1.1
ORD-00464016,2024-08-22,Region 03,238,Electronics,Laptop,15,350.75,5787.38,SMB,Retail,1.1
ORD-00973611,2024-08-22,Region 43,31,Home,Lamp,3,144.14,475.66,SMB,Online Store,1.1
ORD-00117319,2024-08-22,Region 45,450,Grocery,Rice,16,27.62,486.11,SMB,Wholesale,1.1
ORD-00001712,2024-08-22,Region 40,151,Beauty,Moisturizer,20,36.98,813.56,SMB,Online Store,1.1
ORD-00900834,2024-08-23,Region 55,176,Sports,Yoga Mat,11,65.95,798.0,SMB,Retail,1.1
ORD-00683061,2024-08-23,Region 38,158,Books,Cookbook,6,29.22,192.85,SMB,Online Store,1.1
ORD-00517517,2024-08-23,Region 30,30,Apparel,Jeans,10,72.76,800.36,SMB,Online Store,1.1
ORD-00371535,2024-08-23,Region 28,278,Grocery,Cooking Oil,11,16.67,201.71,SMB,Online Store,1.1
ORD-00349315,2024-08-23,Region 16,127,Grocery,Rice,3,15.15,50.0,SMB,Retail,1.1
ORD-00849889,2024-08-24,Region 19,483,Toys,Building Blocks,3,37.21,122.79,Enterprise,Retail,1.1
ORD-00510988,2024-08-24,Region 30,112,Books,Novel,4,21.13,92.97,Enterprise,Wholesale,1.1
ORD-00526747,2024-08-24,Region 13,143,Home,Blender,9,129.92,1286.21,Enterprise,Wholesale,1.1
ORD-00545483,2024-08-24,Region 26,101,Grocery,Milk Powder,8,21.04,185.15,Wholesale,Wholesale,1.1
ORD-00805147,2024-08-24,Region 41,98,Sports,Yoga Mat,18,92.3,1827.54,Enterprise,Online Store,1.1
ORD-00760326,2024-08-25,Region 06,555,Books,Journal,18,23.13,457.97,SMB,Retail,1.1
ORD-00645665,2024-08-25,Region 48,481,Home,Blender,13,109.06,1559.56,Enterprise,Online Store,1.1
ORD-00778659,2024-08-25,Region 19,63,Electronics,Tablet,13,428.17,6122.83,SMB,Online Store,1.1
ORD-00500723,2024-08-25,Region 16,50,Sports,Treadmill,12,82.86,1093.75,SMB,Wholesale,1.1
ORD-00046482,2024-08-25,Region 47,221,Beauty,Shampoo,10,24.9,273.9,Enterprise,Wholesale,1.1
ORD-00166877,2024-08-25,Region 36,184,Apparel,Sneakers,7,68.09,524.29,Retail,Wholesale,1.1
ORD-00732733,2024-08-25,Region 12,191,Beauty,Serum,11,36.31,439.35,Retail,Retail,1.1
ORD-00908877,2024-08-25,Region 35,347,Apparel,Jacket,18,72.38,1433.12,Wholesale,Wholesale,1.1
ORD-00615830,2024-08-25,Region 12,439,Electronics,Smartphone,3,522.32,1723.66,Retail,Wholesale,1.1
ORD-00065283,2024-08-25,Region 55,377,Apparel,T-Shirt,7,42.73,329.02,Retail,Online Store,1.1
ORD-00883249,2024-08-26,Region 28,406,Apparel,Jacket,15,51.74,853.71,Enterprise,Wholesale,1.1
ORD-00311892,2024-08-26,Region 08,577,Toys,Puzzle,8,43.36,381.57,Retail,Retail,1.1
ORD-00249922,2024-08-26,Region 45,304,Grocery,Coffee,13,19.82,283.43,SMB,Retail,1.1
ORD-00655079,2024-08-26,Region 14,498,Electronics,Laptop,1,418.15,459.96,SMB,Online Store,1.1
ORD-00594438,2024-08-26,Region 52,319,Beauty,Serum,1,25.19,27.71,Enterprise,Retail,1.1
ORD-00249364,2024-08-26,Region 53,355,Apparel,Sneakers,5,76.45,420.48,Wholesale,Wholesale,1.1
ORD-00905249,2024-08-26,Region 22,149,Electronics,Tablet,17,666.41,12461.87,Retail,Retail,1.1
ORD-00010969,2024-08-26,Region 11,376,Apparel,Jeans,4,63.44,279.14,SMB,Wholesale,1.1
ORD-00845489,2024-08-26,Region 12,535,Toys,Puzzle,15,49.52,817.08,Enterprise,Online Store,1.1
ORD-00831639,2024-08-27,Region 54,419,Toys,Puzzle,10,34.51,379.61,Wholesale,Online Store,1.1
ORD-00381746,2024-08-27,Region 34,393,Toys,Puzzle,12,33.38,440.62,Retail,Retail,1.1
ORD-00393608,2024-08-28,Region 38,45,Electronics,Headphones,13,614.83,8792.07,Enterprise,Retail,1.1
ORD-00490877,2024-08-28,Region 28,526,Sports,Treadmill,15,60.78,1002.87,Retail,Wholesale,1.1
ORD-00273846,2024-08-28,Region 47,469,Beauty,Shampoo,17,48.76,911.81,Wholesale,Wholesale,1.1
ORD-00644568,2024-08-28,Region 12,342,Sports,Treadmill,17,95.75,1790.52,Enterprise,Online Store,1.1
ORD-00081752,2024-08-28,Region 13,151,Grocery,Coffee,3,19.18,63.29,Wholesale,Online Store,1.1
ORD-00044855,2024-08-28,Region 47,277,Electronics,Smartphone,17,646.37,12087.12,SMB,Online Store,1.1
ORD-00434997,2024-08-29,Region 46,324,Books,Journal,8,26.78,235.66,Retail,Retail,1.1
ORD-00509340,2024-08-29,Region 18,37,Apparel,T-Shirt,18,72.52,1435.9,Wholesale,Retail,1.1
ORD-00312742,2024-08-29,Region 24,143,Apparel,Sneakers,19,55.85,1167.27,Retail,Retail,1.1
ORD-00957877,2024-08-29,Region 30,5,Toys,Action Figure,11,36.44,440.92,SMB,Online Store,1.1
ORD-00748707,2024-08-29,Region 14,408,Electronics,Tablet,10,659.96,7259.56,Wholesale,Online Store,1.1
ORD-00319801,2024-08-29,Region 51,212,Home,Curtains,17,128.62,2405.19,Wholesale,Online Store,1.1
ORD-00045540,2024-08-29,Region 51,44,Grocery,Rice,9,25.64,253.84,Retail,Online Store,1.1
ORD-00284128,2024-08-30,Region 10,177,Grocery,Coffee,6,14.94,98.6,Wholesale,Retail,1.1
ORD-00348365,2024-08-30,Region 41,506,Sports,Yoga Mat,3,100.87,332.87,Retail,Retail,1.1
ORD-00296069,2024-08-30,Region 42,350,Apparel,T-Shirt,12,48.44,639.41,Retail,Wholesale,1.1
ORD-00873633,2024-08-30,Region 49,396,Electronics,Headphones,18,406.95,8057.61,SMB,Retail,1.1
ORD-00160919,2024-08-30,Region 52,344,Home,Lamp,19,164.36,3435.12,Wholesale,Online Store,1.1
ORD-00839416,2024-08-30,Region 10,473,Books,Textbook,14,21.53,331.56,Retail,Retail,1.1
ORD-00307698,2024-08-30,Region 51,328,Electronics,Smartphone,16,394.73,6947.25,SMB,Wholesale,1.1
ORD-00053018,2024-08-31,Region 16,371,Books,Textbook,10,34.25,376.75,SMB,Wholesale,1.1
ORD-00320079,2024-08-31,Region 19,24,Toys,Action Figure,14,32.79,504.97,Wholesale,Retail,1.1
ORD-00093718,2024-09-01,Region 18,178,Beauty,Serum,18,36.04,713.59,Retail,Online Store,1.1
ORD-00671925,2024-09-01,Region 24,264,Sports,Dumbbells,3,92.45,305.09,Wholesale,Online Store,1.1
ORD-00627870,2024-09-01,Region 19,189,Toys,Board Game,4,53.58,235.75,Wholesale,Online Store,1.1
ORD-00399738,2024-09-01,Region 17,45,Home,Lamp,4,200.88,883.87,Enterprise,Wholesale,1.1
ORD-00984259,2024-09-01,Region 46,488,Books,Cookbook,18,34.21,677.36,Retail,Retail,1.1
ORD-00840541,2024-09-01,Region 55,504,Electronics,Laptop,13,561.62,8031.17,Retail,Online Store,1.1
ORD-00013996,2024-09-01,Region 19,189,Apparel,Jeans,6,79.58,525.23,Enterprise,Wholesale,1.1
ORD-00836405,2024-09-01,Region 28,108,Books,Novel,16,18.8,330.88,Retail,Wholesale,1.1
ORD-00891460,2024-09-02,Region 32,415,Toys,Action Figure,20,48.62,1069.64,Retail,Wholesale,1.1
ORD-00096037,2024-09-02,Region 25,143,Apparel,Sneakers,9,61.42,608.06,SMB,Online Store,1.1
ORD-00600193,2024-09-02,Region 02,22,Beauty,Shampoo,1,33.51,36.86,SMB,Online Store,1.1
ORD-00622370,2024-09-03,Region 40,390,Books,Textbook,1,22.01,24.21,Wholesale,Wholesale,1.1
ORD-00529382,2024-09-03,Region 10,517,Sports,Treadmill,4,102.33,450.25,Wholesale,Retail,1.1
ORD-00186051,2024-09-03,Region 35,310,Toys,Building Blocks,13,34.21,489.2,Retail,Wholesale,1.1
ORD-00043274,2024-09-04,Region 44,421,Home,Blender,12,207.54,2739.53,Wholesale,Wholesale,1.1
ORD-00019176,2024-09-04,Region 08,299,Grocery,Coffee,11,27.62,334.2,Retail,Online Store,1.1
ORD-00232386,2024-09-04,Region 34,565,Toys,Board Game,8,50.43,443.78,Retail,Online Store,1.1
ORD-00244732,2024-09-05,Region 32,462,Books,Novel,5,18.99,104.44,Enterprise,Retail,1.1
ORD-00227797,2024-09-05,Region 34,284,Home,Lamp,11,158.69,1920.15,Enterprise,Wholesale,1.1
ORD-00711721,2024-09-05,Region 17,504,Grocery,Milk Powder,5,15.1,83.05,SMB,Wholesale,1.1
ORD-00575347,2024-09-05,Region 02,145,Toys,Board Game,12,48.51,640.33,Wholesale,Retail,1.1
ORD-00045250,2024-09-05,Region 46,574,Electronics,Laptop,1,380.65,418.72,Retail,Wholesale,1.1
ORD-00509784,2024-09-05,Region 13,139,Beauty,Serum,16,28.19,496.14,SMB,Online Store,1.1
ORD-00869188,2024-09-05,Region 54,98,Books,Journal,4,29.09,128.0,Enterprise,Online Store,1.1
ORD-00865260,2024-09-06,Region 01,74,Grocery,Coffee,17,14.38,268.91,Enterprise,Retail,1.1
ORD-00954057,2024-09-06,Region 33,45,Home,Curtains,11,191.83,2321.14,SMB,Wholesale,1.1
ORD-00175893,2024-09-06,Region 10,169,Apparel,Sneakers,12,77.68,1025.38,SMB,Wholesale,1.1
ORD-00537656,2024-09-07,Region 14,218,Home,Blender,12,105.52,1392.86,Wholesale,Retail,1.1
ORD-00185446,2024-09-07,Region 14,348,Home,Blender,8,188.63,1659.94,Wholesale,Wholesale,1.1
ORD-00648424,2024-09-07,Region 45,206,Toys,Puzzle,17,34.96,653.75,SMB,Retail,1.1
ORD-00028387,2024-09-07,Region 39,414,Electronics,Smartphone,12,606.32,8003.42,SMB,Online Store,1.1
ORD-00959512,2024-09-07,Region 08,441,Beauty,Moisturizer,17,44.29,828.22,Wholesale,Wholesale,1.1
ORD-00971949,2024-09-07,Region 49,327,Grocery,Rice,11,27.3,330.33,Retail,Online Store,1.1
ORD-00083113,2024-09-08,Region 37,148,Toys,Building Blocks,7,45.96,353.89,SMB,Online Store,1.1
ORD-00845813,2024-09-08,Region 46,141,Books,Novel,5,29.25,160.88,Wholesale,Online Store,1.1
ORD-00592958,2024-09-09,Region 22,108,Apparel,T-Shirt,15,78.98,1303.17,SMB,Retail,1.1
ORD-00172172,2024-09-09,Region 29,184,Apparel,Jacket,9,78.62,778.34,SMB,Retail,1.1
ORD-00359027,2024-09-09,Region 42,221,Books,Novel,7,20.91,161.01,SMB,Online Store,1.1
ORD-00941565,2024-09-09,Region 24,294,Apparel,Sneakers,10,74.2,816.2,Enterprise,Online Store,1.1
ORD-00757598,2024-09-09,Region 55,62,Toys,Puzzle,15,30.72,506.88,Retail,Online Store,1.1
ORD-00417493,2024-09-10,Region 34,276,Grocery,Milk Powder,12,16.52,218.06,Retail,Retail,1.1
ORD-00658881,2024-09-10,Region 11,333,Grocery,Coffee,17,20.19,377.55,Enterprise,Wholesale,1.1
ORD-00752852,2024-09-10,Region 54,146,Toys,Puzzle,15,47.24,779.46,Retail,Retail,1.1
ORD-00963477,2024-09-10,Region 44,90,Sports,Dumbbells,9,94.96,940.1,SMB,Retail,1.1
ORD-00178870,2024-09-10,Region 50,21,Sports,Treadmill,14,67.34,1037.04,SMB,Retail,1.1
ORD-00957640,2024-09-11,Region 33,380,Home,Lamp,8,165.77,1458.78,Wholesale,Wholesale,1.1
ORD-00311453,2024-09-11,Region 15,336,Apparel,Jeans,19,76.1,1590.49,Enterprise,Retail,1.1
ORD-00388175,2024-09-11,Region 42,292,Beauty,Moisturizer,17,47.04,879.65,SMB,Wholesale,1.1
ORD-00221219,2024-09-11,Region 09,559,Home,Sofa,19,121.78,2545.2,Wholesale,Retail,1.1
ORD-00543429,2024-09-12,Region 36,331,Sports,Water Bottle,19,62.39,1303.95,Retail,Retail,1.1
ORD-00139973,2024-09-12,Region 22,473,Sports,Water Bottle,8,57.13,502.74,Retail,Wholesale,1.1
ORD-00869217,2024-09-12,Region 40,405,Toys,Board Game,15,55.71,919.22,Retail,Online Store,1.1
ORD-00554641,2024-09-13,Region 19,138,Home,Curtains,9,110.41,1093.06,Enterprise,Online Store,1.1
ORD-00669911,2024-09-13,Region 13,423,Home,Blender,5,109.74,603.57,SMB,Online Store,1.1
ORD-00453535,2024-09-14,Region 42,572,Beauty,Moisturizer,20,30.75,676.5,Enterprise,Retail,1.1
ORD-00387629,2024-09-14,Region 05,70,Home,Lamp,11,169.57,2051.8,Wholesale,Online Store,1.1
ORD-00566021,2024-09-14,Region 02,431,Home,Sofa,20,122.94,2704.68,SMB,Retail,1.1
ORD-00039016,2024-09-15,Region 19,149,Toys,Building Blocks,5,44.93,247.12,Retail,Retail,1.1
ORD-00528003,2024-09-15,Region 41,467,Sports,Yoga Mat,15,82.5,1361.25,Wholesale,Online Store,1.1
ORD-00142844,2024-09-15,Region 18,94,Grocery,Cooking Oil,18,18.65,369.27,Wholesale,Wholesale,1.1
ORD-00971065,2024-09-15,Region 53,21,Grocery,Coffee,6,18.01,118.87,SMB,Online Store,1.1
ORD-00050803,2024-09-15,Region 54,105,Sports,Water Bottle,6,87.91,580.21,Enterprise,Online Store,1.1
ORD-00844159,2024-09-16,Region 44,142,Home,Lamp,2,193.85,426.47,Wholesale,Wholesale,1.1
ORD-00726729,2024-09-16,Region 05,209,Books,Textbook,12,34.7,458.04,Wholesale,Wholesale,1.1
ORD-00125456,2024-09-16,Region 48,438,Sports,Yoga Mat,9,98.44,974.56,Wholesale,Retail,1.1
ORD-00399196,2024-09-17,Region 25,201,Books,Novel,6,21.24,140.18,Enterprise,Online Store,1.1
ORD-00144345,2024-09-17,Region 49,241,Grocery,Cooking Oil,14,16.9,260.26,Wholesale,Online Store,1.1
ORD-00855485,2024-09-17,Region 11,528,Electronics,Headphones,3,557.97,1841.3,Retail,Retail,1.1
ORD-00626015,2024-09-17,Region 20,458,Toys,Building Blocks,12,40.41,533.41,Retail,Online Store,1.1
ORD-00975240,2024-09-18,Region 36,320,Books,Journal,8,32.39,285.03,Wholesale,Retail,1.1
ORD-00666769,2024-09-18,Region 26,247,Electronics,Tablet,7,588.53,4531.68,Retail,Online Store,1.1
ORD-00724744,2024-09-19,Region 08,279,Grocery,Milk Powder,1,26.33,28.96,Enterprise,Retail,1.1
ORD-00029530,2024-09-19,Region 01,181,Toys,Board Game,18,45.11,893.18,Enterprise,Retail,1.1
ORD-00689202,2024-09-19,Region 37,320,Sports,Yoga Mat,16,109.35,1924.56,SMB,Retail,1.1
ORD-00491764,2024-09-20,Region 22,595,Toys,Puzzle,8,30.81,271.13,SMB,Online Store,1.1
ORD-00007463,2024-09-20,Region 12,192,Electronics,Tablet,7,371.22,2858.39,SMB,Online Store,1.1
ORD-00016408,2024-09-20,Region 53,568,Apparel,Jacket,14,70.04,1078.62,Enterprise,Retail,1.1
ORD-00317118,2024-09-20,Region 09,439,Grocery,Milk Powder,8,18.69,164.47,Enterprise,Retail,1.1
ORD-00301728,2024-09-20,Region 46,595,Toys,Action Figure,17,48.83,913.12,SMB,Online Store,1.1
ORD-00316178,2024-09-20,Region 12,367,Sports,Yoga Mat,12,110.97,1464.8,SMB,Wholesale,1.1
ORD-00969439,2024-09-20,Region 35,269,Electronics,Laptop,18,459.73,9102.65,Enterprise,Online Store,1.1
ORD-00370535,2024-09-20,Region 01,511,Sports,Yoga Mat,7,104.73,806.42,Wholesale,Retail,1.1
ORD-00068868,2024-09-20,Region 19,418,Electronics,Tablet,18,621.66,12308.87,Enterprise,Retail,1.1
ORD-00723412,2024-09-21,Region 01,321,Beauty,Serum,18,38.41,760.52,Enterprise,Online Store,1.1
ORD-00914398,2024-09-21,Region 38,329,Home,Sofa,12,179.85,2374.02,Retail,Retail,1.1
ORD-00415272,2024-09-22,Region 54,409,Electronics,Tablet,15,437.72,7222.38,Wholesale,Online Store,1.1
ORD-00480994,2024-09-22,Region 12,139,Home,Lamp,18,199.68,3953.66,Retail,Online Store,1.1
ORD-00744599,2024-09-22,Region 16,424,Electronics,Smartphone,8,381.79,3359.75,Enterprise,Retail,1.1
ORD-00144659,2024-09-22,Region 48,578,Home,Lamp,8,144.41,1270.81,Retail,Retail,1.1
ORD-00258160,2024-09-22,Region 08,141,Home,Blender,6,117.68,776.69,Wholesale,Online Store,1.1
ORD-00091889,2024-09-23,Region 16,220,Home,Sofa,15,151.6,2501.4,Enterprise,Retail,1.1
ORD-00695539,2024-09-23,Region 19,235,Apparel,Jacket,14,59.49,916.15,SMB,Retail,1.1
ORD-00673532,2024-09-24,Region 30,198,Beauty,Serum,18,27.7,548.46,Enterprise,Wholesale,1.1
ORD-00183939,2024-09-24,Region 29,579,Beauty,Shampoo,1,34.93,38.42,Retail,Wholesale,1.1
ORD-00872324,2024-09-24,Region 32,330,Beauty,Shampoo,3,32.9,108.57,SMB,Retail,1.1
ORD-00462369,2024-09-24,Region 21,249,Books,Journal,9,18.12,179.39,SMB,Wholesale,1.1
ORD-00717435,2024-09-25,Region 35,374,Home,Lamp,11,109.42,1323.98,Retail,Wholesale,1.1
ORD-00472867,2024-09-25,Region 05,43,Grocery,Cooking Oil,11,27.96,338.32,Retail,Online Store,1.1
ORD-00623985,2024-09-25,Region 01,234,Electronics,Laptop,5,536.9,2952.95,Retail,Wholesale,1.1
ORD-00808146,2024-09-26,Region 20,556,Electronics,Laptop,4,462.01,2032.84,Retail,Online Store,1.1
ORD-00911536,2024-09-26,Region 22,531,Electronics,Tablet,6,551.03,3636.8,SMB,Retail,1.1
ORD-00859618,2024-09-26,Region 19,214,Sports,Dumbbells,10,64.5,709.5,SMB,Retail,1.1
ORD-00170370,2024-09-26,Region 49,163,Apparel,Jeans,18,46.84,927.43,Enterprise,Wholesale,1.1
ORD-00987905,2024-09-26,Region 33,169,Electronics,Laptop,3,384.12,1267.6,SMB,Retail,1.1
ORD-00758444,2024-09-26,Region 26,360,Grocery,Cooking Oil,5,24.12,132.66,SMB,Wholesale,1.1
ORD-00701656,2024-09-27,Region 44,305,Home,Blender,1,205.58,226.14,Retail,Online Store,1.1
ORD-00156708,2024-09-27,Region 16,112,Sports,Dumbbells,17,81.01,1514.89,Retail,Online Store,1.1
ORD-00782231,2024-09-27,Region 14,478,Electronics,Smartphone,1,451.61,496.77,SMB,Online Store,1.1
ORD-00657608,2024-09-27,Region 22,450,Beauty,Moisturizer,10,43.54,478.94,SMB,Online Store,1.1
ORD-00591332,2024-09-29,Region 29,45,Grocery,Rice,7,26.37,203.05,SMB,Online Store,1.1
ORD-00809984,2024-09-29,Region 27,582,Sports,Water Bottle,15,60.69,1001.38,Enterprise,Retail,1.1
ORD-00671354,2024-09-29,Region 01,373,Grocery,Rice,10,15.07,165.77,SMB,Online Store,1.1
ORD-00499228,2024-09-29,Region 53,116,Home,Lamp,4,200.65,882.86,Wholesale,Retail,1.1
ORD-00329907,2024-09-29,Region 42,292,Apparel,T-Shirt,2,76.68,168.7,SMB,Retail,1.1
ORD-00763198,2024-09-29,Region 09,158,Sports,Water Bottle,12,92.45,1220.34,Retail,Retail,1.1
ORD-00773491,2024-09-29,Region 35,118,Toys,Action Figure,15,48.89,806.68,Wholesale,Online Store,1.1
ORD-00418655,2024-09-30,Region 21,120,Sports,Treadmill,14,83.61,1287.59,Enterprise,Wholesale,1.1
ORD-00108149,2024-09-30,Region 27,98,Books,Journal,5,29.75,163.62,Wholesale,Online Store,1.1
ORD-00841872,2024-09-30,Region 46,13,Toys,Puzzle,16,55.74,981.02,Retail,Retail,1.1
ORD-00888211,2024-09-30,Region 10,116,Books,Novel,18,20.63,408.47,Wholesale,Wholesale,1.1
ORD-00951440,2024-09-30,Region 32,150,Home,Blender,18,134.01,2653.4,Wholesale,Online Store,1.1
ORD-00352907,2024-09-30,Region 44,346,Home,Blender,9,202.79,2007.62,SMB,Online Store,1.1
ORD-00129429,2024-09-30,Region 34,86,Books,Journal,7,33.56,258.41,Enterprise,Wholesale,1.1
ORD-00488856,2024-10-01,Region 14,88,Grocery,Cooking Oil,3,14.53,47.95,Wholesale,Online Store,1.1
ORD-00227344,2024-10-01,Region 12,435,Toys,Building Blocks,20,36.01,792.22,Wholesale,Retail,1.1
ORD-00463455,2024-10-01,Region 18,116,Apparel,T-Shirt,7,83.47,642.72,Enterprise,Retail,1.1
ORD-00862459,2024-10-02,Region 37,441,Toys,Action Figure,8,53.74,472.91,SMB,Wholesale,1.1
ORD-00789555,2024-10-02,Region 40,97,Books,Textbook,13,29.72,425.0,Enterprise,Online Store,1.1
ORD-00831317,2024-10-02,Region 42,422,Grocery,Milk Powder,4,15.31,67.36,Enterprise,Online Store,1.1
ORD-00270768,2024-10-03,Region 40,77,Apparel,T-Shirt,11,66.89,809.37,Wholesale,Wholesale,1.1
ORD-00456675,2024-10-04,Region 06,600,Home,Blender,16,112.44,1978.94,Enterprise,Wholesale,1.1
ORD-00330766,2024-10-04,Region 19,268,Books,Cookbook,18,19.94,394.81,SMB,Wholesale,1.1
ORD-00832048,2024-10-04,Region 03,330,Beauty,Lipstick,13,32.3,461.89,Retail,Wholesale,1.1
ORD-00196613,2024-10-04,Region 31,200,Home,Curtains,1,147.94,162.73,SMB,Wholesale,1.1
ORD-00124822,2024-10-04,Region 02,433,Toys,Action Figure,12,38.72,511.1,SMB,Retail,1.1
ORD-00320707,2024-10-04,Region 05,91,Apparel,Jacket,6,71.34,470.84,Wholesale,Wholesale,1.1
ORD-00210680,2024-10-04,Region 14,369,Books,Novel,18,30.01,594.2,Wholesale,Retail,1.1
ORD-00639772,2024-10-04,Region 15,279,Grocery,Coffee,13,21.27,304.16,Enterprise,Retail,1.1
ORD-00019038,2024-10-04,Region 16,31,Books,Novel,4,32.66,143.7,SMB,Retail,1.1
ORD-00526677,2024-10-05,Region 55,296,Grocery,Rice,16,23.73,417.65,Wholesale,Retail,1.1
ORD-00459877,2024-10-05,Region 11,108,Toys,Puzzle,7,43.89,337.95,SMB,Wholesale,1.1
ORD-00337357,2024-10-05,Region 41,386,Beauty,Moisturizer,14,36.08,555.63,SMB,Online Store,1.1
ORD-00904917,2024-10-06,Region 35,485,Books,Textbook,7,30.73,236.62,SMB,Online Store,1.1
ORD-00305314,2024-10-06,Region 45,582,Home,Sofa,9,200.44,1984.36,Retail,Wholesale,1.1
ORD-00180873,2024-10-06,Region 22,538,Home,Lamp,10,150.55,1656.05,Wholesale,Wholesale,1.1
ORD-00311740,2024-10-06,Region 26,34,Home,Sofa,10,139.24,1531.64,Retail,Wholesale,1.1
ORD-00003519,2024-10-07,Region 05,322,Sports,Yoga Mat,8,71.52,629.38,Retail,Retail,1.1
ORD-00324914,2024-10-07,Region 03,54,Apparel,Sneakers,8,46.45,408.76,Retail,Retail,1.1
ORD-00477955,2024-10-07,Region 29,551,Electronics,Smartphone,13,678.51,9702.69,Retail,Wholesale,1.1
ORD-00724262,2024-10-07,Region 24,429,Grocery,Milk Powder,2,17.59,38.7,SMB,Wholesale,1.1
ORD-00959350,2024-10-07,Region 44,553,Apparel,Jacket,8,42.98,378.22,SMB,Online Store,1.1
ORD-00405080,2024-10-07,Region 50,362,Beauty,Moisturizer,6,29.58,195.23,SMB,Online Store,1.1
ORD-00474264,2024-10-08,Region 47,100,Toys,Board Game,1,33.5,36.85,Retail,Wholesale,1.1
ORD-00767573,2024-10-08,Region 13,25,Sports,Dumbbells,6,69.41,458.11,Enterprise,Retail,1.1
ORD-00250209,2024-10-08,Region 35,441,Toys,Puzzle,4,53.24,234.26,Enterprise,Online Store,1.1
ORD-00967910,2024-10-08,Region 36,53,Sports,Yoga Mat,16,85.64,1507.26,Enterprise,Wholesale,1.1
ORD-00010848,2024-10-08,Region 24,319,Home,Blender,7,133.04,1024.41,Wholesale,Retail,1.1
ORD-00485840,2024-10-08,Region 52,156,Apparel,Sneakers,7,76.14,586.28,Retail,Retail,1.1
ORD-00741443,2024-10-09,Region 52,506,Electronics,Laptop,18,540.45,10700.91,Wholesale,Wholesale,1.1
ORD-00875397,2024-10-09,Region 36,143,Toys,Puzzle,19,36.61,765.15,Enterprise,Retail,1.1
ORD-00460939,2024-10-09,Region 24,27,Electronics,Laptop,7,613.99,4727.72,Wholesale,Online Store,1.1
ORD-00897520,2024-10-09,Region 52,509,Beauty,Serum,17,37.35,698.44,Retail,Retail,1.1
ORD-00906522,2024-10-09,Region 16,532,Electronics,Laptop,6,459.01,3029.47,Retail,Retail,1.1
ORD-00019415,2024-10-09,Region 30,490,Apparel,Jeans,1,43.26,47.59,Retail,Retail,1.1
ORD-00804834,2024-10-09,Region 01,387,Books,Cookbook,10,25.18,276.98,SMB,Online Store,1.1
ORD-00975396,2024-10-10,Region 06,482,Toys,Puzzle,3,46.82,154.51,Wholesale,Retail,1.1
ORD-00942282,2024-10-10,Region 45,275,Toys,Board Game,1,30.33,33.36,Enterprise,Retail,1.1
ORD-00160613,2024-10-10,Region 36,356,Beauty,Lipstick,2,47.58,104.68,Retail,Retail,1.1
ORD-00902296,2024-10-10,Region 24,559,Electronics,Headphones,2,503.23,1107.11,Retail,Online Store,1.1
ORD-00202518,2024-10-10,Region 09,271,Electronics,Tablet,6,464.59,3066.29,SMB,Wholesale,1.1
ORD-00575308,2024-10-11,Region 36,277,Apparel,Jacket,19,71.81,1500.83,Wholesale,Retail,1.1
ORD-00179093,2024-10-11,Region 50,230,Books,Journal,3,18.12,59.8,Wholesale,Retail,1.1
ORD-00803769,2024-10-11,Region 52,520,Electronics,Tablet,11,635.34,7687.61,Retail,Retail,1.1
ORD-00579405,2024-10-11,Region 26,53,Toys,Puzzle,12,49.86,658.15,Retail,Wholesale,1.1
ORD-00913148,2024-10-12,Region 03,325,Toys,Puzzle,13,50.77,726.01,Enterprise,Retail,1.1
ORD-00416777,2024-10-12,Region 19,454,Home,Lamp,12,165.33,2182.36,Enterprise,Retail,1.1
ORD-00098605,2024-10-12,Region 50,73,Sports,Dumbbells,8,82.07,722.22,Enterprise,Online Store,1.1
ORD-00850722,2024-10-12,Region 18,255,Books,Novel,19,23.27,486.34,Wholesale,Retail,1.1
ORD-00134924,2024-10-12,Region 20,415,Electronics,Headphones,16,514.98,9063.65,Enterprise,Wholesale,1.1
ORD-00267482,2024-10-13,Region 23,307,Sports,Treadmill,16,69.47,1222.67,Wholesale,Online Store,1.1
ORD-00148286,2024-10-13,Region 43,206,Toys,Building Blocks,6,34.89,230.27,Retail,Wholesale,1.1
ORD-00068878,2024-10-14,Region 22,499,Grocery,Coffee,15,27.76,458.04,SMB,Retail,1.1
ORD-00299078,2024-10-14,Region 43,415,Grocery,Milk Powder,8,25.11,220.97,Wholesale,Retail,1.1
ORD-00467427,2024-10-14,Region 46,23,Books,Cookbook,17,28.49,532.76,SMB,Online Store,1.1
ORD-00374327,2024-10-14,Region 28,554,Electronics,Tablet,3,639.66,2110.88,Retail,Retail,1.1
ORD-00066118,2024-10-14,Region 36,327,Toys,Board Game,11,31.64,382.84,SMB,Wholesale,1.1
ORD-00247607,2024-10-14,Region 47,119,Books,Cookbook,17,32.36,605.13,SMB,Retail,1.1
ORD-00279994,2024-10-14,Region 52,130,Electronics,Headphones,1,615.41,676.95,Retail,Retail,1.1
ORD-00455730,2024-10-14,Region 43,261,Home,Curtains,14,156.01,2402.55,SMB,Online Store,1.1
ORD-00688455,2024-10-15,Region 31,449,Electronics,Smartphone,8,408.02,3590.58,Enterprise,Wholesale,1.1
ORD-00492131,2024-10-15,Region 09,320,Books,Journal,9,25.03,247.8,Retail,Retail,1.1
ORD-00932335,2024-10-15,Region 41,288,Toys,Action Figure,6,30.34,200.24,Retail,Wholesale,1.1
ORD-00310409,2024-10-16,Region 41,177,Electronics,Laptop,20,378.06,8317.32,Wholesale,Wholesale,1.1
ORD-00754596,2024-10-16,Region 30,89,Sports,Yoga Mat,2,101.61,223.54,Retail,Online Store,1.1
ORD-00233554,2024-10-16,Region 10,474,Toys,Board Game,1,47.27,52.0,Retail,Retail,1.1
ORD-00868324,2024-10-17,Region 15,535,Electronics,Headphones,20,698.31,15362.82,Enterprise,Retail,1.1
ORD-00831428,2024-10-17,Region 44,138,Electronics,Tablet,8,404.5,3559.6,SMB,Wholesale,1.1
ORD-00173988,2024-10-17,Region 20,160,Home,Blender,17,166.85,3120.1,Enterprise,Wholesale,1.1
ORD-00945184,2024-10-17,Region 01,198,Grocery,Cooking Oil,11,24.92,301.53,Enterprise,Retail,1.1
ORD-00920813,2024-10-17,Region 39,270,Apparel,Jeans,3,68.43,225.82,Retail,Online Store,1.1
ORD-00124021,2024-10-17,Region 23,542,Home,Blender,14,108.99,1678.45,Retail,Online Store,1.1
ORD-00446920,2024-10-18,Region 24,569,Sports,Dumbbells,3,64.84,213.97,Enterprise,Retail,1.1
ORD-00546944,2024-10-18,Region 27,2,Toys,Board Game,16,32.39,570.06,Enterprise,Wholesale,1.1
ORD-00219381,2024-10-18,Region 24,347,Sports,Yoga Mat,13,65.96,943.23,Retail,Wholesale,1.1
ORD-00246622,2024-10-18,Region 35,513,Electronics,Tablet,10,675.1,7426.1,SMB,Online Store,1.1
ORD-00383652,2024-10-19,Region 23,578,Home,Blender,19,150.23,3139.81,SMB,Retail,1.1
ORD-00072818,2024-10-19,Region 05,391,Apparel,Sneakers,6,83.5,551.1,Wholesale,Online Store,1.1
ORD-00338822,2024-10-19,Region 26,175,Sports,Dumbbells,10,104.8,1152.8,SMB,Wholesale,1.1
ORD-00203546,2024-10-20,Region 30,225,Grocery,Milk Powder,5,22.79,125.34,SMB,Online Store,1.1
ORD-00484334,2024-10-20,Region 14,157,Beauty,Shampoo,17,44.04,823.55,SMB,Wholesale,1.1
ORD-00214540,2024-10-20,Region 37,200,Books,Novel,10,17.95,197.45,Wholesale,Online Store,1.1
ORD-00629197,2024-10-20,Region 02,360,Electronics,Headphones,11,685.98,8300.36,Enterprise,Wholesale,1.1
ORD-00220793,2024-10-21,Region 18,456,Toys,Action Figure,20,34.73,764.06,Retail,Retail,1.1
ORD-00692767,2024-10-21,Region 39,2,Books,Textbook,12,33.78,445.9,Wholesale,Wholesale,1.1
ORD-00120141,2024-10-21,Region 23,130,Toys,Building Blocks,20,41.36,909.92,Enterprise,Online Store,1.1
ORD-00897623,2024-10-21,Region 05,284,Books,Journal,6,17.98,118.67,Wholesale,Online Store,1.1
ORD-00695224,2024-10-22,Region 52,141,Books,Textbook,5,20.82,114.51,Wholesale,Wholesale,1.1
ORD-00476772,2024-10-22,Region 02,592,Books,Cookbook,3,33.67,111.11,Wholesale,Wholesale,1.1
ORD-00071115,2024-10-22,Region 01,305,Apparel,Jacket,1,60.89,66.98,SMB,Wholesale,1.1
ORD-00021619,2024-10-22,Region 02,251,Home,Curtains,7,174.99,1347.42,Retail,Retail,1.1
ORD-00374502,2024-10-22,Region 33,355,Home,Blender,9,180.48,1786.75,Wholesale,Online Store,1.1
ORD-00589550,2024-10-22,Region 12,205,Grocery,Coffee,17,14.47,270.59,SMB,Wholesale,1.1
ORD-00660093,2024-10-23,Region 24,20,Electronics,Laptop,2,454.91,1000.8,Wholesale,Retail,1.1
ORD-00460180,2024-10-23,Region 41,361,Books,Novel,1,26.65,29.32,SMB,Retail,1.1
ORD-00334559,2024-10-23,Region 46,474,Grocery,Cooking Oil,3,23.12,76.3,SMB,Wholesale,1.1
ORD-00813318,2024-10-23,Region 22,308,Apparel,T-Shirt,1,82.89,91.18,Enterprise,Online Store,1.1
ORD-00102876,2024-10-24,Region 13,224,Apparel,Sneakers,14,55.78,859.01,Enterprise,Online Store,1.1
ORD-00232716,2024-10-24,Region 30,598,Electronics,Headphones,18,490.49,9711.7,Enterprise,Online Store,1.1
ORD-00294817,2024-10-25,Region 04,413,Sports,Treadmill,7,83.42,642.33,Retail,Online Store,1.1
ORD-00336203,2024-10-25,Region 27,486,Beauty,Serum,10,34.62,380.82,Wholesale,Wholesale,1.1
ORD-00701082,2024-10-25,Region 09,476,Apparel,Jacket,15,70.18,1157.97,Retail,Wholesale,1.1
ORD-00881261,2024-10-25,Region 07,197,Home,Blender,11,120.15,1453.82,Retail,Retail,1.1
ORD-00876582,2024-10-25,Region 02,403,Beauty,Shampoo,4,48.19,212.04,Wholesale,Retail,1.1
ORD-00786835,2024-10-25,Region 29,307,Electronics,Smartphone,10,554.79,6102.69,SMB,Wholesale,1.1
ORD-00935376,2024-10-26,Region 18,67,Electronics,Laptop,12,661.13,8726.92,Wholesale,Wholesale,1.1
ORD-00894649,2024-10-26,Region 28,290,Books,Journal,9,30.1,297.99,SMB,Online Store,1.1
ORD-00320502,2024-10-26,Region 01,338,Books,Journal,11,31.03,375.46,Wholesale,Online Store,1.1
ORD-00158683,2024-10-27,Region 08,593,Electronics,Tablet,18,418.67,8289.67,Enterprise,Online Store,1.1
ORD-00161305,2024-10-27,Region 35,442,Beauty,Moisturizer,2,39.72,87.38,Retail,Wholesale,1.1
ORD-00271555,2024-10-27,Region 17,1,Electronics,Laptop,4,401.56,1766.86,Enterprise,Retail,1.1
ORD-00628463,2024-10-27,Region 16,68,Grocery,Milk Powder,18,18.3,362.34,Enterprise,Wholesale,1.1
ORD-00235415,2024-10-27,Region 04,586,Beauty,Shampoo,4,47.42,208.65,SMB,Online Store,1.1
ORD-00297712,2024-10-27,Region 20,314,Electronics,Laptop,12,447.68,5909.38,Enterprise,Retail,1.1
ORD-00524693,2024-10-27,Region 29,541,Apparel,Sneakers,12,81.43,1074.88,Wholesale,Retail,1.1
ORD-00484989,2024-10-28,Region 15,282,Books,Journal,19,21.46,448.51,Retail,Retail,1.1
ORD-00630091,2024-10-28,Region 02,414,Apparel,Jeans,15,68.43,1129.1,Wholesale,Online Store,1.1
ORD-00314199,2024-10-28,Region 24,235,Beauty,Lipstick,20,31.21,686.62,Retail,Wholesale,1.1
ORD-00722786,2024-10-28,Region 54,320,Beauty,Shampoo,4,47.99,211.16,Retail,Retail,1.1
ORD-00987704,2024-10-28,Region 22,263,Grocery,Rice,14,14.11,217.29,Enterprise,Wholesale,1.1
ORD-00095022,2024-10-28,Region 33,407,Sports,Treadmill,11,90.14,1090.69,Retail,Retail,1.1
ORD-00497789,2024-10-29,Region 43,350,Books,Cookbook,7,33.87,260.8,Wholesale,Online Store,1.1
ORD-00716008,2024-10-29,Region 09,260,Sports,Treadmill,17,76.59,1432.23,Wholesale,Retail,1.1
ORD-00013373,2024-10-29,Region 51,570,Grocery,Rice,20,27.23,599.06,SMB,Online Store,1.1
ORD-00437875,2024-10-30,Region 31,189,Home,Lamp,8,147.27,1295.98,SMB,Retail,1.1
ORD-00707787,2024-10-30,Region 32,569,Sports,Water Bottle,7,92.98,715.95,SMB,Retail,1.1
ORD-00518289,2024-10-31,Region 19,492,Beauty,Moisturizer,10,46.7,513.7,Retail,Wholesale,1.1
ORD-00569924,2024-10-31,Region 05,355,Sports,Yoga Mat,7,62.21,479.02,Wholesale,Wholesale,1.1
ORD-00740837,2024-11-01,Region 06,436,Home,Blender,1,113.16,130.7,Retail,Retail,1.155
ORD-00695258,2024-11-01,Region 41,292,Toys,Action Figure,12,30.93,428.69,SMB,Retail,1.155
ORD-00488469,2024-11-01,Region 21,316,Home,Sofa,10,186.6,2155.23,SMB,Retail,1.155
ORD-00675477,2024-11-01,Region 11,333,Apparel,Jacket,1,55.96,64.63,Enterprise,Retail,1.155
ORD-00349646,2024-11-01,Region 27,420,Electronics,Laptop,19,423.6,9295.9,Enterprise,Retail,1.155
ORD-00520090,2024-11-01,Region 27,222,Electronics,Tablet,20,430.09,9935.08,Retail,Wholesale,1.155
ORD-00925259,2024-11-01,Region 44,308,Sports,Dumbbells,11,77.89,989.59,Retail,Retail,1.155
ORD-00566078,2024-11-02,Region 45,388,Home,Curtains,15,167.43,2900.72,SMB,Retail,1.155
ORD-00469957,2024-11-02,Region 13,250,Home,Lamp,6,177.3,1228.69,SMB,Online Store,1.155
ORD-00386175,2024-11-02,Region 04,342,Home,Lamp,1,178.93,206.66,Enterprise,Wholesale,1.155
ORD-00705775,2024-11-02,Region 49,580,Electronics,Smartphone,1,488.23,563.91,Retail,Online Store,1.155
ORD-00813743,2024-11-02,Region 03,352,Beauty,Moisturizer,12,36.49,505.75,Enterprise,Online Store,1.155
ORD-00980738,2024-11-02,Region 50,523,Beauty,Serum,8,37.58,347.24,Retail,Wholesale,1.155
ORD-00831952,2024-11-03,Region 42,302,Electronics,Laptop,15,523.6,9071.37,Wholesale,Wholesale,1.155
ORD-00808803,2024-11-03,Region 25,279,Electronics,Laptop,2,609.54,1408.04,Retail,Wholesale,1.155
ORD-00053982,2024-11-03,Region 51,259,Beauty,Shampoo,20,45.33,1047.12,Wholesale,Retail,1.155
ORD-00556556,2024-11-03,Region 37,188,Home,Curtains,6,202.27,1401.73,Retail,Retail,1.155
ORD-00381823,2024-11-04,Region 19,357,Sports,Yoga Mat,13,111.21,1669.82,Retail,Retail,1.155
ORD-00789603,2024-11-04,Region 21,315,Apparel,Jacket,20,76.36,1763.92,SMB,Online Store,1.155
ORD-00560543,2024-11-04,Region 21,6,Electronics,Tablet,17,368.73,7240.01,SMB,Wholesale,1.155
ORD-00048352,2024-11-04,Region 19,458,Toys,Building Blocks,10,53.95,623.12,SMB,Online Store,1.155
ORD-00084113,2024-11-04,Region 46,54,Grocery,Milk Powder,17,24.54,481.84,Retail,Wholesale,1.155
ORD-00294103,2024-11-04,Region 03,505,Home,Lamp,18,159.45,3314.97,Wholesale,Wholesale,1.155
ORD-00967113,2024-11-04,Region 22,455,Home,Sofa,10,127.18,1468.93,Retail,Retail,1.155
ORD-00508393,2024-11-04,Region 29,553,Home,Sofa,16,153.42,2835.2,Retail,Retail,1.155
ORD-00963839,2024-11-04,Region 10,118,Toys,Action Figure,8,35.43,327.37,Retail,Retail,1.155
ORD-00160936,2024-11-05,Region 09,547,Home,Lamp,4,175.89,812.61,Enterprise,Retail,1.155
ORD-00542972,2024-11-05,Region 44,531,Books,Cookbook,15,25.25,437.46,Retail,Wholesale,1.155
ORD-00822359,2024-11-06,Region 46,4,Home,Sofa,6,133.63,926.06,Retail,Wholesale,1.155
ORD-00521681,2024-11-06,Region 21,378,Electronics,Laptop,13,372.77,5597.14,Enterprise,Online Store,1.155
ORD-00532604,2024-11-06,Region 53,7,Beauty,Serum,11,41.74,530.31,Enterprise,Wholesale,1.155
ORD-00801019,2024-11-06,Region 21,585,Sports,Yoga Mat,11,66.89,849.84,SMB,Wholesale,1.155
ORD-00250229,2024-11-06,Region 36,515,Apparel,Jeans,19,52.19,1145.31,Wholesale,Wholesale,1.155
ORD-00477598,2024-11-06,Region 34,492,Grocery,Coffee,5,16.11,93.04,SMB,Wholesale,1.155
ORD-00409765,2024-11-07,Region 45,369,Electronics,Laptop,9,394.14,4097.09,SMB,Retail,1.155
ORD-00541877,2024-11-07,Region 37,4,Grocery,Cooking Oil,2,15.58,35.99,SMB,Online Store,1.155
ORD-00625402,2024-11-07,Region 08,495,Beauty,Lipstick,20,27.42,633.4,Retail,Retail,1.155
ORD-00835139,2024-11-07,Region 39,396,Home,Sofa,13,203.96,3062.46,Enterprise,Online Store,1.155
ORD-00945547,2024-11-07,Region 47,454,Toys,Building Blocks,8,40.36,372.93,SMB,Online Store,1.155
ORD-00113212,2024-11-08,Region 42,267,Toys,Board Game,16,51.27,947.47,Enterprise,Wholesale,1.155
ORD-00244299,2024-11-08,Region 45,185,Home,Sofa,3,169.59,587.63,Retail,Wholesale,1.155
ORD-00298093,2024-11-08,Region 44,435,Sports,Treadmill,13,57.51,863.51,Retail,Retail,1.155
ORD-00623394,2024-11-09,Region 44,345,Electronics,Headphones,17,494.49,9709.31,Enterprise,Wholesale,1.155
ORD-00843178,2024-11-09,Region 22,453,Toys,Board Game,19,43.72,959.44,Wholesale,Wholesale,1.155
ORD-00517385,2024-11-09,Region 47,381,Sports,Water Bottle,15,97.16,1683.3,Enterprise,Retail,1.155
ORD-00001929,2024-11-09,Region 48,32,Home,Sofa,19,120.2,2637.79,Wholesale,Retail,1.155
ORD-00298299,2024-11-09,Region 10,456,Apparel,Jeans,1,82.25,95.0,Retail,Online Store,1.155
ORD-00619037,2024-11-10,Region 14,554,Home,Blender,1,173.3,200.16,Retail,Online Store,1.155
ORD-00820837,2024-11-10,Region 05,268,Grocery,Milk Powder,7,27.31,220.8,Enterprise,Retail,1.155
ORD-00647865,2024-11-10,Region 14,597,Toys,Puzzle,11,36.39,462.33,SMB,Online Store,1.155
ORD-00040937,2024-11-11,Region 11,490,Toys,Building Blocks,14,55.09,890.81,Retail,Wholesale,1.155
ORD-00938812,2024-11-11,Region 03,357,Sports,Water Bottle,15,95.55,1655.4,Retail,Retail,1.155
ORD-00573677,2024-11-11,Region 13,439,Toys,Puzzle,16,35.51,656.22,Enterprise,Wholesale,1.155
ORD-00152190,2024-11-12,Region 26,466,Sports,Yoga Mat,16,62.79,1160.36,Retail,Online Store,1.155
ORD-00211718,2024-11-12,Region 31,68,Apparel,T-Shirt,13,65.16,978.38,Enterprise,Retail,1.155
ORD-00529828,2024-11-12,Region 50,279,Electronics,Headphones,16,634.86,11732.21,Wholesale,Online Store,1.155
ORD-00556517,2024-11-13,Region 30,501,Apparel,Sneakers,20,63.93,1476.78,SMB,Retail,1.155
ORD-00417953,2024-11-13,Region 37,392,Apparel,Jacket,5,49.73,287.19,Wholesale,Retail,1.155
ORD-00323914,2024-11-13,Region 28,49,Home,Lamp,4,154.54,713.97,Wholesale,Wholesale,1.155
ORD-00660057,2024-11-13,Region 04,589,Books,Cookbook,11,22.81,289.8,Retail,Online Store,1.155
ORD-00252504,2024-11-14,Region 28,251,Electronics,Smartphone,2,564.85,1304.8,Retail,Online Store,1.155
ORD-00428551,2024-11-14,Region 50,326,Grocery,Coffee,12,19.32,267.78,Enterprise,Online Store,1.155
ORD-00511526,2024-11-14,Region 33,75,Electronics,Laptop,13,578.92,8692.48,Enterprise,Online Store,1.155
ORD-00627063,2024-11-15,Region 05,453,Electronics,Headphones,14,572.66,9259.91,Wholesale,Online Store,1.155
ORD-00405415,2024-11-15,Region 08,138,Home,Blender,8,180.52,1668.0,Retail,Wholesale,1.155
ORD-00917819,2024-11-16,Region 42,582,Home,Sofa,14,190.54,3081.03,Enterprise,Retail,1.155
ORD-00444936,2024-11-16,Region 44,299,Electronics,Tablet,5,636.79,3677.46,Enterprise,Retail,1.155
ORD-00165679,2024-11-16,Region 34,63,Sports,Dumbbells,4,106.65,492.72,Enterprise,Wholesale,1.155
ORD-00365301,2024-11-16,Region 04,313,Electronics,Smartphone,4,605.31,2796.53,Retail,Wholesale,1.155
ORD-00424470,2024-11-16,Region 50,116,Electronics,Laptop,9,623.77,6484.09,Wholesale,Online Store,1.155
ORD-00822245,2024-11-16,Region 29,76,Grocery,Rice,10,18.37,212.17,Retail,Wholesale,1.155
ORD-00178392,2024-11-16,Region 53,552,Beauty,Lipstick,20,37.78,872.72,Enterprise,Wholesale,1.155
ORD-00439055,2024-11-16,Region 12,28,Apparel,Sneakers,7,57.82,467.47,Retail,Online Store,1.155
ORD-00581306,2024-11-17,Region 51,31,Apparel,Sneakers,19,55.66,1221.46,Wholesale,Wholesale,1.155
ORD-00841962,2024-11-17,Region 22,508,Grocery,Coffee,3,22.2,76.92,SMB,Retail,1.155
ORD-00521003,2024-11-17,Region 02,481,Home,Curtains,12,183.32,2540.82,Enterprise,Online Store,1.155
ORD-00751171,2024-11-17,Region 15,488,Grocery,Rice,16,21.37,394.92,Retail,Online Store,1.155
ORD-00695067,2024-11-17,Region 14,503,Sports,Yoga Mat,4,56.22,259.74,Enterprise,Online Store,1.155
ORD-00041764,2024-11-18,Region 23,9,Grocery,Coffee,4,27.9,128.9,Enterprise,Wholesale,1.155
ORD-00901728,2024-11-18,Region 01,237,Apparel,Jacket,11,59.32,753.66,Wholesale,Online Store,1.155
ORD-00255935,2024-11-18,Region 21,542,Home,Blender,6,124.8,864.86,SMB,Wholesale,1.155
ORD-00638737,2024-11-18,Region 04,293,Grocery,Cooking Oil,8,24.92,230.26,Wholesale,Retail,1.155
ORD-00868951,2024-11-18,Region 54,271,Home,Sofa,1,118.88,137.31,Retail,Online Store,1.155
ORD-00946299,2024-11-18,Region 36,134,Beauty,Lipstick,12,42.69,591.68,Enterprise,Wholesale,1.155
ORD-00341114,2024-11-19,Region 29,356,Beauty,Serum,3,41.89,145.15,SMB,Wholesale,1.155
ORD-00923502,2024-11-19,Region 18,455,Apparel,T-Shirt,2,80.08,184.98,SMB,Wholesale,1.155
ORD-00765657,2024-11-19,Region 24,144,Home,Curtains,1,105.61,121.98,Enterprise,Retail,1.155
ORD-00002362,2024-11-20,Region 44,298,Grocery,Rice,15,26.66,461.88,Enterprise,Wholesale,1.155
ORD-00512623,2024-11-20,Region 43,254,Sports,Yoga Mat,17,75.95,1491.28,Wholesale,Wholesale,1.155
ORD-00915353,2024-11-20,Region 38,562,Apparel,Jacket,19,66.02,1448.81,SMB,Online Store,1.155
ORD-00150874,2024-11-20,Region 06,86,Books,Cookbook,20,19.68,454.61,Retail,Online Store,1.155
ORD-00619135,2024-11-21,Region 21,103,Home,Curtains,18,143.56,2984.61,Enterprise,Wholesale,1.155
ORD-00982220,2024-11-21,Region 13,585,Books,Journal,12,26.94,373.39,Enterprise,Retail,1.155
ORD-00257568,2024-11-21,Region 04,595,Apparel,Jacket,5,54.23,313.18,SMB,Retail,1.155
ORD-00634536,2024-11-22,Region 09,343,Sports,Water Bottle,3,82.71,286.59,Retail,Retail,1.155
ORD-00250524,2024-11-22,Region 44,350,Books,Textbook,11,18.05,229.33,SMB,Wholesale,1.155
ORD-00358790,2024-11-22,Region 04,214,Grocery,Cooking Oil,7,24.22,195.82,Enterprise,Retail,1.155
ORD-00511985,2024-11-22,Region 01,35,Grocery,Milk Powder,3,23.28,80.67,Enterprise,Online Store,1.155
ORD-00639373,2024-11-23,Region 07,566,Sports,Yoga Mat,12,79.77,1105.61,Wholesale,Online Store,1.155
ORD-00386814,2024-11-23,Region 48,288,Home,Sofa,12,123.16,1707.0,Enterprise,Online Store,1.155
ORD-00171516,2024-11-23,Region 09,368,Books,Journal,18,25.37,527.44,Retail,Wholesale,1.155
ORD-00095125,2024-11-24,Region 01,270,Electronics,Headphones,15,539.43,9345.62,Retail,Retail,1.155
ORD-00772977,2024-11-24,Region 54,368,Grocery,Rice,13,26.14,392.49,SMB,Wholesale,1.155
ORD-00150447,2024-11-24,Region 51,292,Apparel,Jeans,15,74.57,1291.93,Wholesale,Online Store,1.155
ORD-00857842,2024-11-25,Region 36,134,Electronics,Smartphone,7,616.0,4980.36,Wholesale,Online Store,1.155
ORD-00388073,2024-11-25,Region 44,444,Books,Textbook,7,19.12,154.59,Wholesale,Wholesale,1.155
ORD-00618569,2024-11-25,Region 45,27,Apparel,Jacket,11,46.49,590.66,Retail,Online Store,1.155
ORD-00360635,2024-11-26,Region 49,292,Beauty,Moisturizer,3,32.58,112.89,Wholesale,Online Store,1.155
ORD-00719678,2024-11-26,Region 40,154,Toys,Action Figure,19,52.21,1145.75,Retail,Retail,1.155
ORD-00272220,2024-11-26,Region 40,335,Toys,Action Figure,3,47.25,163.72,Wholesale,Online Store,1.155
ORD-00583674,2024-11-26,Region 14,460,Books,Textbook,11,22.16,281.54,Enterprise,Retail,1.155
ORD-00065189,2024-11-27,Region 46,128,Home,Sofa,8,166.89,1542.06,Enterprise,Online Store,1.155
ORD-00631638,2024-11-27,Region 20,150,Beauty,Serum,5,25.57,147.67,Enterprise,Retail,1.155
ORD-00694628,2024-11-27,Region 40,24,Home,Sofa,9,136.13,1415.07,Wholesale,Retail,1.155
ORD-00976859,2024-11-27,Region 13,121,Electronics,Tablet,9,500.24,5199.99,Retail,Online Store,1.155
ORD-00986505,2024-11-27,Region 47,339,Grocery,Cooking Oil,1,23.67,27.34,SMB,Retail,1.155
ORD-00367470,2024-11-27,Region 02,158,Sports,Dumbbells,4,90.92,420.05,Retail,Retail,1.155
ORD-00907746,2024-11-27,Region 30,377,Toys,Action Figure,5,28.25,163.14,Retail,Retail,1.155
ORD-00154008,2024-11-28,Region 29,106,Electronics,Tablet,12,629.68,8727.36,Wholesale,Wholesale,1.155
ORD-00231681,2024-11-28,Region 13,466,Books,Textbook,7,17.77,143.67,SMB,Online Store,1.155
ORD-00526118,2024-11-28,Region 43,151,Toys,Action Figure,8,39.37,363.78,SMB,Retail,1.155
ORD-00508348,2024-11-28,Region 41,383,Grocery,Cooking Oil,18,27.37,569.02,Wholesale,Wholesale,1.155
ORD-00753609,2024-11-28,Region 36,33,Electronics,Tablet,15,452.35,7836.96,Wholesale,Online Store,1.155
ORD-00936008,2024-11-28,Region 40,301,Electronics,Laptop,10,556.96,6432.89,Enterprise,Wholesale,1.155
ORD-00006424,2024-11-29,Region 26,504,Beauty,Serum,19,33.71,739.77,Enterprise,Online Store,1.155
ORD-00563999,2024-11-29,Region 48,157,Sports,Dumbbells,12,94.29,1306.86,SMB,Retail,1.155
ORD-00921914,2024-11-29,Region 51,575,Toys,Puzzle,14,48.81,789.26,Enterprise,Online Store,1.155
ORD-00596242,2024-11-29,Region 16,571,Toys,Building Blocks,16,36.24,669.72,SMB,Online Store,1.155
ORD-00107320,2024-11-29,Region 08,90,Books,Novel,3,25.84,89.54,Retail,Retail,1.155
ORD-00515015,2024-11-30,Region 10,262,Apparel,Jacket,19,56.08,1230.68,Retail,Wholesale,1.155
ORD-00672107,2024-11-30,Region 45,192,Grocery,Rice,7,15.65,126.53,Retail,Wholesale,1.155
ORD-00549563,2024-11-30,Region 35,585,Electronics,Laptop,12,608.27,8430.62,SMB,Wholesale,1.155
ORD-00827644,2024-12-01,Region 17,558,Sports,Water Bottle,1,70.95,89.75,SMB,Online Store,1.265
ORD-00658426,2024-12-01,Region 03,576,Books,Textbook,19,19.27,463.15,Wholesale,Retail,1.265
ORD-00936762,2024-12-01,Region 14,314,Grocery,Cooking Oil,1,24.86,31.45,Retail,Online Store,1.265
ORD-00773389,2024-12-01,Region 13,380,Grocery,Cooking Oil,11,14.58,202.88,SMB,Online Store,1.265
ORD-00743821,2024-12-02,Region 11,17,Sports,Water Bottle,7,76.15,674.31,Enterprise,Retail,1.265
ORD-00741687,2024-12-02,Region 10,145,Toys,Puzzle,13,52.55,864.18,SMB,Retail,1.265
ORD-00270500,2024-12-02,Region 14,121,Books,Journal,3,30.54,115.9,Enterprise,Retail,1.265
ORD-00134986,2024-12-03,Region 05,394,Grocery,Rice,20,19.32,488.8,Enterprise,Online Store,1.265
ORD-00075776,2024-12-03,Region 13,545,Toys,Action Figure,2,38.4,97.15,Retail,Retail,1.265
ORD-00169959,2024-12-03,Region 40,181,Grocery,Coffee,20,20.34,514.6,Enterprise,Wholesale,1.265
ORD-00056417,2024-12-03,Region 36,76,Toys,Board Game,7,54.67,484.1,Enterprise,Retail,1.265
ORD-00784890,2024-12-03,Region 49,284,Grocery,Cooking Oil,20,24.45,618.58,Wholesale,Wholesale,1.265
ORD-00131914,2024-12-04,Region 48,211,Apparel,Jacket,8,42.67,431.82,Retail,Wholesale,1.265
ORD-00025364,2024-12-05,Region 46,140,Sports,Treadmill,16,74.41,1506.06,SMB,Online Store,1.265
ORD-00786056,2024-12-05,Region 26,87,Home,Blender,13,124.71,2050.86,Retail,Online Store,1.265
ORD-00720397,2024-12-05,Region 34,77,Home,Curtains,13,107.7,1771.13,Retail,Wholesale,1.265
ORD-00460437,2024-12-06,Region 47,38,Books,Cookbook,12,34.29,520.52,SMB,Wholesale,1.265
ORD-00587547,2024-12-06,Region 28,504,Toys,Puzzle,4,31.96,161.72,SMB,Wholesale,1.265
ORD-00427134,2024-12-06,Region 50,389,Toys,Puzzle,3,53.48,202.96,Enterprise,Wholesale,1.265
ORD-00139017,2024-12-06,Region 04,583,Grocery,Rice,20,22.82,577.35,SMB,Online Store,1.265
ORD-00086638,2024-12-06,Region 38,201,Sports,Water Bottle,17,60.01,1290.52,Wholesale,Online Store,1.265
ORD-00120646,2024-12-07,Region 42,34,Grocery,Milk Powder,15,21.71,411.95,Retail,Retail,1.265
ORD-00538596,2024-12-07,Region 40,251,Grocery,Milk Powder,9,23.09,262.88,Wholesale,Retail,1.265
ORD-00376695,2024-12-07,Region 43,423,Apparel,Sneakers,6,81.47,618.36,Retail,Online Store,1.265
ORD-00683047,2024-12-07,Region 06,449,Electronics,Headphones,12,376.54,5715.88,SMB,Online Store,1.265
ORD-00238527,2024-12-07,Region 10,114,Electronics,Smartphone,5,416.79,2636.2,SMB,Wholesale,1.265
ORD-00856492,2024-12-08,Region 44,332,Beauty,Serum,2,27.62,69.88,SMB,Retail,1.265
ORD-00996997,2024-12-08,Region 05,423,Grocery,Cooking Oil,10,14.33,181.27,SMB,Wholesale,1.265
ORD-00519221,2024-12-08,Region 27,216,Sports,Treadmill,11,101.49,1412.23,Wholesale,Online Store,1.265
ORD-00301068,2024-12-08,Region 15,514,Toys,Action Figure,10,43.74,553.31,Retail,Online Store,1.265
ORD-00118209,2024-12-09,Region 37,342,Electronics,Smartphone,3,632.72,2401.17,Wholesale,Online Store,1.265
ORD-00899026,2024-12-09,Region 27,139,Apparel,Jacket,12,49.74,755.05,Retail,Wholesale,1.265
ORD-00600730,2024-12-09,Region 40,371,Home,Blender,4,124.2,628.45,Wholesale,Retail,1.265
ORD-00869632,2024-12-09,Region 20,73,Home,Blender,13,190.44,3131.79,Wholesale,Wholesale,1.265
ORD-00182551,2024-12-10,Region 27,339,Home,Curtains,2,109.26,276.43,Retail,Retail,1.265
ORD-00743990,2024-12-10,Region 49,205,Sports,Dumbbells,15,59.54,1129.77,SMB,Retail,1.265
ORD-00945167,2024-12-11,Region 32,319,Electronics,Laptop,10,446.24,5644.94,Wholesale,Online Store,1.265
ORD-00653887,2024-12-11,Region 24,84,Sports,Water Bottle,3,96.81,367.39,Enterprise,Wholesale,1.265
ORD-00169023,2024-12-11,Region 45,196,Grocery,Rice,15,23.11,438.51,Enterprise,Retail,1.265
ORD-00966308,2024-12-11,Region 08,272,Books,Novel,7,18.7,165.59,Enterprise,Online Store,1.265
ORD-00588932,2024-12-11,Region 27,320,Electronics,Headphones,18,503.72,11469.7,Retail,Wholesale,1.265
ORD-00120215,2024-12-12,Region 29,394,Toys,Puzzle,11,28.24,392.96,SMB,Retail,1.265
ORD-00023722,2024-12-12,Region 32,307,Apparel,Jeans,15,69.19,1312.88,SMB,Wholesale,1.265
ORD-00569589,2024-12-12,Region 54,164,Electronics,Tablet,15,389.67,7393.99,SMB,Online Store,1.265
ORD-00249624,2024-12-13,Region 17,181,Home,Lamp,6,193.42,1468.06,Wholesale,Wholesale,1.265
ORD-00453277,2024-12-13,Region 35,450,Home,Lamp,14,119.51,2116.52,Wholesale,Wholesale,1.265
ORD-00599914,2024-12-13,Region 27,15,Grocery,Rice,9,14.62,166.45,SMB,Retail,1.265
ORD-00970136,2024-12-13,Region 43,226,Home,Lamp,17,129.1,2776.3,Wholesale,Wholesale,1.265
ORD-00170935,2024-12-14,Region 52,528,Beauty,Lipstick,13,30.02,493.68,Retail,Online Store,1.265
ORD-00698632,2024-12-14,Region 22,276,Toys,Board Game,7,42.52,376.51,SMB,Retail,1.265
ORD-00468079,2024-12-14,Region 09,89,Grocery,Rice,15,20.16,382.54,Retail,Retail,1.265
ORD-00688671,2024-12-15,Region 30,323,Grocery,Coffee,17,23.99,515.9,Wholesale,Retail,1.265
ORD-00820127,2024-12-15,Region 28,435,Grocery,Milk Powder,2,21.19,53.61,Wholesale,Wholesale,1.265
ORD-00554887,2024-12-15,Region 21,241,Books,Cookbook,17,23.96,515.26,SMB,Online Store,1.265
ORD-00856078,2024-12-15,Region 33,356,Beauty,Serum,20,38.76,980.63,Retail,Wholesale,1.265
ORD-00136680,2024-12-15,Region 02,194,Books,Cookbook,6,29.17,221.4,Wholesale,Wholesale,1.265
ORD-00367323,2024-12-15,Region 27,187,Home,Lamp,18,130.55,2972.62,Wholesale,Wholesale,1.265
ORD-00934074,2024-12-15,Region 43,96,Grocery,Cooking Oil,13,24.99,410.96,Wholesale,Wholesale,1.265
ORD-00592566,2024-12-15,Region 33,162,Sports,Water Bottle,15,97.54,1850.82,Wholesale,Retail,1.265
ORD-00447399,2024-12-15,Region 13,434,Grocery,Rice,7,22.24,196.94,SMB,Retail,1.265
ORD-00236840,2024-12-16,Region 24,275,Books,Textbook,9,32.25,367.17,Retail,Wholesale,1.265
ORD-00578365,2024-12-16,Region 39,358,Electronics,Smartphone,12,697.21,10583.65,Enterprise,Retail,1.265
ORD-00018958,2024-12-16,Region 35,324,Beauty,Shampoo,10,34.63,438.07,Wholesale,Online Store,1.265
ORD-00900046,2024-12-16,Region 14,328,Home,Lamp,7,177.27,1569.73,Retail,Wholesale,1.265
ORD-00498452,2024-12-16,Region 45,165,Apparel,Jeans,13,45.95,755.65,Wholesale,Online Store,1.265
ORD-00949110,2024-12-17,Region 16,498,Beauty,Moisturizer,15,38.99,739.84,SMB,Retail,1.265
ORD-00188042,2024-12-17,Region 34,278,Electronics,Smartphone,9,625.36,7119.72,Enterprise,Wholesale,1.265
ORD-00319644,2024-12-17,Region 33,563,Apparel,Jacket,13,68.06,1119.25,SMB,Online Store,1.265
ORD-00132176,2024-12-18,Region 04,515,Beauty,Lipstick,9,42.38,482.5,SMB,Online Store,1.265
ORD-00947300,2024-12-18,Region 31,446,Beauty,Moisturizer,6,41.42,314.38,Wholesale,Wholesale,1.265
ORD-00733378,2024-12-18,Region 19,324,Apparel,Jacket,15,58.89,1117.44,Enterprise,Retail,1.265
ORD-00602681,2024-12-18,Region 20,197,Beauty,Serum,3,44.48,168.8,Retail,Retail,1.265
ORD-00699155,2024-12-19,Region 46,103,Books,Novel,3,33.53,127.25,SMB,Wholesale,1.265
ORD-00720512,2024-12-19,Region 27,137,Books,Cookbook,6,21.74,165.01,SMB,Retail,1.265
ORD-00980799,2024-12-19,Region 21,265,Electronics,Smartphone,8,367.52,3719.3,SMB,Online Store,1.265
ORD-00652555,2024-12-19,Region 09,35,Books,Journal,11,32.7,455.02,Wholesale,Retail,1.265
ORD-00439708,2024-12-19,Region 45,591,Beauty,Lipstick,2,30.23,76.48,Retail,Retail,1.265
ORD-00544960,2024-12-19,Region 49,502,Apparel,Jeans,3,46.97,178.25,Retail,Wholesale,1.265
ORD-00294632,2024-12-19,Region 36,548,Grocery,Rice,3,15.88,60.26,SMB,Online Store,1.265
ORD-00780607,2024-12-20,Region 46,180,Electronics,Smartphone,5,384.76,2433.61,Enterprise,Retail,1.265
ORD-00356752,2024-12-20,Region 12,590,Apparel,Jeans,5,77.99,493.29,SMB,Retail,1.265
ORD-00235954,2024-12-20,Region 14,224,Apparel,T-Shirt,9,50.36,573.35,SMB,Wholesale,1.265
ORD-00425682,2024-12-21,Region 53,165,Sports,Yoga Mat,14,100.81,1785.35,SMB,Online Store,1.265
ORD-00864411,2024-12-21,Region 06,418,Electronics,Laptop,8,559.28,5659.91,SMB,Wholesale,1.265
ORD-00408035,2024-12-21,Region 19,176,Grocery,Rice,19,18.27,439.12,Enterprise,Online Store,1.265
ORD-00698918,2024-12-21,Region 19,129,Electronics,Tablet,6,416.04,3157.74,Wholesale,Wholesale,1.265
ORD-00659369,2024-12-21,Region 24,322,Beauty,Lipstick,8,36.27,367.05,SMB,Retail,1.265
ORD-00259149,2024-12-21,Region 16,577,Toys,Building Blocks,6,50.81,385.65,SMB,Online Store,1.265
ORD-00109139,2024-12-21,Region 05,183,Electronics,Tablet,13,563.84,9272.35,Retail,Online Store,1.265
ORD-00043312,2024-12-22,Region 20,362,Apparel,Jeans,17,43.61,937.83,Enterprise,Online Store,1.265
ORD-00933370,2024-12-23,Region 29,54,Home,Lamp,12,202.79,3078.35,SMB,Retail,1.265
ORD-00141116,2024-12-23,Region 18,279,Beauty,Lipstick,7,48.52,429.64,Wholesale,Online Store,1.265
ORD-00532186,2024-12-24,Region 03,586,Books,Textbook,1,29.8,37.7,Wholesale,Online Store,1.265
ORD-00753576,2024-12-24,Region 47,231,Grocery,Cooking Oil,1,19.46,24.62,Enterprise,Retail,1.265
ORD-00603649,2024-12-24,Region 55,74,Grocery,Rice,16,17.49,354.0,Wholesale,Online Store,1.265
ORD-00321779,2024-12-25,Region 46,471,Home,Curtains,3,196.58,746.02,Enterprise,Online Store,1.265
ORD-00897828,2024-12-25,Region 27,518,Books,Journal,15,17.91,339.84,Enterprise,Retail,1.265
ORD-00858256,2024-12-25,Region 41,531,Beauty,Shampoo,7,31.35,277.6,Enterprise,Online Store,1.265
ORD-00895156,2024-12-25,Region 41,35,Toys,Board Game,15,54.44,1033.0,Wholesale,Wholesale,1.265
ORD-00558325,2024-12-25,Region 04,215,Toys,Building Blocks,17,31.99,687.94,Wholesale,Wholesale,1.265
ORD-00852340,2024-12-25,Region 22,356,Home,Lamp,14,134.44,2380.93,Wholesale,Online Store,1.265
ORD-00678708,2024-12-26,Region 03,85,Books,Cookbook,11,27.53,383.08,Enterprise,Online Store,1.265
ORD-00494905,2024-12-26,Region 07,545,Grocery,Coffee,3,21.07,79.96,SMB,Online Store,1.265
ORD-00020832,2024-12-26,Region 54,438,Sports,Yoga Mat,5,80.05,506.32,Wholesale,Wholesale,1.265
ORD-00580939,2024-12-26,Region 31,194,Home,Sofa,11,143.22,1992.91,Enterprise,Wholesale,1.265
ORD-00976503,2024-12-26,Region 55,310,Books,Journal,5,34.71,219.54,Wholesale,Retail,1.265
ORD-00635278,2024-12-26,Region 17,328,Grocery,Rice,17,25.65,551.6,Retail,Wholesale,1.265
ORD-00564961,2024-12-26,Region 47,254,Beauty,Lipstick,5,43.66,276.15,Retail,Wholesale,1.265
ORD-00919286,2024-12-26,Region 40,142,Sports,Yoga Mat,14,62.16,1100.85,SMB,Retail,1.265
ORD-00008985,2024-12-27,Region 09,91,Beauty,Moisturizer,8,47.22,477.87,Enterprise,Retail,1.265
ORD-00649730,2024-12-27,Region 49,43,Home,Lamp,13,183.88,3023.91,Enterprise,Online Store,1.265
ORD-00820061,2024-12-27,Region 30,213,Electronics,Laptop,10,597.53,7558.75,SMB,Online Store,1.265
ORD-00318064,2024-12-27,Region 54,272,Toys,Puzzle,7,47.03,416.45,Retail,Online Store,1.265
ORD-00792663,2024-12-27,Region 47,330,Grocery,Rice,18,16.46,374.79,Retail,Online Store,1.265
ORD-00395743,2024-12-28,Region 14,230,Home,Lamp,13,124.26,2043.46,SMB,Online Store,1.265
ORD-00825804,2024-12-28,Region 37,354,Books,Textbook,20,19.43,491.58,Enterprise,Retail,1.265
ORD-00407119,2024-12-28,Region 53,259,Electronics,Tablet,10,625.72,7915.36,Wholesale,Wholesale,1.265
ORD-00179652,2024-12-28,Region 02,99,Electronics,Headphones,19,682.05,16393.07,Wholesale,Online Store,1.265
ORD-00448472,2024-12-29,Region 12,569,Beauty,Lipstick,1,40.35,51.04,Retail,Wholesale,1.265
ORD-00230480,2024-12-29,Region 01,215,Beauty,Lipstick,6,40.04,303.9,Retail,Online Store,1.265
ORD-00527071,2024-12-29,Region 10,293,Apparel,Jeans,10,74.95,948.12,Enterprise,Retail,1.265
ORD-00245761,2024-12-29,Region 06,285,Apparel,Sneakers,11,74.5,1036.67,SMB,Online Store,1.265
ORD-00435306,2024-12-29,Region 55,548,Grocery,Rice,13,21.69,356.69,SMB,Retail,1.265
ORD-00774023,2024-12-30,Region 27,354,Home,Sofa,17,190.44,4095.41,Wholesale,Retail,1.265
ORD-00231484,2024-12-30,Region 42,60,Home,Sofa,3,177.95,675.32,Enterprise,Retail,1.265
ORD-00212250,2024-12-30,Region 02,42,Sports,Yoga Mat,15,109.18,2071.69,Enterprise,Online Store,1.265
ORD-00830424,2024-12-30,Region 34,334,Toys,Board Game,16,54.12,1095.39,Retail,Online Store,1.265
ORD-00656673,2024-12-30,Region 08,261,Beauty,Moisturizer,20,31.97,808.84,Retail,Wholesale,1.265
ORD-00092636,2024-12-30,Region 17,428,Toys,Action Figure,19,31.36,753.74,SMB,Retail,1.265
ORD-00398165,2024-12-30,Region 28,179,Home,Sofa,6,171.28,1300.02,Retail,Retail,1.265
ORD-00828511,2024-12-30,Region 52,49,Home,Lamp,10,172.25,2178.96,Enterprise,Retail,1.265
ORD-00798759,2024-12-30,Region 37,236,Sports,Treadmill,6,100.42,762.19,Enterprise,Online Store,1.265
ORD-00286363,2024-12-30,Region 21,182,Apparel,Jeans,4,79.94,404.5,Wholesale,Retail,1.265
ORD-00861994,2024-12-31,Region 07,400,Sports,Dumbbells,19,81.91,1968.71,SMB,Wholesale,1.265
ORD-00930855,2024-12-31,Region 16,415,Sports,Yoga Mat,9,97.17,1106.28,Retail,Wholesale,1.265
ORD-00199152,2024-12-31,Region 07,175,Grocery,Milk Powder,11,24.29,338.0,Wholesale,Wholesale,1.265
ORD-00660211,2024-12-31,Region 42,536,Apparel,T-Shirt,5,68.38,432.5,Enterprise,Wholesale,1.265
ORD-00180241,2024-12-31,Region 02,187,Home,Sofa,13,198.32,3261.37,Enterprise,Online Store,1.265
ORD-00284161,2024-12-31,Region 43,125,Books,Cookbook,13,27.42,450.92,Wholesale,Retail,1.265
ORD-00422142,2024-12-31,Region 34,366,Apparel,Jacket,17,82.94,1783.62,SMB,Online Store,1.265
